file_id,file,main_image,image_component,patient_id,license,file_size,caption,case_substring,image_type,image_subtype,radiology_region,radiology_region_granular,radiology_view,ml_labels_for_supervised_classification,gt_labels_for_semisupervised_classification,is_chest
file_0000034,PMC10009052_gr1_undivided_1_1.webp,PMC10009052_01_gr1.jpg,undivided,PMC10009052_01,CC BY,16308,Chest X-ray posterior-anterior view showing bilateral nonhomogeneous opacities in the lower zone.,['Fig. 1'],radiology,x_ray,thorax,thorax,frontal,"['thorax', 'radiology', 'frontal', 'x_ray']","['radiology', 'thorax', 'frontal', 'posteroanterior', 'x_ray', 'mass']",True
file_0000056,PMC10010120_IMCRJ-16-129-g0006_undivided_1_1.webp,PMC10010120_01_IMCRJ-16-129-g0006.jpg,undivided,PMC10010120_01,CC BY-NC,11100,A chest x-ray image showed a ground glass appearance from the mid to the bottom of the right lung.,['Figure 6'],radiology,x_ray,thorax,thorax,frontal,"['thorax', 'radiology', 'frontal', 'x_ray']","['radiology', 'thorax', 'x_ray']",True
file_0000127,PMC10012974_TJTCS-2023-31-1-128-130-F1_undivided_1_1.webp,PMC10012974_01_TJTCS-2023-31-1-128-130-F1.jpg,undivided,PMC10012974_01,CC BY-NC,13580,Chest X-ray showing new implantable central venous catheter inserted into the left subclavian vein (arrow in upper right corner) and fracture catheter fragment embolized to the middle lobe branch of the right segmentary pulmonary artery (arrow in lower left corner).,['Figures 1'],radiology,x_ray,thorax,thorax,frontal,"['thorax', 'radiology', 'frontal', 'x_ray']","['radiology', 'thorax', 'x_ray']",True
file_0000165,PMC10014623_fped-11-1144384-g001_A_1_2.webp,PMC10014623_01_fped-11-1144384-g001.jpg,a,PMC10014623_01,CC BY,2916,Chest x-ray. (A) Large soft tissue shadow in bilateral thoracic cavity.,['Figure 1A'],radiology,x_ray,thorax,thorax,frontal,"['thorax', 'radiology', 'frontal', 'x_ray']","['radiology', 'thorax', 'x_ray']",True
file_0000166,PMC10014623_fped-11-1144384-g001_B_2_2.webp,PMC10014623_01_fped-11-1144384-g001.jpg,b,PMC10014623_01,CC BY,7254,Chest x-ray. (B) Chest x-ray 2 months after thymectomy showed good expansion of both lungs and no recurrence.,['Figure 1B'],radiology,x_ray,thorax,thorax,frontal,"['thorax', 'radiology', 'frontal', 'x_ray']","['radiology', 'thorax', 'x_ray']",True
file_0000377,PMC10024806_ijem-21-1-131341-g001_A_1_2.webp,PMC10024806_01_ijem-21-1-131341-g001.jpg,a,PMC10024806_01,CC BY-NC,7442,Chest X-ray (Left side): Increased cardiac silhouette.,[],radiology,x_ray,thorax,thorax,frontal,"['thorax', 'radiology', 'frontal', 'x_ray']","['radiology', 'thorax', 'x_ray']",True
file_0000456,PMC10027923_fsurg-10-1100264-g001_B_2_5.webp,PMC10027923_01_fsurg-10-1100264-g001.jpg,b,PMC10027923_01,CC BY,2804,Chest computed tomography (CT) and fluoroscopy. (B) Dimeglumine flowed into right low lobe via mediastinal drainage tube through right inferior bronchus in chest fluoroscopy. Arrow: dimeglumine.,"['Figure 1A,B']",radiology,x_ray,lower_limb,foot,frontal,"['radiology', 'lower_limb', 'frontal', 'x_ray', 'foot']",['radiology'],True
file_0000458,PMC10027923_fsurg-10-1100264-g001_D_4_5.webp,PMC10027923_01_fsurg-10-1100264-g001.jpg,d,PMC10027923_01,CC BY,4970,"Chest computed tomography (CT) and fluoroscopy. (C,D) CT and fluoroscopy (pulled dimeglumine via mediastinal drainage tube) showed the fistula of bronchus is healed.","['Figure 1C,D']",radiology,x_ray,thorax,thorax,oblique,"['thorax', 'radiology', 'oblique', 'x_ray']",['radiology'],True
file_0000462,PMC10028085_fsurg-10-1131659-g003_A_1_2.webp,PMC10028085_01_fsurg-10-1131659-g003.jpg,a,PMC10028085_01,CC BY,3168,(A) Portable x-ray demonstrating two chest tubes inserted at the left side (arrows).,['Figure 3'],radiology,x_ray,thorax,thorax,frontal,"['thorax', 'radiology', 'frontal', 'x_ray']","['radiology', 'thorax', 'x_ray']",True
file_0000519,PMC10031013_fcvm-10-1117244-g0003_A_1_2.webp,PMC10031013_01_fcvm-10-1117244-g0003.jpg,a,PMC10031013_01,CC BY,8510,"Chest x-ray. X-ray after the first pacemaker operation on September 12, 2019.","['Figures 3A, B']",radiology,x_ray,thorax,thorax,frontal,"['thorax', 'radiology', 'frontal', 'x_ray']","['radiology', 'thorax', 'x_ray']",True
file_0000520,PMC10031013_fcvm-10-1117244-g0003_B_2_2.webp,PMC10031013_01_fcvm-10-1117244-g0003.jpg,b,PMC10031013_01,CC BY,5732,"Chest x-ray. And on February 16, 2022 This showed correct lead position on admission.","['Figures 3A, B']",radiology,x_ray,thorax,thorax,frontal,"['thorax', 'radiology', 'frontal', 'x_ray']","['radiology', 'thorax', 'x_ray']",True
file_0000530,PMC10031123_fcvm-10-1071111-g001_B_2_4.webp,PMC10031123_01_fcvm-10-1071111-g001.jpg,b,PMC10031123_01,CC BY,11096,(B-D) Cardiac catheterization revealed blood supply of upper right pulmonary artery comes from right subclavian artery and inferior right pulmonary artery was supplied by left subclavian artery.,"['Figures 1B,D']",radiology,x_ray,thorax,thorax,frontal,"['thorax', 'radiology', 'frontal', 'x_ray']",[],True
file_0000531,PMC10031123_fcvm-10-1071111-g001_C_3_4.webp,PMC10031123_01_fcvm-10-1071111-g001.jpg,c,PMC10031123_01,CC BY,6250,(B-D) Cardiac catheterization revealed blood supply of upper right pulmonary artery comes from right subclavian artery and inferior right pulmonary artery was supplied by left subclavian artery.,"['Figures 1B,D']",radiology,x_ray,thorax,thorax,frontal,"['thorax', 'radiology', 'frontal', 'x_ray']",[],True
file_0000532,PMC10031123_fcvm-10-1071111-g001_D_4_4.webp,PMC10031123_01_fcvm-10-1071111-g001.jpg,d,PMC10031123_01,CC BY,7156,(B-D) Cardiac catheterization revealed blood supply of upper right pulmonary artery comes from right subclavian artery and inferior right pulmonary artery was supplied by left subclavian artery.,"['Figures 1B,D']",radiology,x_ray,thorax,thorax,frontal,"['thorax', 'radiology', 'frontal', 'x_ray']",[],True
file_0000674,PMC10034413_gr1_undivided_1_1.webp,PMC10034413_01_gr1.jpg,undivided,PMC10034413_01,CC BY,28670,Chest X-ray revealed a large left-sided pneumothorax (red star) with no tension.,['Fig. 1'],radiology,x_ray,thorax,thorax,frontal,"['thorax', 'radiology', 'frontal', 'x_ray']","['radiology', 'thorax', 'x_ray']",True
file_0000677,PMC10034413_gr5_undivided_1_1.webp,PMC10034413_01_gr5.jpg,undivided,PMC10034413_01,CC BY,25016,Chest X-ray revealed complete resolution of pneumothorax.,['Fig. 5'],radiology,x_ray,thorax,thorax,frontal,"['thorax', 'radiology', 'frontal', 'x_ray']","['radiology', 'thorax', 'x_ray']",True
file_0000730,PMC10038010_IMCRJ-16-187-g0001_undivided_1_1.webp,PMC10038010_01_IMCRJ-16-187-g0001.jpg,undivided,PMC10038010_01,CC BY-NC,26654,The patient's chest x-ray indicated no pathology or localized consolidation.,[],radiology,x_ray,thorax,thorax,frontal,"['thorax', 'radiology', 'frontal', 'x_ray']","['radiology', 'thorax', 'x_ray']",True
file_0000735,PMC10038749_10-1055-s-0043-1764376-i220145-2_undivided_1_1.webp,PMC10038749_01_10-1055-s-0043-1764376-i220145-2.jpg,undivided,PMC10038749_01,CC BY,26806,Chest X-ray showing cardiomegaly and normal pulmonary parenchyma.,['Fig. 2'],radiology,x_ray,thorax,thorax,frontal,"['thorax', 'radiology', 'frontal', 'x_ray']","['radiology', 'thorax', 'x_ray']",True
file_0000960,PMC10050451_fsurg-10-1140212-g002_B_2_2.webp,PMC10050451_01_fsurg-10-1140212-g002.jpg,b,PMC10050451_01,CC BY,4818,Chest x-ray Preoperative electrocardiogram indicated sinus arrhythmia and chest x-ray showed normal chest image.,['Figure 2'],radiology,x_ray,thorax,thorax,frontal,"['thorax', 'radiology', 'frontal', 'x_ray']",[],True
file_0001149,PMC10062231_ICRP_A_2181175_F0001_B_undivided_1_1.webp,PMC10062231_01_ICRP_A_2181175_F0001_B.jpg,undivided,PMC10062231_01,CC BY,22050,Chest x-ray of the patient shows the presence of air located under the diaphragm.,['Figure 1'],radiology,x_ray,thorax,thorax,frontal,"['thorax', 'radiology', 'frontal', 'x_ray']","['radiology', 'thorax', 'x_ray']",True
file_0001559,PMC10070724_fcvm-10-1076118-g001_A_1_8.webp,PMC10070724_01_fcvm-10-1076118-g001.jpg,a,PMC10070724_01,CC BY,9086,(A) Chest x-ray showed significant cardiomegaly.,['Figure 1A'],radiology,x_ray,thorax,thorax,frontal,"['thorax', 'radiology', 'frontal', 'x_ray']","['radiology', 'thorax', 'x_ray']",True
file_0001627,PMC10071913_JFMPC-12-181-g002_a_1_3.webp,PMC10071913_02_JFMPC-12-181-g002.jpg,a,PMC10071913_02,CC BY-NC-SA,5156,Chest Radiograph (PA view) showing multiple cavitary nodules involving bilateral mid and lower zone.,['Figure 2a'],radiology,x_ray,thorax,thorax,frontal,"['thorax', 'radiology', 'frontal', 'x_ray']","['radiology', 'thorax', 'frontal', 'posteroanterior', 'x_ray', 'mass']",True
file_0001628,PMC10071913_JFMPC-12-181-g002_b_2_3.webp,PMC10071913_02_JFMPC-12-181-g002.jpg,b,PMC10071913_02,CC BY-NC-SA,6690,CT-Thorax showing multiple cavitary nodules with left sided pleural effusion.,['Figure 2b'],radiology,x_ray,thorax,thorax,frontal,"['thorax', 'radiology', 'frontal', 'x_ray']",[],True
file_0001630,PMC10071913_JFMPC-12-181-g003_a_1_2.webp,PMC10071913_03_JFMPC-12-181-g003.jpg,a,PMC10071913_03,CC BY-NC-SA,8552,Chest Radiograph (PA view) showing bilateral cavitary nodules with left sided effusion.,['Figure 3a'],radiology,x_ray,thorax,thorax,frontal,"['thorax', 'radiology', 'frontal', 'x_ray']","['radiology', 'thorax', 'frontal', 'posteroanterior', 'x_ray', 'mass']",True
file_0001633,PMC10071914_JFMPC-12-165-g001_b_2_2.webp,PMC10071914_01_JFMPC-12-165-g001.jpg,b,PMC10071914_01,CC BY-NC-SA,3536,Showing chest radiograph with bilateral mid and lower zone opacities.,['Figure 1b'],radiology,x_ray,thorax,thorax,frontal,"['thorax', 'radiology', 'frontal', 'x_ray']","['radiology', 'thorax', 'x_ray', 'mass']",True
file_0001746,PMC10073726_fcvm-10-1121037-g001_A_1_2.webp,PMC10073726_01_fcvm-10-1121037-g001.jpg,a,PMC10073726_01,CC BY,14976,"Chest radiography . The heart shadow was significantly enlarged ; the left and right pulmonary veins were not connected to the left atrium but merged into a vertical vein and drained upward into the left brachiocephalic vein, innominate vein and then the superior vena cava.","['Figure S1A', 'Figure 1A']",radiology,x_ray,thorax,thorax,frontal,"['thorax', 'radiology', 'frontal', 'x_ray']","['radiology', 'thorax', 'x_ray']",True
file_0001861,PMC10077807_SJA-17-101-g001_undivided_1_1.webp,PMC10077807_01_SJA-17-101-g001.jpg,undivided,PMC10077807_01,CC BY-NC-SA,15970,Chest X-ray showing Scimitar sign.,['Figure 1'],radiology,x_ray,thorax,thorax,frontal,"['thorax', 'radiology', 'frontal', 'x_ray']","['radiology', 'thorax', 'x_ray']",True
file_0001862,PMC10077973_mdcvj-19-1-1191-g1_undivided_1_1.webp,PMC10077973_01_mdcvj-19-1-1191-g1.jpg,undivided,PMC10077973_01,CC BY,33592,Chest radiograph at emergency department upon patient arrival. The radiograph showed clear lung fields.,['Figure 1'],radiology,x_ray,thorax,thorax,frontal,"['thorax', 'radiology', 'frontal', 'x_ray']","['radiology', 'thorax', 'x_ray']",True
file_0002019,PMC10088559_fonc-13-1109643-g007_A_1_2.webp,PMC10088559_01_fonc-13-1109643-g007.jpg,a,PMC10088559_01,CC BY,19402,"3 months follow-up after the surgery, x-ray display of thoracic spine showing transpedicular screw and a titanium mesh were used in the reconstruction of the stability of the spine in patient. Orthotopic position.",['Figure 7'],radiology,x_ray,thorax,thorax,frontal,"['thorax', 'radiology', 'frontal', 'x_ray']","['radiology', 'thorax', 'x_ray']",True
file_0002020,PMC10088559_fonc-13-1109643-g007_B_2_2.webp,PMC10088559_01_fonc-13-1109643-g007.jpg,b,PMC10088559_01,CC BY,16240,"3 months follow-up after the surgery, x-ray display of thoracic spine showing transpedicular screw and a titanium mesh were used in the reconstruction of the stability of the spine in patient. . Side position).",['Figure 7'],radiology,x_ray,thorax,thorax,sagittal,"['thorax', 'radiology', 'sagittal', 'x_ray']","['radiology', 'thorax', 'x_ray']",True
file_0002387,PMC10117017_AJPS-20-67-g001_undivided_1_1.webp,PMC10117017_01_AJPS-20-67-g001.jpg,undivided,PMC10117017_01,CC BY-NC-SA,11372,Chest and abdominal X-ray showed marked gaseous distension of the stomach (S) and proximal duodenum. Bowel gas is seen beyond the proximal duodenum.,['Figure 1'],radiology,x_ray,abdomen,abdomen,frontal,"['abdomen', 'radiology', 'frontal', 'x_ray']","['radiology', 'x_ray']",True
file_0002395,PMC10117026_AJPS-20-77-g002_undivided_1_1.webp,PMC10117026_01_AJPS-20-77-g002.jpg,undivided,PMC10117026_01,CC BY-NC-SA,12316,Chest radiography of the patient.,['Figure 2'],radiology,x_ray,thorax,thorax,frontal,"['thorax', 'radiology', 'frontal', 'x_ray']","['radiology', 'thorax', 'x_ray']",True
file_0002431,PMC10118214_JGID-15-35-g001_undivided_1_1.webp,PMC10118214_01_JGID-15-35-g001.jpg,undivided,PMC10118214_01,CC BY-NC-SA,35450,"Chest X-ray image showing a cavity containing crumpled membranous structure floating at air-fluid interface. Furthermore, residual pneumothorax is present on the left side with intercostal drainage tube in situ.",['Figure 1'],radiology,x_ray,thorax,thorax,frontal,"['thorax', 'radiology', 'frontal', 'x_ray']","['radiology', 'thorax', 'x_ray']",True
file_0002586,PMC10130855_gr1_undivided_1_1.webp,PMC10130855_01_gr1.jpg,undivided,PMC10130855_01,CC BY,15212,Chest X-ray portable revealed bilateral widespread patchy areas of airspace Opacification (Red arrows.,['Fig. 1'],radiology,x_ray,thorax,thorax,frontal,"['thorax', 'radiology', 'frontal', 'x_ray']","['radiology', 'thorax', 'x_ray', 'mass']",True
file_0002691,PMC10144409_HV-24-54-g002_undivided_1_1.webp,PMC10144409_01_HV-24-54-g002.jpg,undivided,PMC10144409_01,CC BY-NC-SA,25524,Chest X-ray showing a mild increase in cardiothoracic ratio with normal pulmonary vasculature markings.,['Figure 2'],radiology,x_ray,thorax,thorax,frontal,"['thorax', 'radiology', 'frontal', 'x_ray']","['radiology', 'thorax', 'x_ray']",True
file_0002905,PMC10152958_JOCR-13-1-g001_undivided_1_1.webp,PMC10152958_01_JOCR-13-1-g001.jpg,undivided,PMC10152958_01,CC BY-NC-SA,15928,"Chest X-ray PA view showing a well-defined oval shaped lesion with coarse chondroid calcification and non-visualization of posterior aspect of the right seventh, eighth, and ninth vertebra with widening of the right seventh and eighth intercoastal spaces.",['Fig. 1'],radiology,x_ray,thorax,thorax,frontal,"['thorax', 'radiology', 'frontal', 'x_ray']","['radiology', 'thorax', 'frontal', 'posteroanterior', 'x_ray', 'mass']",True
file_0002915,PMC10152961_JOCR-13-92-g001_a_1_4.webp,PMC10152961_01_JOCR-13-92-g001.jpg,a,PMC10152961_01,CC BY-NC-SA,9886,Chest X-ray posterior anterior view showing nodular sclerotic lesion near 6th rib right side.,['Fig. 1a'],radiology,x_ray,thorax,thorax,frontal,"['thorax', 'radiology', 'frontal', 'x_ray']","['radiology', 'thorax', 'frontal', 'anteroposterior', 'x_ray', 'mass']",True
file_0003024,PMC10155736_pocusj-08-15894-g001_undivided_1_1.webp,PMC10155736_01_pocusj-08-15894-g001.jpg,undivided,PMC10155736_01,CC BY,38460,Anteroposterior view chest X-ray showing a mediastinal lesion (*).,['Figure 1'],radiology,x_ray,thorax,thorax,frontal,"['thorax', 'radiology', 'frontal', 'x_ray']","['radiology', 'thorax', 'frontal', 'anteroposterior', 'x_ray', 'mass']",True
file_0003296,PMC10159319_SNI-14-111-g005_undivided_1_1.webp,PMC10159319_01_SNI-14-111-g005.jpg,undivided,PMC10159319_01,CC BY-NC-SA,16928,Plain chest X-ray showed permanent pacemaker.,['Figure 5'],radiology,x_ray,thorax,thorax,frontal,"['thorax', 'radiology', 'frontal', 'x_ray']","['radiology', 'thorax', 'x_ray']",True
file_0003516,PMC10166211_jchimp-13-02-037f1_undivided_1_1.webp,PMC10166211_01_jchimp-13-02-037f1.jpg,undivided,PMC10166211_01,CC BY-NC,13046,Chest X-ray showed possible right small pleural effusion.,['Fig. 1'],radiology,x_ray,thorax,thorax,frontal,"['thorax', 'radiology', 'frontal', 'x_ray']","['radiology', 'thorax', 'x_ray']",True
file_0003518,PMC10166211_jchimp-13-02-037f3_undivided_1_1.webp,PMC10166211_01_jchimp-13-02-037f3.jpg,undivided,PMC10166211_01,CC BY-NC,9878,CXR showed large right sided pleural effusion.,['Fig. 3'],radiology,x_ray,thorax,thorax,frontal,"['thorax', 'radiology', 'frontal', 'x_ray']","['radiology', 'thorax', 'x_ray']",True
file_0003533,PMC10166223_jchimp-13-02-076f1_A_1_1.webp,PMC10166223_01_jchimp-13-02-076f1.jpg,a,PMC10166223_01,CC BY-NC,19126,"Chest X-ray (A-P portable film), significant for bilateral lower lobe patchy infiltrates.",['Fig. 1'],radiology,x_ray,thorax,thorax,frontal,"['thorax', 'radiology', 'frontal', 'x_ray']","['radiology', 'thorax', 'x_ray']",True
file_0003534,PMC10166223_jchimp-13-02-076f2_undivided_1_1.webp,PMC10166223_04_jchimp-13-02-076f2.jpg,undivided,PMC10166223_04,CC BY-NC,16384,"CXR with A-P portable film, significant for bilateral infiltrates.",['Fig. 2'],radiology,x_ray,thorax,thorax,frontal,"['thorax', 'radiology', 'frontal', 'x_ray']","['radiology', 'thorax', 'x_ray']",True
file_0003535,PMC10166223_jchimp-13-02-076f3_undivided_1_1.webp,PMC10166223_05_jchimp-13-02-076f3.jpg,undivided,PMC10166223_05,CC BY-NC,15498,"CXR portable film, significant for a right lower lobe infiltrate.",['Fig. 3'],radiology,x_ray,thorax,thorax,frontal,"['thorax', 'radiology', 'frontal', 'x_ray']","['radiology', 'thorax', 'x_ray']",True
file_0003592,PMC10167818_JETS-16-22-g002_undivided_1_1.webp,PMC10167818_01_JETS-16-22-g002.jpg,undivided,PMC10167818_01,CC BY-NC-SA,16052,Chest roentgen on arrival at 90 min from the first call. Chest roentgen showed bilateral butterfly shadow in the lung fields.,['Figure 2'],radiology,x_ray,thorax,thorax,frontal,"['thorax', 'radiology', 'frontal', 'x_ray']",[],True
file_0003597,PMC10167838_fped-11-1152731-g003_undivided_1_1.webp,PMC10167838_08_fped-11-1152731-g003.jpg,undivided,PMC10167838_08,CC BY,47216,"Foot radiographs from Patients 1, 3, 4, 5, 7, and 8, and spine radiographs from Patients 1, 4, 6, and 7 (foot radiographs). Patient 1: Deformed heads of bilateral first metatarsals and proximal phalanges with hallux valgus. Fused proximal and distal phalanges of both big toes. Patient 3: Deformed heads of bilateral first metatarsals and phalanges of bilateral big toes. They are hypoplastic and short with fusion of proximal and distal phalanges of both big toes. Patient 4: Tri-phalangeal big toes on both sides with fusion of the proximal and middle phalanges. Subtle hallux valgus. Patient 5: Subtle hallux valgus. Patient 7: Dysplastic heads of bilateral first metatarsals and proximal phalanges of both big toes. Right big toe appears short. Patient 8: Bilateral heads of first metatarsals appear dysplastic with short hypoplastic bilateral big toes with single phalanx. Bilateral hallux valgus (spine radiographs) Patient 1: Ossifications of the paravertebral soft tissue demonstrated on the lateral view with a kyphotic spinal curvature. Patient 4: Extreme kyphoscoliosis of the whole spine with segments of cervical spine fusion and impending chin-on-chest deformity. Patient 6: Relative preservation of normal thoracic spinal alignment with no major heterotopic ossifications. This spinal radiograph is taken at similar age as that of Patient 1. Patient 7: Paraspinal soft tissue ossifications extending from upper back down to upper sacral level with relatively preserved vertical spinal alignment. This spinal radiograph is taken at similar age as that of Patient 4.",[],radiology,x_ray,thorax,thorax,sagittal,"['thorax', 'radiology', 'sagittal', 'x_ray']","['radiology', 'sagittal', 'x_ray']",True
file_0003644,PMC10170463_vrf-14-237-g001_B_2_3.webp,PMC10170463_01_vrf-14-237-g001.jpg,b,PMC10170463_01,CC BY-NC-SA,2846,"Radiographic findings in case 1. Dorsoventral views at the first presentation showing alveolar patterns in all lobes (yellow arrowheads). The diffuse alveolar pattern obscured the cardiac silhouette, however, it appeared large compared to the thorax (red arrows).",['Fig. 1B'],radiology,x_ray,thorax,thorax,frontal,"['thorax', 'radiology', 'frontal', 'x_ray']",[],True
file_0003645,PMC10170463_vrf-14-237-g001_C_3_3.webp,PMC10170463_01_vrf-14-237-g001.jpg,c,PMC10170463_01,CC BY-NC-SA,2534,Radiographic findings in case 1. C) The alveolar pattern was improved on the following day after management with furosemide. The cardiothoracic ratio was 59.10% and the heart size was normal.,['Fig. 1C'],radiology,x_ray,thorax,thorax,frontal,"['thorax', 'radiology', 'frontal', 'x_ray']",[],True
file_0003648,PMC10170463_vrf-14-237-g003_A_1_3.webp,PMC10170463_03_vrf-14-237-g003.jpg,a,PMC10170463_03,CC BY-NC-SA,2378,Radiographic findings in case 2. A) A mixed interstitial-alveolar pattern in the right lung field on the dorsoventral view (yellow arrowhead) was found.,[],radiology,x_ray,thorax,thorax,frontal,"['thorax', 'radiology', 'frontal', 'x_ray']",[],True
file_0003713,PMC10173138_AIT-52-40109-g002_A_1_3.webp,PMC10173138_01_AIT-52-40109-g002.jpg,a,PMC10173138_01,CC BY-NC-SA,2826,Chest X-ray. A) Chest X-ray at admission to hospital.,['Figure 2'],radiology,x_ray,thorax,thorax,frontal,"['thorax', 'radiology', 'frontal', 'x_ray']","['radiology', 'thorax', 'x_ray']",True
file_0003714,PMC10173138_AIT-52-40109-g002_B_2_3.webp,PMC10173138_01_AIT-52-40109-g002.jpg,b,PMC10173138_01,CC BY-NC-SA,3870,"Chest X-ray. B) Chest X-ray after the treatment, at the end of hospitalization.",['Figure 2'],radiology,x_ray,thorax,thorax,frontal,"['thorax', 'radiology', 'frontal', 'x_ray']","['radiology', 'thorax', 'x_ray']",True
file_0003715,PMC10173138_AIT-52-40109-g002_C_3_3.webp,PMC10173138_01_AIT-52-40109-g002.jpg,c,PMC10173138_01,CC BY-NC-SA,6244,Chest X-ray. C) Image of patient in treatment with high-flow nasal cannula.,['Figure 2'],radiology,x_ray,thorax,thorax,frontal,"['thorax', 'radiology', 'frontal', 'x_ray']","['radiology', 'thorax', 'x_ray']",True
file_0003721,PMC10173306_fcvm-10-1103918-g001_A_1_6.webp,PMC10173306_01_fcvm-10-1103918-g001.jpg,a,PMC10173306_01,CC BY,8390,Chest computed tomography demonstrated cardiac mass of Case1. Chest x-ray.,['Figure 1A'],radiology,x_ray,thorax,thorax,frontal,"['thorax', 'radiology', 'frontal', 'x_ray']",['radiology'],True
file_0003736,PMC10173306_fcvm-10-1103918-g003_A_1_8.webp,PMC10173306_02_fcvm-10-1103918-g003.jpg,a,PMC10173306_02,CC BY,7250,"Comparison of lung metastases and cardiac mass before and after chemotherapy of Case2. (A,B) Frontal and lateral Chest x-ray demonstrated extensive pulmonary lesions.","['Figures 3A,B']",radiology,x_ray,thorax,thorax,frontal,"['thorax', 'radiology', 'frontal', 'x_ray']","['radiology', 'thorax', 'malignant', 'x_ray', 'mass']",True
file_0003737,PMC10173306_fcvm-10-1103918-g003_B_2_8.webp,PMC10173306_02_fcvm-10-1103918-g003.jpg,b,PMC10173306_02,CC BY,7030,"Comparison of lung metastases and cardiac mass before and after chemotherapy of Case2. (A,B) Frontal and lateral Chest x-ray demonstrated extensive pulmonary lesions.","['Figures 3A,B']",radiology,x_ray,thorax,thorax,sagittal,"['thorax', 'radiology', 'sagittal', 'x_ray']","['radiology', 'thorax', 'malignant', 'x_ray', 'mass']",True
file_0003820,PMC10174454_fmed-10-1148555-g002_A_1_5.webp,PMC10174454_01_fmed-10-1148555-g002.jpg,a,PMC10174454_01,CC BY,3638,Dynamics of chest X-ray after adding a continuous infusion of meropenem: CXR on the 1st day.,['Figure 2A'],radiology,x_ray,thorax,thorax,frontal,"['thorax', 'radiology', 'frontal', 'x_ray']","['radiology', 'thorax', 'x_ray']",True
file_0003821,PMC10174454_fmed-10-1148555-g002_B_2_5.webp,PMC10174454_01_fmed-10-1148555-g002.jpg,b,PMC10174454_01,CC BY,2334,CXR on the 2nd day.,['Figure 2B'],radiology,x_ray,thorax,thorax,frontal,"['thorax', 'radiology', 'frontal', 'x_ray']","['radiology', 'thorax', 'x_ray']",True
file_0003822,PMC10174454_fmed-10-1148555-g002_C_3_5.webp,PMC10174454_01_fmed-10-1148555-g002.jpg,c,PMC10174454_01,CC BY,2068,CXR on the 3rd day.,['Figure 2C'],radiology,x_ray,thorax,thorax,frontal,"['thorax', 'radiology', 'frontal', 'x_ray']","['radiology', 'thorax', 'x_ray']",True
file_0003823,PMC10174454_fmed-10-1148555-g002_D_4_5.webp,PMC10174454_01_fmed-10-1148555-g002.jpg,d,PMC10174454_01,CC BY,3148,CXR on the 5th day.,['Figure 2D'],radiology,x_ray,thorax,thorax,frontal,"['thorax', 'radiology', 'frontal', 'x_ray']","['radiology', 'thorax', 'x_ray']",True
file_0003824,PMC10174454_fmed-10-1148555-g002_E_5_5.webp,PMC10174454_01_fmed-10-1148555-g002.jpg,e,PMC10174454_01,CC BY,3474,CXR after 6 days of continuous infusion of meropenem (11th day of hospitalization).,['Figure 2E'],radiology,x_ray,thorax,thorax,frontal,"['thorax', 'radiology', 'frontal', 'x_ray']","['radiology', 'thorax', 'x_ray']",True
file_0003953,PMC10183174_PHMT-14-141-g0001_A_1_2.webp,PMC10183174_01_PHMT-14-141-g0001.jpg,a,PMC10183174_01,CC BY-NC,4952,(A) Nonobstructive bowel gas pattern with minimal to absent air in the bowel loops. Haziness in left lung base due to left effusion with possible left basilar atelectasis.,[],radiology,x_ray,abdomen,abdomen,frontal,"['abdomen', 'radiology', 'frontal', 'x_ray']",[],True
file_0003954,PMC10183174_PHMT-14-141-g0001_B_2_2.webp,PMC10183174_01_PHMT-14-141-g0001.jpg,b,PMC10183174_01,CC BY-NC,7510,(B) Diffuse opacification of the left hemithorax with a large curvilinear lucency within the left hemithorax which were concerning for possible left diaphragmatic hernia.,[],radiology,x_ray,thorax,thorax,frontal,"['thorax', 'radiology', 'frontal', 'x_ray']",[],True
file_0004001,PMC10184060_43162_2023_221_Fig1_HTML_undivided_1_1.webp,PMC10184060_01_43162_2023_221_Fig1_HTML.jpg,undivided,PMC10184060_01,CC BY,6438,Chest X-ray showing bilateral patchy infiltration upon admission.,['Fig. 1'],radiology,x_ray,thorax,thorax,frontal,"['thorax', 'radiology', 'frontal', 'x_ray']","['radiology', 'thorax', 'x_ray']",True
file_0004003,PMC10184060_43162_2023_221_Fig3_HTML_undivided_1_1.webp,PMC10184060_01_43162_2023_221_Fig3_HTML.jpg,undivided,PMC10184060_01,CC BY,9350,Chest X-ray showing worsening of the previously noted bilateral patchy infiltration upon recurrent admission.,['Fig. 3'],radiology,x_ray,thorax,thorax,frontal,"['thorax', 'radiology', 'frontal', 'x_ray']","['radiology', 'thorax', 'x_ray']",True
file_0004520,PMC10203611_fendo-14-1164386-g001_F_6_8.webp,PMC10203611_03_fendo-14-1164386-g001.jpg,f,PMC10203611_03,CC BY,3886,(F) X-ray of the chest.,[],radiology,x_ray,thorax,thorax,frontal,"['thorax', 'radiology', 'frontal', 'x_ray']","['radiology', 'thorax', 'x_ray']",True
file_0004531,PMC10203767_gr4_undivided_1_1.webp,PMC10203767_01_gr4.jpg,undivided,PMC10203767_01,CC BY,17122,Chest radiography one year after the operation showed full reexpansion of the left lung.,['Fig. 4'],radiology,x_ray,thorax,thorax,frontal,"['thorax', 'radiology', 'frontal', 'x_ray']","['radiology', 'thorax', 'x_ray']",True
file_0004816,PMC10219828_PAMJ-44-104-g001_undivided_1_1.webp,PMC10219828_01_PAMJ-44-104-g001.jpg,undivided,PMC10219828_01,CC BY,20610,"cardiogenic pulmonary edema showing perihilar mottled and fluffy opacities, cardiomegaly, and splaying of the carina.",['Figure 1'],radiology,x_ray,thorax,thorax,frontal,"['thorax', 'radiology', 'frontal', 'x_ray']",[],True
file_0005199,PMC10237245_jbsr-107-1-2979-g1_a_1_2.webp,PMC10237245_01_jbsr-107-1-2979-g1.jpg,a,PMC10237245_01,CC BY,8552,Chest radiographs PA.,['Figure 1'],radiology,x_ray,thorax,thorax,frontal,"['thorax', 'radiology', 'frontal', 'x_ray']","['radiology', 'thorax', 'x_ray']",True
file_0005286,PMC10242137_fped-11-1144230-g001_A_1_3.webp,PMC10242137_01_fped-11-1144230-g001.jpg,a,PMC10242137_01,CC BY,4884,Chest x-ray at day of birth.,['Figure 1A'],radiology,x_ray,thorax,thorax,frontal,"['thorax', 'radiology', 'frontal', 'x_ray']","['radiology', 'thorax', 'x_ray']",True
file_0005287,PMC10242137_fped-11-1144230-g001_B_2_3.webp,PMC10242137_01_fped-11-1144230-g001.jpg,b,PMC10242137_01,CC BY,5474,Showing mild diffuse granular opacification with progression of lung disease on day of life 5.,['Figure 1B'],radiology,x_ray,thorax,thorax,frontal,"['thorax', 'radiology', 'frontal', 'x_ray']",[],True
file_0005323,PMC10243652_APC-16-71-g001_a_1_4.webp,PMC10243652_02_APC-16-71-g001.jpg,a,PMC10243652_02,CC BY-NC-SA,9642,(a) Chest X-ray suggestive of pericardial effusion in case 1.,[],radiology,x_ray,thorax,thorax,frontal,"['thorax', 'radiology', 'frontal', 'x_ray']","['radiology', 'thorax', 'x_ray']",True
file_0005326,PMC10243652_APC-16-71-g001_d_4_4.webp,PMC10243652_02_APC-16-71-g001.jpg,d,PMC10243652_02,CC BY-NC-SA,8162,(d) Normal chest X-ray for case 2 in follow-up. HRCT: High resolution computerised tomography.,['Figure 1d'],radiology,x_ray,thorax,thorax,frontal,"['thorax', 'radiology', 'frontal', 'x_ray']",['radiology'],True
file_0005332,PMC10243654_APC-16-65-g002_b_2_2.webp,PMC10243654_01_APC-16-65-g002.jpg,b,PMC10243654_01,CC BY-NC-SA,6604,"2 injectors. Shows an anomalous origin of the RPA from the posteromedial aspect of the ascending aorta close to the MPA. MPA: Main pulmonary artery, RPA: Right pulmonary artery.",[],radiology,x_ray,thorax,thorax,oblique,"['thorax', 'radiology', 'oblique', 'x_ray']",[],True
file_0005333,PMC10243654_APC-16-65-g004_undivided_1_1.webp,PMC10243654_01_APC-16-65-g004.jpg,undivided,PMC10243654_01,CC BY-NC-SA,14808,"PA angiogram in anteroposterior projection shows unobstructed flow in the RPA [as seen in Video 4]. PA: Pulmonary artery, RPA: Right pulmonary artery.",['Figure 4'],radiology,x_ray,thorax,thorax,frontal,"['thorax', 'radiology', 'frontal', 'x_ray']","['radiology', 'frontal', 'anteroposterior', 'angiography']",True
file_0005334,PMC10243658_APC-16-56-g001_undivided_1_1.webp,PMC10243658_01_APC-16-56-g001.jpg,undivided,PMC10243658_01,CC BY-NC-SA,16616,Chest X-ray on day 1 showing cardiomegaly (cardiothoracic ratio of 0.8).,"['Figure 1', 'Figures 1']",radiology,x_ray,thorax,thorax,frontal,"['thorax', 'radiology', 'frontal', 'x_ray']","['radiology', 'thorax', 'x_ray']",True
file_0005337,PMC10243658_APC-16-56-g004_undivided_1_1.webp,PMC10243658_01_APC-16-56-g004.jpg,undivided,PMC10243658_01,CC BY-NC-SA,5652,Chest X-ray on day 7 of life showing massive cardiomegaly and pulmonary edema.,[],radiology,x_ray,thorax,thorax,frontal,"['thorax', 'radiology', 'frontal', 'x_ray']","['radiology', 'thorax', 'x_ray']",True
file_0005341,PMC10243662_APC-16-52-g001_undivided_1_1.webp,PMC10243662_01_APC-16-52-g001.jpg,undivided,PMC10243662_01,CC BY-NC-SA,21912,"The large atrial septal defect measured 43 mm using the stop-flow technique on a sizing balloon interrogation even though no waist was noted. Creation of waist between LA and RA was avoided to prevent a tear of the small posteroinferior margin. A parallel catheter placed in the LUPV showed elevation of LA pressure from 7 mmHg to 30 mmHg. LA: Left atrium, RA: Right atrium, LUPV: Left upper pulmonary vein.",['Figure 1'],radiology,x_ray,thorax,thorax,oblique,"['thorax', 'radiology', 'oblique', 'x_ray']",[],True
file_0005352,PMC10243665_APC-16-74-g001_undivided_1_1.webp,PMC10243665_03_APC-16-74-g001.jpg,undivided,PMC10243665_03,CC BY-NC-SA,16394,(Case 1): RVOT angiogram with end hole guide catheter with guidewire in situ. Severe subpulmonary stenosis is seen. Pulmonary valve is opening normally. RVOT: Right ventricular outflow tract.,['Figure 2'],radiology,x_ray,thorax,thorax,oblique,"['thorax', 'radiology', 'oblique', 'x_ray']","['radiology', 'angiography']",True
file_0005375,PMC10244565_fcvm-10-1185089-g001_A_1_6.webp,PMC10244565_01_fcvm-10-1185089-g001.jpg,a,PMC10244565_01,CC BY,10884,Multimodal imaging. (A) Anteroposterior chest x-ray.,['Figure 1A'],radiology,x_ray,thorax,thorax,frontal,"['thorax', 'radiology', 'frontal', 'x_ray']","['radiology', 'thorax', 'x_ray']",True
file_0005474,PMC10246343_JCIS-13-14-g001_undivided_1_1.webp,PMC10246343_01_JCIS-13-14-g001.jpg,undivided,PMC10246343_01,CC BY-NC-SA,10508,"A 72-year-old man with history of gastric adenocarcinoma, peritoneal metastases and pulmonary embolism had temporary inferior vena cava filter inserted before radical gastrectomy with difficult filter retrieval which was finally successfully retrieved with loop-snare technique after dissecting the embedded filter hook with the 16Fr sheath, with two loop-wires (arrowheads) and finally snared with 4Fr Goose Neck snare (arrow), as shown in this fluoroscopic image.",['Figure 1'],radiology,x_ray,abdomen,abdomen,frontal,"['abdomen', 'radiology', 'frontal', 'x_ray']","['radiology', 'abdomen', 'malignant', 'x_ray', 'mass']",True
file_0005665,PMC10250602_fonc-13-1164153-g001_A_1_3.webp,PMC10250602_01_fonc-13-1164153-g001.jpg,a,PMC10250602_01,CC BY,3332,A chest X-ray showed an enlarged heart shadow and possible left pleural enveloping effusion (A).,['Figure 1A'],radiology,x_ray,thorax,thorax,frontal,"['thorax', 'radiology', 'frontal', 'x_ray']","['radiology', 'thorax', 'x_ray']",True
file_0005890,PMC10270697_IMCRJ-16-371-g0001_A_1_4.webp,PMC10270697_01_IMCRJ-16-371-g0001.jpg,a,PMC10270697_01,CC BY-NC,7990,Scout film showing a well-defined homogenous opacity in left hilum with hilar overlay sign and indistinct descending aorta localizing the lesion in posterior mediastinum. Increased density of the left side chest wall with asymmetry is noted (white star) (A).,['Figures 1'],radiology,x_ray,thorax,thorax,frontal,"['thorax', 'radiology', 'frontal', 'x_ray']",[],True
file_0005901,PMC10272489_gr2_a_1_4.webp,PMC10272489_01_gr2.jpg,a,PMC10272489_01,CC BY,5352,A. CXR at the time of initial presentation showing massive right sided pleural effusion in the upper and middle right lung zones.,['Fig. 2a'],radiology,x_ray,thorax,thorax,frontal,"['thorax', 'radiology', 'frontal', 'x_ray']","['radiology', 'thorax', 'x_ray']",True
file_0005902,PMC10272489_gr2_b_2_4.webp,PMC10272489_01_gr2.jpg,b,PMC10272489_01,CC BY,6648,B. CXR done after thoracoscope.,[],radiology,x_ray,thorax,thorax,frontal,"['thorax', 'radiology', 'frontal', 'x_ray']","['radiology', 'thorax', 'x_ray']",True
file_0005903,PMC10272489_gr2_c_3_4.webp,PMC10272489_01_gr2.jpg,c,PMC10272489_01,CC BY,5930,C. The last CXR before discharge.,[],radiology,x_ray,thorax,thorax,frontal,"['thorax', 'radiology', 'frontal', 'x_ray']","['radiology', 'thorax', 'x_ray']",True
file_0005904,PMC10272489_gr2_d_4_4.webp,PMC10272489_01_gr2.jpg,d,PMC10272489_01,CC BY,6124,D. CXR done after one month of discharge by the time the patient had menstruation demonstrating re-accumulation of pleural effusion.,['Fig. 2d'],radiology,x_ray,thorax,thorax,frontal,"['thorax', 'radiology', 'frontal', 'x_ray']","['radiology', 'thorax', 'x_ray']",True
file_0006064,PMC10282642_fped-11-1185519-g002_undivided_1_1.webp,PMC10282642_01_fped-11-1185519-g002.jpg,undivided,PMC10282642_01,CC BY,16408,Post-bronchoscopy (increased transparency in the left lung).,['Figure 2'],radiology,x_ray,thorax,thorax,frontal,"['thorax', 'radiology', 'frontal', 'x_ray']",[],True
file_0006065,PMC10282642_fped-11-1185519-g003_undivided_1_1.webp,PMC10282642_01_fped-11-1185519-g003.jpg,undivided,PMC10282642_01,CC BY,14726,Reviewed chest x-ray before discharge (the lesion in the left lung has been mostly absorbed).,['Figure 3'],radiology,x_ray,thorax,thorax,frontal,"['thorax', 'radiology', 'frontal', 'x_ray']","['radiology', 'thorax', 'x_ray', 'mass']",True
file_0006201,PMC10289095_IDR-16-3893-g0004_A_1_2.webp,PMC10289095_01_IDR-16-3893-g0004.jpg,a,PMC10289095_01,CC BY-NC,8016,"Chest X-ray scans on the abnormality in lungs during the VV-ECMO support hospitalization. (A) Chest X-ray on the first day of VV-ECMO showed exudation, consolidation, and bilateral pleural effusion in both lungs, especially in the left lung.",['Figure 4'],radiology,x_ray,thorax,thorax,frontal,"['thorax', 'radiology', 'frontal', 'x_ray']","['radiology', 'thorax', 'x_ray']",True
file_0006202,PMC10289095_IDR-16-3893-g0004_B_2_2.webp,PMC10289095_01_IDR-16-3893-g0004.jpg,b,PMC10289095_01,CC BY-NC,7434,"Chest X-ray scans on the abnormality in lungs during the VV-ECMO support hospitalization. (B) Chest X-ray on the third day of VV-ECMO showed the exudation, consolidation, and bilateral pleural effusion were relieving than before.",['Figure 4'],radiology,x_ray,thorax,thorax,frontal,"['thorax', 'radiology', 'frontal', 'x_ray']","['radiology', 'thorax', 'x_ray']",True
file_0006529,PMC10311010_fped-11-1203103-g002_A_1_4.webp,PMC10311010_01_fped-11-1203103-g002.jpg,a,PMC10311010_01,CC BY,6970,Chest x-ray on the day of admission showing atelectasis of the left lung (A).,['Figure 2A'],radiology,x_ray,thorax,thorax,frontal,"['thorax', 'radiology', 'frontal', 'x_ray']","['radiology', 'thorax', 'x_ray']",True
file_0006551,PMC10311228_PAMJ-44-150-g001_undivided_1_1.webp,PMC10311228_01_PAMJ-44-150-g001.jpg,undivided,PMC10311228_01,CC BY,31178,chest X-ray showing a right pleural effusion (green arrow).,['Figure 1'],radiology,x_ray,thorax,thorax,frontal,"['thorax', 'radiology', 'frontal', 'x_ray']","['radiology', 'thorax', 'x_ray']",True
file_0006806,PMC10316221_JCIS-13-16-g001_undivided_1_1.webp,PMC10316221_01_JCIS-13-16-g001.jpg,undivided,PMC10316221_01,CC BY-NC-SA,12844,A 42-year-old asymptomatic female presenting for pre-operative clearance before a Roux-en-Y gastric bypass. The posteroanterior chest radiograph shows multiple bilateral pulmonary nodules.,['Figure 1'],radiology,x_ray,thorax,thorax,frontal,"['thorax', 'radiology', 'frontal', 'x_ray']","['radiology', 'frontal', 'posteroanterior', 'x_ray', 'mass']",True
file_0006974,PMC10324405_fcvm-10-1164076-g002_undivided_1_1.webp,PMC10324405_01_fcvm-10-1164076-g002.jpg,undivided,PMC10324405_01,CC BY,36830,Computed tomography angiography of the lung approximately 3 h after hemodynamic fluctuations occurred: multiple embolisms in the two main pulmonary arteries and bilateral pulmonary artery branches. The arrows denote a very large embolus.,['Figure 2'],radiology,x_ray,thorax,thorax,frontal,"['thorax', 'radiology', 'frontal', 'x_ray']",[],True
file_0007102,PMC10331128_fped-11-1149515-g001_undivided_1_1.webp,PMC10331128_01_fped-11-1149515-g001.jpg,undivided,PMC10331128_01,CC BY,10750,Preoperative chest and abdominal radiograph. A preoperative chest radiograph shows bowel gas in the left thoracic cavity.,['Figure 1'],radiology,x_ray,abdomen,abdomen,frontal,"['abdomen', 'radiology', 'frontal', 'x_ray']","['radiology', 'x_ray']",True
file_0007185,PMC10333569_fped-11-1213782-g002_B_2_2.webp,PMC10333569_01_fped-11-1213782-g002.jpg,b,PMC10333569_01,CC BY,4770,Imaging examination on admission. (B) x-ray of the chest and abdomen.,"['Figures 2A,B']",radiology,x_ray,abdomen,abdomen,frontal,"['abdomen', 'radiology', 'frontal', 'x_ray']","['radiology', 'x_ray']",True
file_0007197,PMC10333579_fped-11-1217667-g002_B_2_3.webp,PMC10333579_01_fped-11-1217667-g002.jpg,b,PMC10333579_01,CC BY,5768,Prenatal ultrasound screening and postnatal chest radiography. (B) The chest x-ray displayed a massive left pleural effusion with dislodgement of the thoracoamniotic shunt.,['Figure 2B'],radiology,x_ray,thorax,thorax,frontal,"['thorax', 'radiology', 'frontal', 'x_ray']","['radiology', 'thorax', 'x_ray']",True
file_0007198,PMC10333579_fped-11-1217667-g002_C_3_3.webp,PMC10333579_01_fped-11-1217667-g002.jpg,c,PMC10333579_01,CC BY,4712,Prenatal ultrasound screening and postnatal chest radiography. (C) The chest x-ray showed that the dislodged shunt had migrated to the left upper thorax.,['Figure 2C'],radiology,x_ray,thorax,thorax,frontal,"['thorax', 'radiology', 'frontal', 'x_ray']","['radiology', 'thorax', 'x_ray']",True
file_0007319,PMC10349636_PAMJ-44-173-g001_undivided_1_1.webp,PMC10349636_01_PAMJ-44-173-g001.jpg,undivided,PMC10349636_01,CC BY,8196,the initial chest X-ray showing an effusion and pneumonia on the right with a mediastinal widening and a displacement of the heart to the left.,['Figure 1'],radiology,x_ray,thorax,thorax,frontal,"['thorax', 'radiology', 'frontal', 'x_ray']","['radiology', 'thorax', 'x_ray']",True
file_0007320,PMC10349636_PAMJ-44-173-g002_undivided_1_1.webp,PMC10349636_01_PAMJ-44-173-g002.jpg,undivided,PMC10349636_01,CC BY,21826,the control chest X-ray after evacuating puncture showing right loculated pleurisy and mediastinal enlargement with a heart pushed back to the left.,['Figure 2'],radiology,x_ray,thorax,thorax,frontal,"['thorax', 'radiology', 'frontal', 'x_ray']","['radiology', 'thorax', 'x_ray']",True
file_0007322,PMC10349636_PAMJ-44-173-g004_undivided_1_1.webp,PMC10349636_01_PAMJ-44-173-g004.jpg,undivided,PMC10349636_01,CC BY,22042,the immediate chest X-ray control showing a mediastinal enlargement and a right septate pleurisy with a drain well-placed.,['Figure 4'],radiology,x_ray,thorax,thorax,frontal,"['thorax', 'radiology', 'frontal', 'x_ray']","['radiology', 'thorax', 'x_ray']",True
file_0007616,PMC10362129_gr1_undivided_1_1.webp,PMC10362129_01_gr1.jpg,undivided,PMC10362129_01,CC BY,18458,"Chest radiograph on admission. That revealed the lungs were hypolucent bilaterally, with dullness of the costophrenic angle (yellow arrows).",[],radiology,x_ray,thorax,thorax,frontal,"['thorax', 'radiology', 'frontal', 'x_ray']","['radiology', 'thorax', 'x_ray']",True
file_0007627,PMC10362653_PAMJ-44-199-g001_B_2_2.webp,PMC10362653_02_PAMJ-44-199-g001.jpg,b,PMC10362653_02,CC BY,17476,Chest X-ray showing pulmonary nodules of metastatic appearance.,['Figure 1'],radiology,x_ray,thorax,thorax,frontal,"['thorax', 'radiology', 'frontal', 'x_ray']","['radiology', 'thorax', 'malignant', 'x_ray', 'mass']",True
file_0007705,PMC10364471_fped-11-1189722-g001_A_1_3.webp,PMC10364471_01_fped-11-1189722-g001.jpg,a,PMC10364471_01,CC BY,9236,(A) Initial presentation chest x-ray.,['Figure 1A'],radiology,x_ray,thorax,thorax,frontal,"['thorax', 'radiology', 'frontal', 'x_ray']","['radiology', 'thorax', 'x_ray']",True
file_0007773,PMC10367204_1678-9849-rsbmt-56-e0162-2023-gf2_undivided_1_1.webp,PMC10367204_01_1678-9849-rsbmt-56-e0162-2023-gf2.jpg,undivided,PMC10367204_01,CC BY,47634,Chest radiograph: Opacity in the perihilar left field showed by the arrow.,[],radiology,x_ray,thorax,thorax,frontal,"['thorax', 'radiology', 'frontal', 'x_ray']","['radiology', 'thorax', 'x_ray', 'mass']",True
file_0008061,PMC10392937_fped-11-1214900-g001_undivided_1_1.webp,PMC10392937_01_fped-11-1214900-g001.jpg,undivided,PMC10392937_01,CC BY,25076,"Chest x-ray presents the characteristic appearance of an anomalous vein resembling a Turkish sword, which is a typical image of scimitar syndrome. Arrows show this vein forming the common collector, which ends in the inferior vena cava.",['Figure 1'],radiology,x_ray,thorax,thorax,frontal,"['thorax', 'radiology', 'frontal', 'x_ray']","['radiology', 'thorax', 'x_ray']",True
file_0008063,PMC10392937_fped-11-1214900-g004_A_1_2.webp,PMC10392937_01_fped-11-1214900-g004.jpg,a,PMC10392937_01,CC BY,5178,"Angiography of the arteries supplying the right lung sequestrum from the aorta. (A) The artery heading upward and supplying part of the lower lobe was visualized. A short trunk about 4.5 mm in diameter, dividing into two arteries about 3.6-4.0 mm in diameter.",['Figure 4'],radiology,x_ray,thorax,thorax,oblique,"['thorax', 'radiology', 'oblique', 'x_ray']","['radiology', 'angiography']",True
file_0008064,PMC10392937_fped-11-1214900-g004_B_2_2.webp,PMC10392937_01_fped-11-1214900-g004.jpg,b,PMC10392937_01,CC BY,4284,Angiography of the arteries supplying the right lung sequestrum from the aorta. (B) Embolization of both branches of the artery using Amplatzer Piccolo. Occluder implants.,['Figure 4'],radiology,x_ray,thorax,thorax,frontal,"['thorax', 'radiology', 'frontal', 'x_ray']","['radiology', 'angiography']",True
file_0008083,PMC10395095_fmed-10-1225167-g0001_undivided_1_1.webp,PMC10395095_01_fmed-10-1225167-g0001.jpg,undivided,PMC10395095_01,CC BY,13112,Chest X-ray on admission.,['Figure 1'],radiology,x_ray,thorax,thorax,frontal,"['thorax', 'radiology', 'frontal', 'x_ray']","['radiology', 'thorax', 'x_ray']",True
file_0008119,PMC10400946_AMS2-10-e881-g001_undivided_1_1.webp,PMC10400946_01_AMS2-10-e881-g001.jpg,undivided,PMC10400946_01,CC BY-NC,28510,"Chest X-ray after resuscitative endovascular balloon occlusion of the aorta (REBOA) inflation in a 40-year-old woman with uterine rupture. The REBOA catheter was placed in the aorta. After REBOA inflation at Zone 1 (arrowheads), spontaneous circulation returned, and the systolic blood pressure increased to 200 mmHg in response to adrenaline administration. After the balloon migrated to Zone 2 (arrows), it was returned to Zone 1 under ultrasonography (arrowheads).","['Figure 1', 'Figure S1']",radiology,x_ray,thorax,thorax,frontal,"['thorax', 'radiology', 'frontal', 'x_ray']",['radiology'],True
file_0008515,PMC10413186_gr1_undivided_1_1.webp,PMC10413186_01_gr1.jpg,undivided,PMC10413186_01,CC BY,19980,Chest X-ray showing diffuse granular shadows in both lungs.,['Fig. 1'],radiology,x_ray,thorax,thorax,frontal,"['thorax', 'radiology', 'frontal', 'x_ray']","['radiology', 'thorax', 'x_ray']",True
file_0008732,PMC10424440_fped-11-1212341-g001_undivided_1_1.webp,PMC10424440_01_fped-11-1212341-g001.jpg,undivided,PMC10424440_01,CC BY,12712,"Chest radiograph image: decreased volume of the left lung, shifting of the mediastinum to the left, enlargement of the right lung hilum.",['Figure 1'],radiology,x_ray,thorax,thorax,frontal,"['thorax', 'radiology', 'frontal', 'x_ray']","['radiology', 'thorax', 'x_ray']",True
file_0008925,PMC10439354_f1000research-11-136651-g0000_A_1_9.webp,PMC10439354_01_f1000research-11-136651-g0000.jpg,a,PMC10439354_01,CC BY,4104,"Chest radiograph (A-C): Diffused, patchy opacities and consolidations, bilaterally (more in right lung). . Rounded mass in the left lung at the level of the lower pole of the hilum (A).",[],radiology,x_ray,thorax,thorax,frontal,"['thorax', 'radiology', 'frontal', 'x_ray']","['radiology', 'x_ray', 'mass']",True
file_0008926,PMC10439354_f1000research-11-136651-g0000_B_2_9.webp,PMC10439354_01_f1000research-11-136651-g0000.jpg,b,PMC10439354_01,CC BY,6128,"Chest radiograph (A-C): Diffused, patchy opacities and consolidations, bilaterally (more in right lung). Partial regression of opacities during.",[],radiology,x_ray,thorax,thorax,frontal,"['thorax', 'radiology', 'frontal', 'x_ray']","['radiology', 'thorax', 'x_ray', 'mass']",True
file_0008927,PMC10439354_f1000research-11-136651-g0000_C_3_9.webp,PMC10439354_01_f1000research-11-136651-g0000.jpg,c,PMC10439354_01,CC BY,4970,"Chest radiograph (A-C): Diffused, patchy opacities and consolidations, bilaterally (more in right lung). And after anti-inflammatory treatment.",[],radiology,x_ray,thorax,thorax,frontal,"['thorax', 'radiology', 'frontal', 'x_ray']","['radiology', 'thorax', 'x_ray', 'mass']",True
file_0008982,PMC10442578_aoem-35-e13-g002_undivided_1_1.webp,PMC10442578_01_aoem-35-e13-g002.jpg,undivided,PMC10442578_01,CC BY-NC,19272,"Posteroanterior chest radiograph obtained on December 2, 2020.",[],radiology,x_ray,thorax,thorax,frontal,"['thorax', 'radiology', 'frontal', 'x_ray']","['radiology', 'thorax', 'frontal', 'posteroanterior', 'x_ray']",True
file_0009062,PMC10449248_fcvm-10-1211619-g001_A_1_4.webp,PMC10449248_01_fcvm-10-1211619-g001.jpg,a,PMC10449248_01,CC BY,6614,Imaging of left atrial appendage aneurysm. (A) Initial chest x-ray showing an unusual contour along the left heart border.,['Figure 1A'],radiology,x_ray,thorax,thorax,frontal,"['thorax', 'radiology', 'frontal', 'x_ray']","['radiology', 'thorax', 'x_ray']",True
file_0009341,PMC1065025_cc2926-3_undivided_1_1.webp,PMC1065025_01_cc2926-3.jpg,undivided,PMC1065025_01,CC BY,6862,"The girl: chest X-ray film, done after admission to hospital, showing increasing bilateral infiltrations of the lung, done after admission.",['Fig. 3'],radiology,x_ray,thorax,thorax,frontal,"['thorax', 'radiology', 'frontal', 'x_ray']","['radiology', 'thorax', 'x_ray']",True
file_0009347,PMC1079877_1471-2431-5-5-2_undivided_1_1.webp,PMC1079877_03_1471-2431-5-5-2.jpg,undivided,PMC1079877_03,CC BY,21378,Chest x-ray of case 3 who died of Fallot's tetralogy. The picture exhibits vertebral and rib malformations and fusions along with thoracic scoliosis.,['Figure 2'],radiology,x_ray,thorax,thorax,frontal,"['thorax', 'radiology', 'frontal', 'x_ray']","['radiology', 'thorax', 'x_ray']",True
file_0009365,PMC1112595_1471-2334-5-30-1_undivided_1_1.webp,PMC1112595_03_1471-2334-5-30-1.jpg,undivided,PMC1112595_03,CC BY,15354,Chest X-ray (PA view) at initial presentation showing early right lower lobe consolidation.,['figure 1'],radiology,x_ray,thorax,thorax,frontal,"['thorax', 'radiology', 'frontal', 'x_ray']","['radiology', 'thorax', 'frontal', 'posteroanterior', 'x_ray']",True
file_0009366,PMC1112595_1471-2334-5-30-2_undivided_1_1.webp,PMC1112595_03_1471-2334-5-30-2.jpg,undivided,PMC1112595_03,CC BY,10432,"Chest X-ray (PA view), 5 days later, showing progression of disease with infiltrates in right and left lower lobes.",['figure 2'],radiology,x_ray,thorax,thorax,frontal,"['thorax', 'radiology', 'frontal', 'x_ray']","['radiology', 'thorax', 'frontal', 'posteroanterior', 'x_ray']",True
file_0009368,PMC1112595_1471-2334-5-30-4_undivided_1_1.webp,PMC1112595_03_1471-2334-5-30-4.jpg,undivided,PMC1112595_03,CC BY,12226,"Chest X-ray (PA view) - after 8 days of intravenous antibiotic therapy, showing further worsening of bilateral lower lung disease with nodular pattern - raising suspicion of metastatic disease.",['figure 4'],radiology,x_ray,thorax,thorax,frontal,"['thorax', 'radiology', 'frontal', 'x_ray']","['radiology', 'thorax', 'frontal', 'posteroanterior', 'malignant', 'x_ray', 'mass']",True
file_0009370,PMC1112595_1471-2334-5-30-6_undivided_1_1.webp,PMC1112595_05_1471-2334-5-30-6.jpg,undivided,PMC1112595_05,CC BY,7314,Chest X-ray (PA view) at initial presentation showing consolidation within the right mid and both lower lobes.,['figure 6'],radiology,x_ray,thorax,thorax,frontal,"['thorax', 'radiology', 'frontal', 'x_ray']","['radiology', 'thorax', 'frontal', 'posteroanterior', 'x_ray']",True
file_0009400,PMC1164415_1471-2350-6-25-1_B_2_4.webp,PMC1164415_02_1471-2350-6-25-1.jpg,b,PMC1164415_02,CC BY,4208,Type I Gaucher disease with exophthalmos and pulmonary arteriovenous malformation. (B) Chest X ray reveals prominent pulmonary conus and increased infiltration over right lower lung field.,['Fig. 1B'],radiology,x_ray,thorax,thorax,frontal,"['thorax', 'radiology', 'frontal', 'x_ray']",[],True
file_0009411,PMC1177935_1472-6890-5-5-1_undivided_1_1.webp,PMC1177935_01_1472-6890-5-5-1.jpg,undivided,PMC1177935_01,CC BY,15908,"Chest roentgenogram upon admission. Frontal chest roentgenogram revealed extensive bilateral diffuse pulmonary infiltrations, left greater than right.",['Fig. 1'],radiology,x_ray,thorax,thorax,frontal,"['thorax', 'radiology', 'frontal', 'x_ray']","['radiology', 'thorax', 'x_ray']",True
file_0009431,PMC1181820_1471-2482-5-13-1_left_1_1.webp,PMC1181820_01_1471-2482-5-13-1.jpg,left,PMC1181820_01,CC BY,13252,The PA chest X-ray: left-sided pleural effusion and a large mass in anterolateral part of left lung which had overshadowed the left border of the heart. Arrowhead indicates shift of the heart to the right side.,[],radiology,x_ray,thorax,thorax,frontal,"['thorax', 'radiology', 'frontal', 'x_ray']","['radiology', 'thorax', 'x_ray', 'mass']",True
file_0009609,PMC1277010_1745-9974-1-8-1_undivided_1_1.webp,PMC1277010_01_1745-9974-1-8-1.jpg,undivided,PMC1277010_01,CC BY,12108,Chest x-ray of the child 4 months before referral. The CXR shows collapse and tram tracks of the right upper lobe and increased peribronchial and interstitial markings of the right lower lobe.,[],radiology,x_ray,thorax,thorax,frontal,"['thorax', 'radiology', 'frontal', 'x_ray']","['radiology', 'thorax', 'x_ray']",True
file_0009610,PMC1277010_1745-9974-1-8-2_undivided_1_1.webp,PMC1277010_01_1745-9974-1-8-2.jpg,undivided,PMC1277010_01,CC BY,14776,CXR of child from referral hospital showing minimal increased changes from CXR taken 4 months ago.,[],radiology,x_ray,thorax,thorax,frontal,"['thorax', 'radiology', 'frontal', 'x_ray']","['radiology', 'thorax', 'x_ray']",True
file_0009616,PMC1282576_1471-2334-5-92-2_undivided_1_1.webp,PMC1282576_01_1471-2334-5-92-2.jpg,undivided,PMC1282576_01,CC BY,14686,Chest X-Ray showed pneumomediastinum.,[],radiology,x_ray,thorax,thorax,frontal,"['thorax', 'radiology', 'frontal', 'x_ray']","['radiology', 'thorax', 'x_ray']",True
file_0009709,PMC1363725_1746-1340-14-1-6_undivided_1_1.webp,PMC1363725_02_1746-1340-14-1-6.jpg,undivided,PMC1363725_02,CC BY,15878,"This figure displays comparative AP cervicothoracic views, taken initially and after 20 weeks of treatment. Despite the presence of bony deformity, a Cobb angle reduction from 22. to 14. was still obtained, although the frequency of care was higher than the other 2 cases.",[],radiology,x_ray,thorax,thorax,frontal,"['thorax', 'radiology', 'frontal', 'x_ray']",[],True
file_0009806,PMC1781446_1471-2431-7-2-3_undivided_1_1.webp,PMC1781446_01_1471-2431-7-2-3.jpg,undivided,PMC1781446_01,CC BY,12166,X-ray chest with mandible showed absence of calcified crowns of the first and second deciduous molar in Twin A.,['Figure 3'],radiology,x_ray,thorax,thorax,frontal,"['thorax', 'radiology', 'frontal', 'x_ray']","['radiology', 'dental_view', 'x_ray']",True
file_0009807,PMC1781446_1471-2431-7-2-4_undivided_1_1.webp,PMC1781446_01_1471-2431-7-2-4.jpg,undivided,PMC1781446_01,CC BY,13074,X-ray chest with mandible showed calcified crowns of the first and second deciduous molar in Twin B.,['Figure 3'],radiology,x_ray,thorax,thorax,frontal,"['thorax', 'radiology', 'frontal', 'x_ray']","['radiology', 'dental_view', 'x_ray']",True
file_0009900,PMC2249601_1752-1947-2-18-1_undivided_1_1.webp,PMC2249601_01_1752-1947-2-18-1.jpg,undivided,PMC2249601_01,CC BY,7148,Chest Radiograph.,['Figure 1'],radiology,x_ray,thorax,thorax,frontal,"['thorax', 'radiology', 'frontal', 'x_ray']","['radiology', 'thorax', 'x_ray']",True
file_0009941,PMC2257945_1477-7819-6-7-1_undivided_1_1.webp,PMC2257945_01_1477-7819-6-7-1.jpg,undivided,PMC2257945_01,CC BY,15116,Chest radiography shows multiple nodules and masses involving both lungs.,['Figure 1'],radiology,x_ray,thorax,thorax,frontal,"['thorax', 'radiology', 'frontal', 'x_ray']","['radiology', 'thorax', 'x_ray', 'mass']",True
file_0010014,PMC2556736_cc6109-1_undivided_1_1.webp,PMC2556736_01_cc6109-1.jpg,undivided,PMC2556736_01,CC BY,12128,"Bedside chest radiography performed immediately after admission. Bilateral pneumothorax (large arrows), pneumomediastinum (thin arrows) and extensive subcutaneous emphysema are visible.",['Figure 1'],radiology,x_ray,thorax,thorax,frontal,"['thorax', 'radiology', 'frontal', 'x_ray']","['radiology', 'thorax', 'x_ray']",True
file_0010078,PMC2627182_kjr-9-87-g001_A_1_7.webp,PMC2627182_01_kjr-9-87-g001.jpg,a,PMC2627182_01,CC BY-NC,4286,A 37-year-old woman with a primary pulmonary paraganglioma. . A. The chest radiograph shows a left hilar mass with a lobulated margin.,['Fig. 1A'],radiology,x_ray,thorax,thorax,frontal,"['thorax', 'radiology', 'frontal', 'x_ray']","['radiology', 'thorax', 'x_ray', 'mass']",True
file_0010086,PMC2627309_eplasty09e01_fig3_a_1_2.webp,PMC2627309_01_eplasty09e01_fig3.jpg,a,PMC2627309_01,CC BY,6160,(a) Portable roentogram shortly after right tube thoracostomy following repeated unsuccessful attempts at needle thoracostomy demonstrates rapid development of extensive subcutaneous emphysema in conjunction with positive pressure ventilation and persistent chest tube air leak.,['Figs 2'],radiology,x_ray,thorax,thorax,frontal,"['thorax', 'radiology', 'frontal', 'x_ray']",[],True
file_0010136,PMC2629461_1757-1626-2-54-1_undivided_1_1.webp,PMC2629461_01_1757-1626-2-54-1.jpg,undivided,PMC2629461_01,CC BY,14866,"Chest radiograph showing osteoblastic changes of spine, scapulae, clavicles and ribs (arrow: right 4th rib with more conspicuous change).",['figure 1'],radiology,x_ray,thorax,thorax,frontal,"['thorax', 'radiology', 'frontal', 'x_ray']","['radiology', 'thorax', 'x_ray']",True
file_0010163,PMC2630954_1752-1947-3-7-1_undivided_1_1.webp,PMC2630954_01_1752-1947-3-7-1.jpg,undivided,PMC2630954_01,CC BY,10134,Chest radiograph (posterior-anterior and lateral view). An anterior diaphragmatic hernia containing some elements of the right colon. The heart and mediastinal contours show no gross abnormality. No obvious hilar mass. No lobar collapse or consolidation. No obvious intrapulmonary mass.,['Figure 1'],radiology,x_ray,thorax,thorax,frontal,"['thorax', 'radiology', 'frontal', 'x_ray']","['radiology', 'x_ray']",True
file_0010222,PMC2632616_1757-1626-2-29-1_undivided_1_1.webp,PMC2632616_01_1757-1626-2-29-1.jpg,undivided,PMC2632616_01,CC BY,9112,Chest X-ray (PA view): Re-accumulation of massive left sided pleural effusion (arrow).,['Fig. 1'],radiology,x_ray,thorax,thorax,frontal,"['thorax', 'radiology', 'frontal', 'x_ray']","['radiology', 'thorax', 'frontal', 'posteroanterior', 'x_ray']",True
file_0010223,PMC2632616_1757-1626-2-29-2_undivided_1_1.webp,PMC2632616_01_1757-1626-2-29-2.jpg,undivided,PMC2632616_01,CC BY,10580,Chest X-ray (lateral view): Re-accumulation of massive left sided pleural effusion.,['Fig. 1'],radiology,x_ray,thorax,thorax,sagittal,"['thorax', 'radiology', 'sagittal', 'x_ray']","['radiology', 'thorax', 'sagittal', 'x_ray']",True
file_0010224,PMC2632616_1757-1626-2-29-3_undivided_1_1.webp,PMC2632616_01_1757-1626-2-29-3.jpg,undivided,PMC2632616_01,CC BY,41610,"Initial chest X-ray: fracture of left 8th, 9th and 10th ribs (arrow).",['Fig. 3'],radiology,x_ray,thorax,thorax,frontal,"['thorax', 'radiology', 'frontal', 'x_ray']","['radiology', 'thorax', 'x_ray']",True
file_0010227,PMC2632616_1757-1626-2-29-6_undivided_1_1.webp,PMC2632616_01_1757-1626-2-29-6.jpg,undivided,PMC2632616_01,CC BY,18092,Chest X-ray at follow up: 5 months after repair of diaphragmatic hernia.,['Fig. 6'],radiology,x_ray,thorax,thorax,frontal,"['thorax', 'radiology', 'frontal', 'x_ray']","['radiology', 'thorax', 'x_ray']",True
file_0010267,PMC2635121_1757-1626-2-67-1_undivided_1_1.webp,PMC2635121_01_1757-1626-2-67-1.jpg,undivided,PMC2635121_01,CC BY,15070,Chest X-ray PA view. Chest X-ray showed marked overdistension of the the left upper lobe with mediastinal shift to the right and collapse of the ipsilateral remaining lung field.,['Figure 1'],radiology,x_ray,thorax,thorax,frontal,"['thorax', 'radiology', 'frontal', 'x_ray']","['radiology', 'thorax', 'frontal', 'posteroanterior', 'x_ray']",True
file_0010268,PMC2635121_1757-1626-2-67-2_undivided_1_1.webp,PMC2635121_01_1757-1626-2-67-2.jpg,undivided,PMC2635121_01,CC BY,11726,"Left lateral view of Chest X-ray. On lateral view, the heart is displaced posteriorly with retrosternal luscency representing an anteriorly herniated lobe.",[],radiology,x_ray,thorax,thorax,sagittal,"['thorax', 'radiology', 'sagittal', 'x_ray']","['radiology', 'thorax', 'sagittal', 'x_ray']",True
file_0010440,PMC2642787_1757-1626-2-86-1_undivided_1_1.webp,PMC2642787_01_1757-1626-2-86-1.jpg,undivided,PMC2642787_01,CC BY,8116,Chest Radiograph shows lung tissue outside thoracic cavity.,['Fig 1'],radiology,x_ray,thorax,thorax,frontal,"['thorax', 'radiology', 'frontal', 'x_ray']","['radiology', 'thorax', 'x_ray']",True
file_0010459,PMC2645425_1745-6673-4-2-3_undivided_1_1.webp,PMC2645425_01_1745-6673-4-2-3.jpg,undivided,PMC2645425_01,CC BY,36212,Infiltration over bilateral lung fields.,[],radiology,x_ray,thorax,thorax,frontal,"['thorax', 'radiology', 'frontal', 'x_ray']",[],True
file_0010460,PMC2646690_1757-1626-2-108-1_undivided_1_1.webp,PMC2646690_01_1757-1626-2-108-1.jpg,undivided,PMC2646690_01,CC BY,16156,CXR with right lower lobe infiltrate.,['figure 1'],radiology,x_ray,thorax,thorax,frontal,"['thorax', 'radiology', 'frontal', 'x_ray']","['radiology', 'thorax', 'x_ray']",True
file_0010470,PMC2647174_kjr-10-97-g001_A_1_2.webp,PMC2647174_01_kjr-10-97-g001.jpg,a,PMC2647174_01,CC BY-NC,6524,Renal and splenic infarctions after bronchial artery embolization in 28-year-old female. . A. Left bronchial arteriogram demonstrating hypertrophied arteries in lower lobe of left lung with arterio-venous shunt (arrow).,['Fig. 1A'],radiology,x_ray,abdomen,abdomen,oblique,"['abdomen', 'radiology', 'oblique', 'x_ray']","['radiology', 'abdomen', 'arteriogram', 'angiography']",True
file_0010527,PMC2651114_1757-1626-2-62-1_undivided_1_1.webp,PMC2651114_01_1757-1626-2-62-1.jpg,undivided,PMC2651114_01,CC BY,10788,Case 1 - Hydatid cyst in the right lung. Posteroanterior chest film shows a well demarcated oval opacity occupying the right middle zone.,['Fig 1'],radiology,x_ray,thorax,thorax,frontal,"['thorax', 'radiology', 'frontal', 'x_ray']","['radiology', 'frontal', 'posteroanterior']",True
file_0010706,PMC2698115_kjr-5-68-g001_A_1_4.webp,PMC2698115_01_kjr-5-68-g001.jpg,a,PMC2698115_01,CC BY-NC,6204,A 71-year-old man with mycotic pulmonary aneurysm caused by actinomycosis. . A. Chest radiograph shows focal parenchymal opacity with air-fluid level (arrow) in right upper lung zone. Pleural thickening with calcification due to previous tuberculous pleurisy is seen in left lower hemithorax.,['Fig. 1A'],radiology,x_ray,thorax,thorax,frontal,"['thorax', 'radiology', 'frontal', 'x_ray']","['radiology', 'thorax', 'x_ray', 'mass']",True
file_0010725,PMC2698143_kjr-5-139-g001_A_1_6.webp,PMC2698143_01_kjr-5-139-g001.jpg,a,PMC2698143_01,CC BY-NC,6390,"A 64-year-old woman with ascending aortic dissection presenting as secondary pulmonary hypertension. . A. An admission chest radiograph shows cardiomegaly with tortuous thoracic aorta, patch infiltration in right lower lobe, and blunting in both costophrenic angles. Mediastinal widening is not definite.",['Fig. 1A'],radiology,x_ray,thorax,thorax,frontal,"['thorax', 'radiology', 'frontal', 'x_ray']","['radiology', 'thorax', 'x_ray']",True
file_0010744,PMC2700431_ATM-03-23-g001_undivided_1_1.webp,PMC2700431_01_ATM-03-23-g001.jpg,undivided,PMC2700431_01,CC BY,8726,The arrow in chest radiograph shows tracheoesophageal fistula.,['Figure 1'],radiology,x_ray,thorax,thorax,frontal,"['thorax', 'radiology', 'frontal', 'x_ray']","['radiology', 'thorax', 'x_ray']",True
file_0010745,PMC2700432_ATM-03-28-g001_undivided_1_1.webp,PMC2700432_01_ATM-03-28-g001.jpg,undivided,PMC2700432_01,CC BY,7918,Plain chest X-ray shows large mediastinal mass.,[],radiology,x_ray,thorax,thorax,frontal,"['thorax', 'radiology', 'frontal', 'x_ray']","['radiology', 'thorax', 'x_ray', 'mass']",True
file_0010780,PMC2713836_kjr-3-130-g001_A_1_4.webp,PMC2713836_01_kjr-3-130-g001.jpg,a,PMC2713836_01,CC BY-NC,4592,Gorham's disease in a 38-year-old man with mediastinal lymphangioma. . A. Posteroanterior chest radiograph shows widening of the mediastinum and osteolysis of the proximal clavicles.,['Fig. 1A'],radiology,x_ray,thorax,thorax,frontal,"['thorax', 'radiology', 'frontal', 'x_ray']","['radiology', 'thorax', 'frontal', 'posteroanterior', 'x_ray']",True
file_0010905,PMC2718165_kjr-1-118-g001_A_1_4.webp,PMC2718165_01_kjr-1-118-g001.jpg,a,PMC2718165_01,CC BY-NC,10938,A 53-year-old man with lung cancer after bilateral upper lobectomy. . A. Chest radiograph shows moderate amount of pneumopericardium (arrows) and left hydropneumothorax (arrowheads).,[],radiology,x_ray,thorax,thorax,frontal,"['thorax', 'radiology', 'frontal', 'x_ray']","['radiology', 'thorax', 'x_ray']",True
file_0010964,PMC2732068_ATM-02-26-g001_undivided_1_1.webp,PMC2732068_01_ATM-02-26-g001.jpg,undivided,PMC2732068_01,CC BY,12106,Chest radiograph (postero-anterior view) of the patient without any gross abnormality.,['Figure 1'],radiology,x_ray,thorax,thorax,frontal,"['thorax', 'radiology', 'frontal', 'x_ray']","['radiology', 'thorax', 'frontal', 'anteroposterior', 'x_ray']",True
file_0011008,PMC2759591_IJO-42-97-g003_undivided_1_1.webp,PMC2759591_01_IJO-42-97-g003.jpg,undivided,PMC2759591_01,CC BY,24316,Radiograph of the chest shows absence of the lateral half of the clavicle and thin ribbon-like third rib on both sides.,['Figure 3'],radiology,x_ray,thorax,thorax,frontal,"['thorax', 'radiology', 'frontal', 'x_ray']","['radiology', 'thorax', 'x_ray']",True
file_0011015,PMC2760911_IJCCM-12-32-g001_undivided_1_1.webp,PMC2760911_02_IJCCM-12-32-g001.jpg,undivided,PMC2760911_02,CC BY,18196,AP radiograph of chest showing bilateral basal air space filling lesions consolidation.,['Figure 1'],radiology,x_ray,thorax,thorax,frontal,"['thorax', 'radiology', 'frontal', 'x_ray']","['radiology', 'thorax', 'x_ray', 'mass']",True
file_0011022,PMC2772256_IJCCM-13-28-g002_undivided_1_1.webp,PMC2772256_01_IJCCM-13-28-g002.jpg,undivided,PMC2772256_01,CC BY,13200,Chest radiograph showing an elevated left hemidiaphragm.,['Figure 2'],radiology,x_ray,thorax,thorax,frontal,"['thorax', 'radiology', 'frontal', 'x_ray']","['radiology', 'thorax', 'x_ray']",True
file_0011083,PMC2776156_431_2009_991_Fig5_HTML_undivided_1_1.webp,PMC2776156_11_431_2009_991_Fig5_HTML.jpg,undivided,PMC2776156_11,CC BY-NC,9876,"Chest X-ray of patient 13 at the age of 6 months. Note the narrow thorax, short ribs and elevated clavicles.",['Fig. 5'],radiology,x_ray,thorax,thorax,frontal,"['thorax', 'radiology', 'frontal', 'x_ray']","['radiology', 'thorax', 'x_ray']",True
file_0011090,PMC2779293_jkms-20-892-g001_A_1_2.webp,PMC2779293_01_jkms-20-892-g001.jpg,a,PMC2779293_01,CC BY-NC,5156,Chest radiography shows a very large cyst in right upper lung.,['Fig. 1A'],radiology,x_ray,thorax,thorax,frontal,"['thorax', 'radiology', 'frontal', 'x_ray']","['radiology', 'thorax', 'x_ray']",True
file_0011147,PMC2782168_jkms-20-674-g001_undivided_1_1.webp,PMC2782168_01_jkms-20-674-g001.jpg,undivided,PMC2782168_01,CC BY-NC,9356,"PA chest roentgenogram shows well-defined, paratracheal mass of about 7 cm in the upper zone of the right hemithorax.",['Fig. 1'],radiology,x_ray,thorax,thorax,frontal,"['thorax', 'radiology', 'frontal', 'x_ray']","['radiology', 'thorax', 'x_ray', 'mass']",True
file_0011203,PMC2784582_IJD-53-26-g001_B_2_2.webp,PMC2784582_01_IJD-53-26-g001.jpg,b,PMC2784582_01,CC BY,4216,Mucosal relief phase. Shows smooth long segment stricture involving the upper and mid-thoracic esophagus. Note the tertiary contractions in the lower half of the esophagus.,['Fig. 1A and B'],radiology,x_ray,thorax,thorax,frontal,"['thorax', 'radiology', 'frontal', 'x_ray']",[],True
file_0011215,PMC2799641_kjr-11-119-g001_C_3_4.webp,PMC2799641_01_kjr-11-119-g001.jpg,c,PMC2799641_01,CC BY-NC,2974,Bilateral pulmonary agenesis. . C. Postmortem infantogram shows bell-shaped thoracic cage with diaphragmatic eventration.,['Fig. 1C'],radiology,x_ray,lower_limb,lower_leg,frontal,"['radiology', 'lower_limb', 'frontal', 'x_ray', 'lower_leg']",[],True
file_0011250,PMC2800002_jkms-25-148-g003_A_1_3.webp,PMC2800002_01_jkms-25-148-g003.jpg,a,PMC2800002_01,CC BY-NC,3110,Imaging examination of the chest. (A) Simple radiographs of the chest on admission show diffuse heterogeneous increased opacities with a patchy distribution in both lungs.,['Fig. 3A'],radiology,x_ray,thorax,thorax,frontal,"['thorax', 'radiology', 'frontal', 'x_ray']","['radiology', 'thorax', 'x_ray', 'mass']",True
file_0011252,PMC2800002_jkms-25-148-g003_C_3_3.webp,PMC2800002_01_jkms-25-148-g003.jpg,c,PMC2800002_01,CC BY-NC,3748,Imaging examination of the chest. (C) Simple radiographs of the chest after discontinuing the mexiletine and then treating the patient with oral prednisolone. The multiple infiltrative lesions disappeared from both lungs.,['Fig. 3C'],radiology,x_ray,thorax,thorax,frontal,"['thorax', 'radiology', 'frontal', 'x_ray']","['radiology', 'thorax', 'x_ray', 'mass']",True
file_0011279,PMC2800016_jkms-25-166-g001_A_1_2.webp,PMC2800016_01_jkms-25-166-g001.jpg,a,PMC2800016_01,CC BY-NC,5652,Chest radiographs on admission. (A) Chest plain radiograph shows diffuse reticulonodular densities in both central lung areas symmetrically.,['Fig. 1'],radiology,x_ray,thorax,thorax,frontal,"['thorax', 'radiology', 'frontal', 'x_ray']","['radiology', 'thorax', 'x_ray']",True
file_0011376,PMC2809462_JIAPS-14-31-g001_undivided_1_1.webp,PMC2809462_01_JIAPS-14-31-g001.jpg,undivided,PMC2809462_01,CC BY,18774,X-ray chest showing intercostal tube and Ryle's tube lying in the left hemithorax.,['Figure 1'],radiology,x_ray,thorax,thorax,frontal,"['thorax', 'radiology', 'frontal', 'x_ray']","['radiology', 'thorax', 'x_ray']",True
file_0011377,PMC2809462_JIAPS-14-31-g002_undivided_1_1.webp,PMC2809462_02_JIAPS-14-31-g002.jpg,undivided,PMC2809462_02,CC BY,9920,Chest radiograph on which child was treated for pulmonary tuberculosis.,['Figure 2'],radiology,x_ray,thorax,thorax,frontal,"['thorax', 'radiology', 'frontal', 'x_ray']","['radiology', 'thorax', 'x_ray']",True
file_0011449,PMC2810825_JIAPS-13-36-g001_undivided_1_1.webp,PMC2810825_01_JIAPS-13-36-g001.jpg,undivided,PMC2810825_01,CC BY,11840,Plane X-ray chest showing the presence of abnormal gas shadow in the right paravertebral region in the lower chest.,['Figure 1'],radiology,x_ray,thorax,thorax,frontal,"['thorax', 'radiology', 'frontal', 'x_ray']","['radiology', 'thorax', 'x_ray']",True
file_0011453,PMC2811301_jkms-25-299-g001_A_1_3.webp,PMC2811301_01_jkms-25-299-g001.jpg,a,PMC2811301_01,CC BY-NC,8876,Chest radiograph of the patient taken during an annual checkup A diaphragm-based mass (arrow) was observed on the chest radiograph (A).,['Fig. 1A'],radiology,x_ray,thorax,thorax,frontal,"['thorax', 'radiology', 'frontal', 'x_ray']","['radiology', 'thorax', 'x_ray', 'mass']",True
file_0011490,PMC2813086_JCD-11-42-g005_b_2_3.webp,PMC2813086_02_JCD-11-42-g005.jpg,b,PMC2813086_02,CC BY,3336,"Extractor with plunger sleeving, and ,gripping the fragment.",['Figure 5b'],radiology,x_ray,head,head,periapical,"['head', 'radiology', 'periapical', 'x_ray']",[],True
file_0011493,PMC2813086_JCD-11-42-g006_b_2_3.webp,PMC2813086_03_JCD-11-42-g006.jpg,b,PMC2813086_03,CC BY,3308,"Extractor with plunger sleeving, and ,gripping the fragment.",['Figure 6b'],radiology,x_ray,head,head,periapical,"['head', 'radiology', 'periapical', 'x_ray']",[],True
file_0011516,PMC2813621_ASM-29-50-g001_undivided_1_1.webp,PMC2813621_01_ASM-29-50-g001.jpg,undivided,PMC2813621_01,CC BY,8514,"Posterior-anterior x-ray of the chest. Note that the heart is shifted into the right chest. The right lung is hypoplastic. Also note the ""scimitar sign""-a curvilinear opacity widening in its course to the inferior vena cava.",['Figure 1'],radiology,x_ray,thorax,thorax,frontal,"['thorax', 'radiology', 'frontal', 'x_ray']","['radiology', 'thorax', 'frontal', 'posteroanterior', 'x_ray', 'mass']",True
file_0011517,PMC2813621_ASM-29-50-g002_undivided_1_1.webp,PMC2813621_01_ASM-29-50-g002.jpg,undivided,PMC2813621_01,CC BY,20270,Cardiac catheterization displaying the anomalous right pulmonary vein.,['Figure 2'],radiology,x_ray,thorax,thorax,frontal,"['thorax', 'radiology', 'frontal', 'x_ray']",[],True
file_0011524,PMC2815824_ymj-46-439-g001_undivided_1_1.webp,PMC2815824_01_ymj-46-439-g001.jpg,undivided,PMC2815824_01,CC BY-NC,45780,Initial chest X-ray showing cardiomegaly.,['Fig. 1'],radiology,x_ray,thorax,thorax,frontal,"['thorax', 'radiology', 'frontal', 'x_ray']","['radiology', 'thorax', 'x_ray']",True
file_0011528,PMC2815824_ymj-46-439-g005_undivided_1_1.webp,PMC2815824_01_ymj-46-439-g005.jpg,undivided,PMC2815824_01,CC BY-NC,20992,Six months follow-up chest X-ray showing nearly normal size of heart.,['Fig. 5'],radiology,x_ray,thorax,thorax,frontal,"['thorax', 'radiology', 'frontal', 'x_ray']","['radiology', 'thorax', 'x_ray']",True
file_0011537,PMC2815843_ymj-46-562-g001_A_1_5.webp,PMC2815843_01_ymj-46-562-g001.jpg,a,PMC2815843_01,CC BY-NC,18328,A 65-year-old man with esophageal MALT lymphoma and concurrent BALT lymphoma of the lung. (A) A barium swallow study revealed a well-demarcated submucosal mass (arrowheads) of 10x3x3 cm in size in the upper thoracic esophagus without surface ulceration or a stalk.,['Fig. 1A'],radiology,x_ray,thorax,thorax,frontal,"['thorax', 'radiology', 'frontal', 'x_ray']",[],True
file_0011639,PMC2816898_jkms-19-601-g001_undivided_1_1.webp,PMC2816898_01_jkms-19-601-g001.jpg,undivided,PMC2816898_01,CC BY-NC,11072,"PA radiographs of the chest shows a huge, well marginated, homogeneous mass in the anterior mediastinum displacing the lower trachea, bronchus and heart contralaterally.",['Fig. 1'],radiology,x_ray,thorax,thorax,frontal,"['thorax', 'radiology', 'frontal', 'x_ray']","['radiology', 'thorax', 'x_ray', 'mass']",True
file_0011672,PMC2817870_1532-429X-12-3-1_undivided_1_1.webp,PMC2817870_01_1532-429X-12-3-1.jpg,undivided,PMC2817870_01,CC BY,24472,Chest Radiograph. Chest radiograph demonstrating the stomach bubble (white asterisk) projecting over the heart and a portion of the transverse colon that communicates with the abdominal cavity superimposed over the right heart border (black arrowheads).,['figure 1'],radiology,x_ray,thorax,thorax,frontal,"['thorax', 'radiology', 'frontal', 'x_ray']","['radiology', 'x_ray']",True
file_0011744,PMC2822252_jkms-19-142-g001_undivided_1_1.webp,PMC2822252_01_jkms-19-142-g001.jpg,undivided,PMC2822252_01,CC BY-NC,7308,A posteroanterior chest radiograph reveals increased radiolucency along with overinflated lung parenchyma and sparse vasculature in the upper half of the right lung. Also noted v-shaped branching opacity is in the right parahilar area (arrow). Pneumothorax is associated in the right lower pleural cavity (arrow head).,['Fig. 1'],radiology,x_ray,thorax,thorax,frontal,"['thorax', 'radiology', 'frontal', 'x_ray']","['radiology', 'frontal', 'posteroanterior', 'x_ray', 'mass']",True
file_0011839,PMC2823031_ymj-46-305-g001_undivided_1_1.webp,PMC2823031_01_ymj-46-305-g001.jpg,undivided,PMC2823031_01,CC BY-NC,5520,Chest radiograph taken immediately after transfer to the intensive care unit. Diffuse bilateral pulmonary infiltration is shown in both lung fields.,['Fig. 1'],radiology,x_ray,thorax,thorax,frontal,"['thorax', 'radiology', 'frontal', 'x_ray']","['radiology', 'thorax', 'x_ray']",True
file_0011840,PMC2823031_ymj-46-305-g002_undivided_1_1.webp,PMC2823031_01_ymj-46-305-g002.jpg,undivided,PMC2823031_01,CC BY-NC,6654,Chest radiograph taken 6 hours after admission to the intensive care unit showing near normal findings.,['Fig. 2'],radiology,x_ray,thorax,thorax,frontal,"['thorax', 'radiology', 'frontal', 'x_ray']","['radiology', 'thorax', 'x_ray']",True
file_0011856,PMC2823047_ymj-46-173-g001_undivided_1_1.webp,PMC2823047_01_ymj-46-173-g001.jpg,undivided,PMC2823047_01,CC BY-NC,22890,"Chest PA showed multiple patch consolidations and thick-walled cavitary lesions, with nodules in both lung fields.",['Fig. 1'],radiology,x_ray,thorax,thorax,frontal,"['thorax', 'radiology', 'frontal', 'x_ray']",[],True
file_0011860,PMC2823048_ymj-46-177-g001_B_2_2.webp,PMC2823048_01_ymj-46-177-g001.jpg,b,PMC2823048_01,CC BY-NC,4984,Lateral. Chest radiograph revealed a round mass lesion (arrows) in the left anterior chest.,['Fig. 1'],radiology,x_ray,thorax,thorax,sagittal,"['thorax', 'radiology', 'sagittal', 'x_ray']","['radiology', 'thorax', 'x_ray', 'mass']",True
file_0011891,PMC2823152_JETS-03-89-g001_undivided_1_1.webp,PMC2823152_01_JETS-03-89-g001.jpg,undivided,PMC2823152_01,CC BY,12144,Plain radiograph showed opacification of the entire lower part of the right hemithorax with air lucencies within.,['Figure 1'],radiology,x_ray,thorax,thorax,frontal,"['thorax', 'radiology', 'frontal', 'x_ray']","['radiology', 'thorax', 'x_ray', 'mass']",True
file_0011892,PMC2823152_JETS-03-89-g002_undivided_1_1.webp,PMC2823152_01_JETS-03-89-g002.jpg,undivided,PMC2823152_01,CC BY,11330,"Lateral radiograph of the chest taken during endoscopy shows the scope to enter the air-fluid level within the right hemithorax (black arrow), suggesting right diaphragmatic hernia.",['Figure 2'],radiology,x_ray,abdomen,abdomen,oblique,"['abdomen', 'radiology', 'oblique', 'x_ray']",[],True
file_0011914,PMC2823759_1752-1947-4-17-1_undivided_1_1.webp,PMC2823759_01_1752-1947-4-17-1.jpg,undivided,PMC2823759_01,CC BY,15446,Chest X-ray showing a small right basal pleural reaction and some right basal atelectasis.,['Figure 1'],radiology,x_ray,thorax,thorax,frontal,"['thorax', 'radiology', 'frontal', 'x_ray']","['radiology', 'thorax', 'x_ray']",True
file_0012004,PMC2829594_1752-1947-4-10-4_undivided_1_1.webp,PMC2829594_01_1752-1947-4-10-4.jpg,undivided,PMC2829594_01,CC BY,9242,Chest X-ray showing free intraperitoneal air.,['Figure 4'],radiology,x_ray,thorax,thorax,frontal,"['thorax', 'radiology', 'frontal', 'x_ray']","['radiology', 'x_ray']",True
file_0012026,PMC2837667_1752-1947-4-26-2_B_2_2.webp,PMC2837667_08_1752-1947-4-26-2.jpg,b,PMC2837667_08,CC BY,5538,Lateral. Radiographs of the spine show correction of the thoracic and lumbar scoliosis to 45 and 40. And a balanced spine in both the coronal and sagittal planes.,['Figure 2'],radiology,x_ray,thorax,thorax,sagittal,"['thorax', 'radiology', 'sagittal', 'x_ray']","['radiology', 'sagittal', 'x_ray']",True
file_0012034,PMC2840741_APC-01-62-g001_undivided_1_1.webp,PMC2840741_01_APC-01-62-g001.jpg,undivided,PMC2840741_01,CC BY,16766,Pulmonary artery angiogram in AP view showing tortuous right pulmonary artery with peripheral stenoses. RPA= right pulmonary artery.,['Figures 1'],radiology,x_ray,abdomen,abdomen,frontal,"['abdomen', 'radiology', 'frontal', 'x_ray']","['radiology', 'frontal', 'anteroposterior', 'arteriogram', 'angiography']",True
file_0012035,PMC2840741_APC-01-62-g002_undivided_1_1.webp,PMC2840741_01_APC-01-62-g002.jpg,undivided,PMC2840741_01,CC BY,12574,Pulmonary artery angiogram in AP view showing tortuous left pulmonary artery with stenosis. LPA= left pulmonary artery.,['Figures 1'],radiology,x_ray,thorax,thorax,frontal,"['thorax', 'radiology', 'frontal', 'x_ray']","['radiology', 'frontal', 'anteroposterior', 'arteriogram', 'angiography']",True
file_0012040,PMC2840771_APC-02-87-g001_a_1_2.webp,PMC2840771_01_APC-02-87-g001.jpg,a,PMC2840771_01,CC BY,8638,Chest X ray PA view.,['Figure 1a and b'],radiology,x_ray,thorax,thorax,frontal,"['thorax', 'radiology', 'frontal', 'x_ray']","['radiology', 'frontal', 'posteroanterior']",True
file_0012041,PMC2840771_APC-02-87-g001_b_2_2.webp,PMC2840771_01_APC-02-87-g001.jpg,b,PMC2840771_01,CC BY,4320,Inverted image. Chest X ray lateral view showing pericardial calcification.,['Figure 1a and b'],radiology,x_ray,thorax,thorax,sagittal,"['thorax', 'radiology', 'sagittal', 'x_ray']","['radiology', 'sagittal']",True
file_0012179,PMC2850187_ASM-30-76-g001_undivided_1_1.webp,PMC2850187_01_ASM-30-76-g001.jpg,undivided,PMC2850187_01,CC BY,11012,"Chest x-ray on admission to ICU, showing right consolidation and pleural effusion.",['Figure 1'],radiology,x_ray,thorax,thorax,frontal,"['thorax', 'radiology', 'frontal', 'x_ray']","['radiology', 'thorax', 'x_ray']",True
file_0012180,PMC2850187_ASM-30-76-g002_undivided_1_1.webp,PMC2850187_01_ASM-30-76-g002.jpg,undivided,PMC2850187_01,CC BY,7580,"Chest x-ray three weeks after presentation, showing persistent right lower lobe consolidation.",[],radiology,x_ray,thorax,thorax,frontal,"['thorax', 'radiology', 'frontal', 'x_ray']","['radiology', 'thorax', 'x_ray']",True
file_0012197,PMC2852743_UPS-0300-9734-114-062-g001_A_1_2.webp,PMC2852743_01_UPS-0300-9734-114-062-g001.jpg,a,PMC2852743_01,CC BY,2648,Chest X-ray.,['Figure 1'],radiology,x_ray,thorax,thorax,frontal,"['thorax', 'radiology', 'frontal', 'x_ray']","['radiology', 'thorax', 'x_ray']",True
file_0012252,PMC2853045_LI-25-17-g002_undivided_1_1.webp,PMC2853045_01_LI-25-17-g002.jpg,undivided,PMC2853045_01,CC BY,16192,Showing Chest X-ray PA view of patient.,['Figure: 2'],radiology,x_ray,thorax,thorax,frontal,"['thorax', 'radiology', 'frontal', 'x_ray']","['radiology', 'thorax', 'frontal', 'posteroanterior', 'x_ray']",True
file_0012266,PMC2872897_kjae-58-87-g001_A_1_2.webp,PMC2872897_01_kjae-58-87-g001.jpg,a,PMC2872897_01,CC BY-NC,6888,The chest anteroposterior radiograph taken at the operating room after a left lower lobectomy. (A) Localized right apical lesion.,['Fig. 1A'],radiology,x_ray,thorax,thorax,frontal,"['thorax', 'radiology', 'frontal', 'x_ray']","['radiology', 'frontal', 'anteroposterior']",True
file_0012267,PMC2872897_kjae-58-87-g001_B_2_2.webp,PMC2872897_01_kjae-58-87-g001.jpg,b,PMC2872897_01,CC BY-NC,6758,The chest anteroposterior radiograph taken at the operating room after a left lower lobectomy. (B) Decreased apical haziness after 10 minutes.,['Fig. 1B'],radiology,x_ray,thorax,thorax,frontal,"['thorax', 'radiology', 'frontal', 'x_ray']","['radiology', 'frontal', 'anteroposterior']",True
file_0012268,PMC2872897_kjae-58-87-g002_undivided_1_1.webp,PMC2872897_01_kjae-58-87-g002.jpg,undivided,PMC2872897_01,CC BY-NC,5800,The chest anteroposterior radiograph taken one day after left lower lobectomy shows right-sided hydrothorax and mediastinal shifting.,['Fig. 2'],radiology,x_ray,thorax,thorax,frontal,"['thorax', 'radiology', 'frontal', 'x_ray']","['radiology', 'frontal', 'anteroposterior']",True
file_0012269,PMC2872898_kjae-58-95-g001_undivided_1_1.webp,PMC2872898_01_kjae-58-95-g001.jpg,undivided,PMC2872898_01,CC BY-NC,10712,Preoperative chest x-ray.,['Fig. 1'],radiology,x_ray,thorax,thorax,frontal,"['thorax', 'radiology', 'frontal', 'x_ray']","['radiology', 'thorax', 'x_ray']",True
file_0012270,PMC2872898_kjae-58-95-g002_undivided_1_1.webp,PMC2872898_01_kjae-58-95-g002.jpg,undivided,PMC2872898_01,CC BY-NC,9596,"Chest x-ray on the first postoperative day showing an elevation of the right hemidiaphragm, associated with a basal atelectasis of the right lower lobe, but no pleural effusion.",['Fig. 2'],radiology,x_ray,thorax,thorax,frontal,"['thorax', 'radiology', 'frontal', 'x_ray']","['radiology', 'thorax', 'x_ray']",True
file_0012271,PMC2872898_kjae-58-95-g003_undivided_1_1.webp,PMC2872898_01_kjae-58-95-g003.jpg,undivided,PMC2872898_01,CC BY-NC,12720,"Chest x-ray on the second postoperative day showing an elevation of the right hemidiaphragm, associated with a basal atelectasis of the right lower lobe and a pleural effusion, but no pneumothorax.",['Fig. 3'],radiology,x_ray,thorax,thorax,frontal,"['thorax', 'radiology', 'frontal', 'x_ray']","['radiology', 'thorax', 'x_ray']",True
file_0012272,PMC2872898_kjae-58-95-g004_undivided_1_1.webp,PMC2872898_01_kjae-58-95-g004.jpg,undivided,PMC2872898_01,CC BY-NC,11084,Chest x-ray on the fifteenth postoperative day showing fully expanded lungs.,[],radiology,x_ray,thorax,thorax,frontal,"['thorax', 'radiology', 'frontal', 'x_ray']","['radiology', 'thorax', 'x_ray']",True
file_0012312,PMC2878428_IJU-26-131-g002_undivided_1_1.webp,PMC2878428_01_IJU-26-131-g002.jpg,undivided,PMC2878428_01,CC BY,4312,Retrograde ureteropyelogram image showing contrast ascending the right upper ureter in the thoracic cavity and then looping down into the pelvicalyceal system.,['Figure 2'],radiology,x_ray,thorax,thorax,occlusal,"['thorax', 'radiology', 'occlusal', 'x_ray']","['radiology', 'thorax', 'contrast']",True
file_0012401,PMC2902211_IJMPO-30-24-g002_undivided_1_1.webp,PMC2902211_01_IJMPO-30-24-g002.jpg,undivided,PMC2902211_01,CC BY,12298,PA view of chest showing fracture of left clavicle.,['Figure 2'],radiology,x_ray,thorax,thorax,frontal,"['thorax', 'radiology', 'frontal', 'x_ray']","['radiology', 'frontal', 'posteroanterior']",True
file_0012420,PMC2902217_IJMPO-30-46-g001_undivided_1_1.webp,PMC2902217_01_IJMPO-30-46-g001.jpg,undivided,PMC2902217_01,CC BY,12598,Chest X ray PA view (2006) shows homogenous opacity in right mid and lower zone.,['Figure 1'],radiology,x_ray,thorax,thorax,frontal,"['thorax', 'radiology', 'frontal', 'x_ray']","['radiology', 'frontal', 'posteroanterior']",True
file_0012427,PMC2902217_IJMPO-30-46-g009_undivided_1_1.webp,PMC2902217_01_IJMPO-30-46-g009.jpg,undivided,PMC2902217_01,CC BY,6644,Chest X ray PA view (2008 - post chemo) - disappearance of mass.,['Figures 9'],radiology,x_ray,thorax,thorax,frontal,"['thorax', 'radiology', 'frontal', 'x_ray']","['radiology', 'frontal', 'posteroanterior']",True
file_0012446,PMC2921520_APC-3-65-g001_undivided_1_1.webp,PMC2921520_01_APC-3-65-g001.jpg,undivided,PMC2921520_01,CC BY,14288,Aortogram in AP view showed a large aortopulmonary collateral supplying the left lower lobe.,['Figures 1'],radiology,x_ray,abdomen,abdomen,frontal,"['abdomen', 'radiology', 'frontal', 'x_ray']","['radiology', 'frontal', 'anteroposterior']",True
file_0012447,PMC2921520_APC-3-65-g002_undivided_1_1.webp,PMC2921520_01_APC-3-65-g002.jpg,undivided,PMC2921520_01,CC BY,12172,Aortogram in lateral view showed a large aortopulmonary collateral supplying the left lower lobe.,['Figures 1'],radiology,x_ray,thorax,thorax,sagittal,"['thorax', 'radiology', 'sagittal', 'x_ray']","['radiology', 'sagittal']",True
file_0012448,PMC2921520_APC-3-65-g003_undivided_1_1.webp,PMC2921520_01_APC-3-65-g003.jpg,undivided,PMC2921520_01,CC BY,17732,Pulmonary angiogram in AP view showing normal branching pattern; the left lower lobe is also being supplied by the pulmonary artery.,['Figures 3'],radiology,x_ray,abdomen,abdomen,frontal,"['abdomen', 'radiology', 'frontal', 'x_ray']","['radiology', 'frontal', 'anteroposterior', 'angiography']",True
file_0012449,PMC2921520_APC-3-65-g004_undivided_1_1.webp,PMC2921520_01_APC-3-65-g004.jpg,undivided,PMC2921520_01,CC BY,11300,Pulmonary angiogram in AP and lateral views showing normal branching pattern; the left lower lobe is also being supplied by the pulmonary artery.,['Figures 3'],radiology,x_ray,abdomen,abdomen,frontal,"['abdomen', 'radiology', 'frontal', 'x_ray']",[],True
file_0012450,PMC2921520_APC-3-65-g005_undivided_1_1.webp,PMC2921520_01_APC-3-65-g005.jpg,undivided,PMC2921520_01,CC BY,10856,"Selective angiogram of the aortopulmonary collateral after the procedure, showing complete closure.",['Figure 5'],radiology,x_ray,abdomen,abdomen,frontal,"['abdomen', 'radiology', 'frontal', 'x_ray']","['radiology', 'angiography']",True
file_0012459,PMC2921522_APC-3-74-g002_undivided_1_1.webp,PMC2921522_01_APC-3-74-g002.jpg,undivided,PMC2921522_01,CC BY,22032,"Angiographic image of ductal stent and branch pulmonary arteries (RPA= right pulmonary artery, LPA= left pulmonary artery).",['Figure 2'],radiology,x_ray,thorax,thorax,oblique,"['thorax', 'radiology', 'oblique', 'x_ray']","['radiology', 'angiography']",True
file_0012464,PMC2921525_APC-3-80-g001_undivided_1_1.webp,PMC2921525_01_APC-3-80-g001.jpg,undivided,PMC2921525_01,CC BY,14534,"Chest X-ray (PA view) showing homogenous rounded opacity in the left upper thorax produced by the ductal aneurysm, normal lung parenchyma, normal pulmonary blood flow, and there was no cardiomegaly. DAA-ductus arteriosus aneurysm.",['Figure 1'],radiology,x_ray,thorax,thorax,frontal,"['thorax', 'radiology', 'frontal', 'x_ray']","['radiology', 'thorax', 'frontal', 'posteroanterior', 'x_ray']",True
file_0012501,PMC2933729_IJNM-25-20-g002_undivided_1_1.webp,PMC2933729_01_IJNM-25-20-g002.jpg,undivided,PMC2933729_01,CC BY,7530,"X-ray chest showing bilateral clavicular thickening, sclerosis and overlying soft tissue swelling.",['Figure 2'],radiology,x_ray,thorax,thorax,frontal,"['thorax', 'radiology', 'frontal', 'x_ray']","['radiology', 'thorax', 'x_ray']",True
file_0012648,PMC2964806_JPN-5-27-g001_undivided_1_1.webp,PMC2964806_01_JPN-5-27-g001.jpg,undivided,PMC2964806_01,CC BY,11214,Chest X-ray - Cardiomegaly with pulmonary plethora with a narrow pedicle (case 1).,['Figure 1'],radiology,x_ray,thorax,thorax,frontal,"['thorax', 'radiology', 'frontal', 'x_ray']","['radiology', 'thorax', 'x_ray']",True
file_0012749,PMC3000162_03-0264-F1_a_1_4.webp,PMC3000162_01_03-0264-F1.jpg,a,PMC3000162_01,CC BY,4642,Chest radiographs of index patient with severe acute respiratory syndrome (SARS). Day 5 of symptoms.,['Figure1a'],radiology,x_ray,thorax,thorax,frontal,"['thorax', 'radiology', 'frontal', 'x_ray']","['radiology', 'thorax', 'x_ray']",True
file_0012750,PMC3000162_03-0264-F1_b_2_4.webp,PMC3000162_01_03-0264-F1.jpg,b,PMC3000162_01,CC BY,3328,Chest radiographs of index patient with severe acute respiratory syndrome (SARS). Day 10.,[],radiology,x_ray,thorax,thorax,frontal,"['thorax', 'radiology', 'frontal', 'x_ray']","['radiology', 'thorax', 'x_ray']",True
file_0012751,PMC3000162_03-0264-F1_c_3_4.webp,PMC3000162_01_03-0264-F1.jpg,c,PMC3000162_01,CC BY,3980,Chest radiographs of index patient with severe acute respiratory syndrome (SARS). Day 13.,['Figure 1c'],radiology,x_ray,thorax,thorax,frontal,"['thorax', 'radiology', 'frontal', 'x_ray']","['radiology', 'thorax', 'x_ray']",True
file_0012752,PMC3000162_03-0264-F1_d_4_4.webp,PMC3000162_01_03-0264-F1.jpg,d,PMC3000162_01,CC BY,3856,Chest radiographs of index patient with severe acute respiratory syndrome (SARS). Day 15.,[],radiology,x_ray,thorax,thorax,frontal,"['thorax', 'radiology', 'frontal', 'x_ray']","['radiology', 'thorax', 'x_ray']",True
file_0012823,PMC3012840_jkms-26-143-g001_B_2_3.webp,PMC3012840_01_jkms-26-143-g001.jpg,b,PMC3012840_01,CC BY-NC,2502,"Clinical features of a campomelic dysplasia patient. (B) Chest radiography shows a bell-shaped, narrow thoracic cage, hypoplastic scapulae and mild T-L scoliosis.",['Fig. 1B'],radiology,x_ray,pelvis,pelvis,frontal,"['pelvis', 'radiology', 'frontal', 'x_ray']",[],True
file_0012860,PMC3017698_ymj-52-196-g001_undivided_1_1.webp,PMC3017698_01_ymj-52-196-g001.jpg,undivided,PMC3017698_01,CC BY-NC,14826,Chest X-ray at admission. The chest X-ray is normal with a slight cardiomegaly.,['Fig. 1'],radiology,x_ray,thorax,thorax,frontal,"['thorax', 'radiology', 'frontal', 'x_ray']","['radiology', 'thorax', 'x_ray']",True
file_0012861,PMC3017698_ymj-52-196-g003_A_1_2.webp,PMC3017698_01_ymj-52-196-g003.jpg,a,PMC3017698_01,CC BY-NC,3374,"(A) Chest X-ray after pacemaker insertion. The pacemaker lead is shown at the apex of right ventricle in the X-ray (arrow), which indicates successful pacemaker insertion.",['Fig. 3'],radiology,x_ray,thorax,thorax,frontal,"['thorax', 'radiology', 'frontal', 'x_ray']","['radiology', 'thorax', 'x_ray']",True
file_0012907,PMC3019027_JMedLife-03-80-g001_undivided_1_1.webp,PMC3019027_01_JMedLife-03-80-g001.jpg,undivided,PMC3019027_01,CC BY,13312,"First presentation : eritematous-edematous , veziculous , extensive lesions. with lichenification 
and erosions from scratching.",[],radiology,x_ray,upper_limb,elbow,sagittal,"['radiology', 'upper_limb', 'sagittal', 'elbow', 'x_ray']",[],True
file_0012933,PMC3022147_392_2010_214_Fig1_HTML_d_4_4.webp,PMC3022147_01_392_2010_214_Fig1_HTML.jpg,d,PMC3022147_01,CC BY-NC,6662,D; Implantation of the SAPIEN pulmonic valve in the pre-stented pulmonary artery.,['Fig. 1d'],radiology,x_ray,thorax,thorax,oblique,"['thorax', 'radiology', 'oblique', 'x_ray']",[],True
file_0012934,PMC3022147_392_2010_214_Fig2_HTML_undivided_1_1.webp,PMC3022147_01_392_2010_214_Fig2_HTML.jpg,undivided,PMC3022147_01,CC BY-NC,49132,Final angiography after implantation of three large stents and a 26 mm SAPIEN pulmonic valve. There is no residual gradient and no pulmonary regurgitation. The valve is expanded completely and symmetrically (small picture in lower left corner).,['Fig. 2'],radiology,x_ray,thorax,thorax,oblique,"['thorax', 'radiology', 'oblique', 'x_ray']","['radiology', 'angiography']",True
file_0012967,PMC3023754_1752-1947-5-2-1_undivided_1_1.webp,PMC3023754_01_1752-1947-5-2-1.jpg,undivided,PMC3023754_01,CC BY,9894,Chest X-ray on admission to the emergency department.,['Figure 1'],radiology,x_ray,thorax,thorax,frontal,"['thorax', 'radiology', 'frontal', 'x_ray']","['radiology', 'thorax', 'x_ray']",True
file_0012974,PMC3023870_ATM-6-38-g001_undivided_1_1.webp,PMC3023870_01_ATM-6-38-g001.jpg,undivided,PMC3023870_01,CC BY,6862,Complete collapse of left lung after endluminal stenting of aortic aneurysm.,[],radiology,x_ray,thorax,thorax,frontal,"['thorax', 'radiology', 'frontal', 'x_ray']",[],True
file_0013083,PMC3032255_IJO-59-71-g001_below_1_1.webp,PMC3032255_01_IJO-59-71-g001.jpg,below,PMC3032255_01,CC BY,11446,"Lymphedema' of the right lower limb, confined to below-knee level and asymmetric.",['Fig. 1'],radiology,x_ray,upper_limb,elbow,frontal,"['radiology', 'upper_limb', 'frontal', 'elbow', 'x_ray']",[],True
file_0013127,PMC3033840_1752-1947-5-13-1_a_1_2.webp,PMC3033840_01_1752-1947-5-13-1.jpg,a,PMC3033840_01,CC BY,3916,"Chest Radiograms. A. Chest X-ray demonstrating bilateral perihilar alveolar edema with a ""butterfly"" appearance and bilateral pleural effusions.",['Figure 1a'],radiology,x_ray,thorax,thorax,frontal,"['thorax', 'radiology', 'frontal', 'x_ray']","['radiology', 'thorax', 'x_ray']",True
file_0013128,PMC3033840_1752-1947-5-13-1_b_2_2.webp,PMC3033840_01_1752-1947-5-13-1.jpg,b,PMC3033840_01,CC BY,3950,Chest Radiograms. B. Chest X-ray after pharmaceutical treatment for the congestive heart failure symptoms. Most of the initially appeared radiographic findings have been almost completely resolved.,['Figure 1b'],radiology,x_ray,thorax,thorax,frontal,"['thorax', 'radiology', 'frontal', 'x_ray']","['radiology', 'thorax', 'x_ray']",True
file_0013210,PMC3038875_1746-1596-6-10-3_A_1_5.webp,PMC3038875_02_1746-1596-6-10-3.jpg,a,PMC3038875_02,CC BY,1986,"Conventional roentgenogram, CT and Gd-enhanced MR images. A; Anteroposterior radiograph of the thoracic spine revealed no abnormalities.",['Figure 3A'],radiology,x_ray,abdomen,abdomen,frontal,"['abdomen', 'radiology', 'frontal', 'x_ray']",['radiology'],True
file_0013278,PMC3040436_kjae-60-60-g001_undivided_1_1.webp,PMC3040436_01_kjae-60-60-g001.jpg,undivided,PMC3040436_01,CC BY-NC,7962,"Left forearm with extensive edema, multiple bullae and bruise.",['Fig. 1'],radiology,x_ray,lower_limb,ankle,sagittal,"['radiology', 'lower_limb', 'sagittal', 'x_ray', 'ankle']",[],True
file_0013303,PMC3047767_JIAPS-16-15-g001_undivided_1_1.webp,PMC3047767_01_JIAPS-16-15-g001.jpg,undivided,PMC3047767_01,CC BY-NC-SA,11322,Chest radiograph showing hyperinflated lung with bronchovascular markings in the right hemithorax.,['Figures 1'],radiology,x_ray,thorax,thorax,frontal,"['thorax', 'radiology', 'frontal', 'x_ray']","['radiology', 'thorax', 'x_ray']",True
file_0013431,PMC3083533_JCytol-28-33-g001_undivided_1_1.webp,PMC3083533_01_JCytol-28-33-g001.jpg,undivided,PMC3083533_01,CC BY-NC-SA,19088,Chest radiograph showing left lung upper lobe mass.,['Figure 1'],radiology,x_ray,thorax,thorax,frontal,"['thorax', 'radiology', 'frontal', 'x_ray']","['radiology', 'thorax', 'x_ray', 'mass']",True
file_0013447,PMC3097541_IJCCM-15-40-g001_undivided_1_1.webp,PMC3097541_01_IJCCM-15-40-g001.jpg,undivided,PMC3097541_01,CC BY,10312,Chest radiograph showing the hemodialysis catheter passing through a persistent left superior vena cava.,['Figure 1'],radiology,x_ray,thorax,thorax,frontal,"['thorax', 'radiology', 'frontal', 'x_ray']","['radiology', 'thorax', 'x_ray']",True
file_0013451,PMC3097543_IJCCM-15-46-g001_undivided_1_1.webp,PMC3097543_01_IJCCM-15-46-g001.jpg,undivided,PMC3097543_01,CC BY,7684,Chest radiograph showing unilateral opacity of right hemithorax and shifting of airway and heart on left side.,['Figure 1'],radiology,x_ray,thorax,thorax,frontal,"['thorax', 'radiology', 'frontal', 'x_ray']","['radiology', 'thorax', 'x_ray', 'mass']",True
file_0013452,PMC3097543_IJCCM-15-46-g002_undivided_1_1.webp,PMC3097543_01_IJCCM-15-46-g002.jpg,undivided,PMC3097543_01,CC BY,7040,Follow-up chest radiograph showing full expansion of lung fields immediately after chest tube drain.,['Figure 2'],radiology,x_ray,thorax,thorax,frontal,"['thorax', 'radiology', 'frontal', 'x_ray']","['radiology', 'thorax', 'x_ray']",True
file_0013453,PMC3097562_JETS-4-128-g001_undivided_1_1.webp,PMC3097562_01_JETS-4-128-g001.jpg,undivided,PMC3097562_01,CC BY,9092,Chest X-ray showing a distended stomach in left hemithorax and contralateral mediastinal shift. Left lung is compressed.,['Figure 1'],radiology,x_ray,thorax,thorax,frontal,"['thorax', 'radiology', 'frontal', 'x_ray']","['radiology', 'x_ray']",True
file_0013454,PMC3097562_JETS-4-128-g002_undivided_1_1.webp,PMC3097562_01_JETS-4-128-g002.jpg,undivided,PMC3097562_01,CC BY,11132,Fluoroscopy image revealing the tip of nasogastric tube in the left hemithorax.,['Figure 2'],radiology,x_ray,thorax,thorax,frontal,"['thorax', 'radiology', 'frontal', 'x_ray']","['radiology', 'thorax', 'x_ray']",True
file_0013466,PMC3097699_biij-04-e7-g01_undivided_1_1.webp,PMC3097699_01_biij-04-e7-g01.jpg,undivided,PMC3097699_01,CC BY,10114,"Chest radiograph showing a large pleural-based mass in the left hemithorax (arrows), with underlying rib destruction and a pleural effusion.",['Figure 1'],radiology,x_ray,thorax,thorax,frontal,"['thorax', 'radiology', 'frontal', 'x_ray']","['radiology', 'thorax', 'x_ray', 'mass']",True
file_0013549,PMC3101758_SJA-5-73-g001_undivided_1_1.webp,PMC3101758_01_SJA-5-73-g001.jpg,undivided,PMC3101758_01,CC BY,11428,X-ray showed bilateral diffuse infiltrates.,['Figure 1'],radiology,x_ray,thorax,thorax,frontal,"['thorax', 'radiology', 'frontal', 'x_ray']","['radiology', 'x_ray']",True
file_0013573,PMC3103259_mjhid-3-1-e2011014f1_undivided_1_1.webp,PMC3103259_01_mjhid-3-1-e2011014f1.jpg,undivided,PMC3103259_01,CC BY,13818,Chest X-ray with black arrows showing patchy air-space changes in both lower zones and the right upper zone.,['Figure 1'],radiology,x_ray,thorax,thorax,frontal,"['thorax', 'radiology', 'frontal', 'x_ray']","['radiology', 'thorax', 'x_ray']",True
file_0013576,PMC3103259_mjhid-3-1-e2011014f4_A_1_2.webp,PMC3103259_01_mjhid-3-1-e2011014f4.jpg,a,PMC3103259_01,CC BY,2572,Chest X-ray.,['Figure 4A'],radiology,x_ray,upper_limb,shoulder,frontal,"['radiology', 'upper_limb', 'frontal', 'shoulder', 'x_ray']",[],True
file_0013587,PMC3104536_APC-4-60-g002_undivided_1_1.webp,PMC3104536_01_APC-4-60-g002.jpg,undivided,PMC3104536_01,CC BY-NC-SA,18696,Late phase of contrast injection to the right coronary artery demonstrated retrograde filling of the left anterior descending coronary artery (LAD) via intramyocardial collaterals and shunting to pulmonary artery.,['Figures 1'],radiology,x_ray,thorax,thorax,oblique,"['thorax', 'radiology', 'oblique', 'x_ray']","['radiology', 'contrast']",True
file_0013805,PMC3123513_HV-12-26-g002_undivided_1_1.webp,PMC3123513_01_HV-12-26-g002.jpg,undivided,PMC3123513_01,CC BY-NC-SA,17980,"Admission chest X-ray showing evidence of previous sternotomy (repaired tetralogy of Fallot), cardiomegaly and implanted cardioverter defibrillator in left pectoral region.",['Figure 2'],radiology,x_ray,thorax,thorax,frontal,"['thorax', 'radiology', 'frontal', 'x_ray']","['radiology', 'thorax', 'x_ray']",True
file_0013840,PMC3125655_JOMFP-15-46-g003_undivided_1_1.webp,PMC3125655_01_JOMFP-15-46-g003.jpg,undivided,PMC3125655_01,CC BY,10000,Chest radiograph showing the right mediastinal tumor.,['Figures 3'],radiology,x_ray,thorax,thorax,frontal,"['thorax', 'radiology', 'frontal', 'x_ray']","['radiology', 'thorax', 'x_ray', 'mass']",True
file_0014080,PMC3146124_JOACP-27-106-g001_undivided_1_1.webp,PMC3146124_01_JOACP-27-106-g001.jpg,undivided,PMC3146124_01,CC BY-NC-SA,10938,Chest X-ray film.,['Figure 1'],radiology,x_ray,thorax,thorax,frontal,"['thorax', 'radiology', 'frontal', 'x_ray']","['radiology', 'thorax', 'x_ray']",True
file_0014125,PMC3161235_cln-66-08-1495-g001_undivided_1_1.webp,PMC3161235_01_cln-66-08-1495-g001.jpg,undivided,PMC3161235_01,CC BY-NC,8306,Chest roentgenogram showing left-sided tension hydropneumothorax with contralateral mediastinal shift.,['Figure 1'],radiology,x_ray,thorax,thorax,frontal,"['thorax', 'radiology', 'frontal', 'x_ray']","['radiology', 'thorax', 'x_ray']",True
file_0014147,PMC3161649_cmo-2-2008-477f1_undivided_1_1.webp,PMC3161649_01_cmo-2-2008-477f1.jpg,undivided,PMC3161649_01,CC BY,141384,Chest X-ray showing superior mediastinal mass.,['Fig. 1'],radiology,x_ray,thorax,thorax,frontal,"['thorax', 'radiology', 'frontal', 'x_ray']","['radiology', 'thorax', 'x_ray', 'mass']",True
file_0014232,PMC3164422_cln-66-09-1659-g001_undivided_1_1.webp,PMC3164422_01_cln-66-09-1659-g001.jpg,undivided,PMC3164422_01,CC BY-NC,142360,Chest X-ray before the installation of ECMO.,['Figure 1'],radiology,x_ray,thorax,thorax,frontal,"['thorax', 'radiology', 'frontal', 'x_ray']","['radiology', 'thorax', 'x_ray']",True
file_0014263,PMC3169897_JCIS-1-6-g001_undivided_1_1.webp,PMC3169897_01_JCIS-1-6-g001.jpg,undivided,PMC3169897_01,CC BY-NC-SA,13862,Plain radiograph of the chest shows the Denver shunt placed in the pleural cavity (arrow) and the venous end directed toward the right internal jugular vein.,[],radiology,x_ray,thorax,thorax,frontal,"['thorax', 'radiology', 'frontal', 'x_ray']","['radiology', 'thorax', 'x_ray']",True
file_0014321,PMC3173914_JPN-6-40-g001_undivided_1_1.webp,PMC3173914_01_JPN-6-40-g001.jpg,undivided,PMC3173914_01,CC BY-NC-SA,13024,Plain X-ray chest showing multiple segmentation anomalies of cervicodorsal vertebrae along with fusion anomalies of ribs on both sides.,['Figure 1'],radiology,x_ray,thorax,thorax,frontal,"['thorax', 'radiology', 'frontal', 'x_ray']","['radiology', 'thorax', 'x_ray']",True
file_0014360,PMC3177414_JCIS-1-40-g002_undivided_1_1.webp,PMC3177414_01_JCIS-1-40-g002.jpg,undivided,PMC3177414_01,CC BY-NC-SA,12282,A chest radiograph taken with the patient in the sitting position shows the presence of the intact guide wire in the right hemothorax.,['Figure 1'],radiology,x_ray,thorax,thorax,frontal,"['thorax', 'radiology', 'frontal', 'x_ray']","['radiology', 'thorax', 'x_ray']",True
file_0014477,PMC3198636_PC-1-119-g001_a_1_3.webp,PMC3198636_01_PC-1-119-g001.jpg,a,PMC3198636_01,CC BY-NC-SA,5572,Chest radiograph. Anterior perfusion.,['Figure 1a'],radiology,x_ray,thorax,thorax,frontal,"['thorax', 'radiology', 'frontal', 'x_ray']","['radiology', 'thorax', 'x_ray']",True
file_0014480,PMC3198636_PC-1-119-g002_a_1_3.webp,PMC3198636_01_PC-1-119-g002.jpg,a,PMC3198636_01,CC BY-NC-SA,7394,Chest radiograph. Anterior perfusion.,['Figure 2a'],radiology,x_ray,thorax,thorax,frontal,"['thorax', 'radiology', 'frontal', 'x_ray']","['radiology', 'thorax', 'x_ray']",True
file_0014494,PMC3201579_pamj-8-12-g001_undivided_1_1.webp,PMC3201579_01_pamj-8-12-g001.jpg,undivided,PMC3201579_01,CC BY,12928,Chest X-ray showing regular masses scattered throughout both lung fields in a 16 years old Tunisian with cardiac hydatid cyst.,['Figure 1'],radiology,x_ray,thorax,thorax,frontal,"['thorax', 'radiology', 'frontal', 'x_ray']","['radiology', 'thorax', 'x_ray']",True
file_0014582,PMC3205521_JCIS-1-47-g002_undivided_1_1.webp,PMC3205521_01_JCIS-1-47-g002.jpg,undivided,PMC3205521_01,CC BY-NC-SA,16646,Aplasic image of the left lung.,['Figure 1'],radiology,x_ray,thorax,thorax,frontal,"['thorax', 'radiology', 'frontal', 'x_ray']",[],True
file_0014601,PMC3212972_mjhid-3-1-e2011040f1_undivided_1_1.webp,PMC3212972_01_mjhid-3-1-e2011040f1.jpg,undivided,PMC3212972_01,CC BY,258682,Telecardiography showing a normal heart and no pulmonary congestion.,['Figure 1'],radiology,x_ray,thorax,thorax,frontal,"['thorax', 'radiology', 'frontal', 'x_ray']",[],True
file_0014605,PMC3214484_JSTCR-2-20-g003_undivided_1_1.webp,PMC3214484_02_JSTCR-2-20-g003.jpg,undivided,PMC3214484_02,CC BY-NC-SA,8626,Chest X-ray showing centrally placed globular heart.,['Figure 3'],radiology,x_ray,thorax,thorax,frontal,"['thorax', 'radiology', 'frontal', 'x_ray']","['radiology', 'thorax', 'x_ray']",True
file_0014619,PMC3214490_JSTCR-2-35-g003_undivided_1_1.webp,PMC3214490_01_JSTCR-2-35-g003.jpg,undivided,PMC3214490_01,CC BY-NC-SA,10424,"Patient chest radiograph showing thyroid mass essentially to the right of midline in the lower aspect of the neck, tracheal deviation to the left, coronal tracheal narrowing and retrosternal extension. Note the hilar soft tissue masses with lobulated margin presumed to be lymphadenopathy.",['Figure 3'],radiology,x_ray,thorax,thorax,frontal,"['thorax', 'radiology', 'frontal', 'x_ray']","['radiology', 'thorax', 'x_ray', 'mass']",True
file_0014630,PMC3215545_PAMJ-09-23-g004_undivided_1_1.webp,PMC3215545_01_PAMJ-09-23-g004.jpg,undivided,PMC3215545_01,CC BY,14804,chest X-ray showing right pleural effusion in a patient with ovarian hyperstimulation syndrome in a spontaneous pregnancy with invasive mole.,['Figure 4'],radiology,x_ray,thorax,thorax,frontal,"['thorax', 'radiology', 'frontal', 'x_ray']","['radiology', 'x_ray']",True
file_0014647,PMC3215561_PAMJ-09-39-g001_undivided_1_1.webp,PMC3215561_01_PAMJ-09-39-g001.jpg,undivided,PMC3215561_01,CC BY,7978,Chest radiograph showing a giant right mediastinal mass with tracheal shift.,['Figure 1'],radiology,x_ray,thorax,thorax,frontal,"['thorax', 'radiology', 'frontal', 'x_ray']","['radiology', 'thorax', 'x_ray', 'mass']",True
file_0014649,PMC3215561_PAMJ-09-39-g003_undivided_1_1.webp,PMC3215561_01_PAMJ-09-39-g003.jpg,undivided,PMC3215561_01,CC BY,37320,Angiography-a saccular aneurysm of the intra thoracic segment of the right sub-clavian artery with wall thrombosis.,['Figure 3'],radiology,x_ray,thorax,thorax,sagittal,"['thorax', 'radiology', 'sagittal', 'x_ray']","['radiology', 'thorax', 'angiography']",True
file_0014758,PMC3220181_CCD-2-66-g004_undivided_1_1.webp,PMC3220181_01_CCD-2-66-g004.jpg,undivided,PMC3220181_01,CC BY-NC-SA,24028,Chest radiograph showing oar-shaped ribs with narrowing at the vertebral ends and broadening at the sterna ends.,['Figure 4'],radiology,x_ray,thorax,thorax,frontal,"['thorax', 'radiology', 'frontal', 'x_ray']","['radiology', 'thorax', 'x_ray']",True
file_0014843,PMC3232481_IPC-2-29-g003_undivided_1_1.webp,PMC3232481_01_IPC-2-29-g003.jpg,undivided,PMC3232481_01,CC BY-NC-SA,6760,Post-operative chest x-ray and intra-bronchial contrast material with initial tracheal stent in place. Note the pulmonary hyper inflation.,['Fig. 3'],radiology,x_ray,thorax,thorax,frontal,"['thorax', 'radiology', 'frontal', 'x_ray']","['radiology', 'thorax', 'x_ray', 'contrast']",True
file_0014846,PMC3232481_IPC-2-29-g007_undivided_1_1.webp,PMC3232481_01_IPC-2-29-g007.jpg,undivided,PMC3232481_01,CC BY-NC-SA,12668,Chest x-ray prior to last discharge with clear distal lung fields and dilated stent.,['Fig. 7'],radiology,x_ray,thorax,thorax,frontal,"['thorax', 'radiology', 'frontal', 'x_ray']","['radiology', 'thorax', 'x_ray']",True
file_0014853,PMC3232548_IPC-6-13-g001_undivided_1_1.webp,PMC3232548_01_IPC-6-13-g001.jpg,undivided,PMC3232548_01,CC BY-NC-SA,12180,Chest radiographic film showing prominent pulmonary vasculature and dilated pulmonary artery shadow.,['figure 1'],radiology,x_ray,thorax,thorax,frontal,"['thorax', 'radiology', 'frontal', 'x_ray']",[],True
file_0014856,PMC3232548_IPC-6-13-g004_undivided_1_1.webp,PMC3232548_01_IPC-6-13-g004.jpg,undivided,PMC3232548_01,CC BY-NC-SA,25358,Pulmonary angiogram showing diffuse PAVMs.,['figure 4'],radiology,x_ray,abdomen,abdomen,frontal,"['abdomen', 'radiology', 'frontal', 'x_ray']","['radiology', 'angiography']",True
file_0014858,PMC3232549_IPC-6-1-g003_undivided_1_1.webp,PMC3232549_01_IPC-6-1-g003.jpg,undivided,PMC3232549_01,CC BY-NC-SA,8064,Pulmonary valve being ballooned after successful deployment of both Amplatzer ASO devices.,['figure 3'],radiology,x_ray,abdomen,abdomen,frontal,"['abdomen', 'radiology', 'frontal', 'x_ray']",[],True
file_0014868,PMC3232560_IPC-8-1-g002_undivided_1_1.webp,PMC3232560_01_IPC-8-1-g002.jpg,undivided,PMC3232560_01,CC BY-NC-SA,19936,An LV gram showing the RPA arising from the posterior part of the ascending Ao and irreversible pulmonary hypertensive changes.,['figures 1'],radiology,x_ray,thorax,thorax,frontal,"['thorax', 'radiology', 'frontal', 'x_ray']",[],True
file_0014906,PMC3235277_11657_2011_59_Fig1_HTML_a_1_2.webp,PMC3235277_01_11657_2011_59_Fig1_HTML.jpg,a,PMC3235277_01,CC BY-NC,3194,"Radiographs, lateral view, of the lower thoracic.","['Fig. 1a, b']",radiology,x_ray,thorax,thorax,sagittal,"['thorax', 'radiology', 'sagittal', 'x_ray']","['radiology', 'thorax', 'sagittal', 'x_ray']",True
file_0014907,PMC3235277_11657_2011_59_Fig1_HTML_b_2_2.webp,PMC3235277_01_11657_2011_59_Fig1_HTML.jpg,b,PMC3235277_01,CC BY-NC,2582,Lumbar vertebrae Thoracic vertebrae are blurred and lumbar vertebrae show codfish appearance.,"['Fig. 1a, b']",radiology,x_ray,neck,neck,sagittal,"['neck', 'radiology', 'sagittal', 'x_ray']",[],True
file_0014953,PMC3250342_ymj-53-224-g001_B_2_8.webp,PMC3250342_01_ymj-53-224-g001.jpg,b,PMC3250342_01,CC BY-NC,11486,Bacterial endocarditis and mycotic aneurysm of the left common carotid artery in an 87-year-old woman with acute cerebral infarction. (B) Thoracic aortography showing no evidence of stenosis or aneurysm of the proximal common carotid artery.,['Fig. 1A and B'],radiology,x_ray,abdomen,abdomen,frontal,"['abdomen', 'radiology', 'frontal', 'x_ray']",[],True
file_0014958,PMC3250342_ymj-53-224-g001_G_7_8.webp,PMC3250342_01_ymj-53-224-g001.jpg,g,PMC3250342_01,CC BY-NC,17114,Bacterial endocarditis and mycotic aneurysm of the left common carotid artery in an 87-year-old woman with acute cerebral infarction. (G) The final thoracic aortography after stent-graft implantation revealing complete exclusion of the aneurysm and a widely patent implanted stent-graft (arrows).,['Fig. 1G'],radiology,x_ray,abdomen,abdomen,oblique,"['abdomen', 'radiology', 'oblique', 'x_ray']",[],True
file_0014975,PMC3253394_kjr-13-102-g001_C_3_3.webp,PMC3253394_01_kjr-13-102-g001.jpg,c,PMC3253394_01,CC BY-NC,56466,"Angiographies of both bronchial arteries and coronary-to-bronchial artery fistula in 70-year-old male, case 1. C. Coronary to bronchial artery fistula (arrow, proximal left circumflex arterial branch) to left upper lung with severe pulmonary artery shunt (not shown) is noted on left coronary angiography.",['Fig. 1'],radiology,x_ray,abdomen,abdomen,frontal,"['abdomen', 'radiology', 'frontal', 'x_ray']","['radiology', 'angiography']",True
file_0014977,PMC3253394_kjr-13-102-g002_B_2_4.webp,PMC3253394_02_kjr-13-102-g002.jpg,b,PMC3253394_02,CC BY-NC,29180,"Chest CT and angiography of right coronary artery in 57-year-old male, case 2. Second. Embolization treatments. Right lung lesions were improving but left lung lesions changed into cavitary lesions.",['Fig. 2'],radiology,x_ray,thorax,thorax,oblique,"['thorax', 'radiology', 'oblique', 'x_ray']",[],True
file_0014982,PMC3253394_kjr-13-102-g003_C_3_5.webp,PMC3253394_03_kjr-13-102-g003.jpg,c,PMC3253394_03,CC BY-NC,32214,"Chest CT and angiographies of both coronary arteries in 68-year-old female, case 3. C, D. Early and late phases of right coronary angiography show enlarged coronary to bronchial artery fistula from proximal right coronary artery and massive pulmonary artery shunt (thick arrows).",['Fig. 3'],radiology,x_ray,thorax,thorax,frontal,"['thorax', 'radiology', 'frontal', 'x_ray']",[],True
file_0014983,PMC3253394_kjr-13-102-g003_D_4_5.webp,PMC3253394_03_kjr-13-102-g003.jpg,d,PMC3253394_03,CC BY-NC,33908,"Chest CT and angiographies of both coronary arteries in 68-year-old female, case 3. C, D. Early and late phases of right coronary angiography show enlarged coronary to bronchial artery fistula from proximal right coronary artery and massive pulmonary artery shunt (thick arrows).",['Fig. 3'],radiology,x_ray,thorax,thorax,frontal,"['thorax', 'radiology', 'frontal', 'x_ray']",[],True
file_0014996,PMC3253396_kjr-13-111-g001_B_2_8.webp,PMC3253396_01_kjr-13-111-g001.jpg,b,PMC3253396_01,CC BY-NC,51070,"50-year-old man with giant, complex-type pulmonary arteriovenous malformation in right thorax. B. Right pulmonary arteriogram shows entire structure of giant pulmonary arteriovenous malformation. One feeding artery originated from lateral basal segment branch of right pulmonary artery (A9) (arrow) and another from posterior basal segment branch (A10) (arrowhead).",[],radiology,x_ray,abdomen,abdomen,frontal,"['abdomen', 'radiology', 'frontal', 'x_ray']",[],True
file_0014997,PMC3253396_kjr-13-111-g001_C_3_8.webp,PMC3253396_01_kjr-13-111-g001.jpg,c,PMC3253396_01,CC BY-NC,17208,"50-year-old man with giant, complex-type pulmonary arteriovenous malformation in right thorax. C. Fluoroscopic image of inflated balloon (arrow), second microcatheter (arrowhead) advanced beyond balloon, and multiple platinum microcoils (open arrow) to embolize feeding artery from lateral basal segment branch of right pulmonary artery (A9).",['Fig. 1C'],radiology,x_ray,thorax,thorax,oblique,"['thorax', 'radiology', 'oblique', 'x_ray']","['radiology', 'thorax', 'x_ray']",True
file_0015031,PMC3259135_kjpain-25-33-g001_undivided_1_1.webp,PMC3259135_01_kjpain-25-33-g001.jpg,undivided,PMC3259135_01,CC BY-NC,21370,Initial chest x-ray shows pneumothorax in left hemithorax (white arrow) and partially collapsed left lung.,['Fig. 1'],radiology,x_ray,thorax,thorax,frontal,"['thorax', 'radiology', 'frontal', 'x_ray']","['radiology', 'thorax', 'x_ray']",True
file_0015035,PMC3259135_kjpain-25-33-g005_undivided_1_1.webp,PMC3259135_01_kjpain-25-33-g005.jpg,undivided,PMC3259135_01,CC BY-NC,17134,Chest-x ray after air aspiration shows shows decreased size of pneumothorax (arrowhead).,['Fig. 5'],radiology,x_ray,thorax,thorax,frontal,"['thorax', 'radiology', 'frontal', 'x_ray']",[],True
file_0015060,PMC3261597_JCIS-1-59-g005_undivided_1_1.webp,PMC3261597_01_JCIS-1-59-g005.jpg,undivided,PMC3261597_01,CC BY-NC-SA,18740,"Post natal infantogram showing narrow thorax with short ribs, disproportionate dwarfism, postaxial synpolydactyly on right side and hexadactyly on left side (white arrow and inner small images), clubbed lower ends of both femur and proximal ends of both tibia and ulna, high placed both the clavicles, pelvic dysplasia with low iliac wings and spur like downward projections (small black arrows) at the medial and lateral aspects of the acetabulae.",['Figure 4'],radiology,x_ray,head,head,oblique,"['head', 'radiology', 'oblique', 'x_ray']",[],True
file_0015322,PMC3271624_JNRP-3-74-g001_undivided_1_1.webp,PMC3271624_01_JNRP-3-74-g001.jpg,undivided,PMC3271624_01,CC BY-NC-SA,11188,Bedside X-ray chest showing bilateral fluffy opacities suggestive of pulmonary edema.,['Figure 1'],radiology,x_ray,thorax,thorax,frontal,"['thorax', 'radiology', 'frontal', 'x_ray']","['radiology', 'thorax', 'x_ray', 'mass']",True
file_0015345,PMC3271700_SJG-18-71-g001_undivided_1_1.webp,PMC3271700_01_SJG-18-71-g001.jpg,undivided,PMC3271700_01,CC BY-NC-SA,9944,Chest X-ray.,[],radiology,x_ray,thorax,thorax,frontal,"['thorax', 'radiology', 'frontal', 'x_ray']","['radiology', 'thorax', 'x_ray']",True
file_0015355,PMC3272533_kjae-62-73-g001_A_1_3.webp,PMC3272533_01_kjae-62-73-g001.jpg,a,PMC3272533_01,CC BY-NC,61408,"Chest radiographs. Preoperative,. Compared with.",['Fig. 1'],radiology,x_ray,thorax,thorax,frontal,"['thorax', 'radiology', 'frontal', 'x_ray']","['radiology', 'thorax', 'x_ray']",True
file_0015356,PMC3272533_kjae-62-73-g001_B_2_3.webp,PMC3272533_01_kjae-62-73-g001.jpg,b,PMC3272533_01,CC BY-NC,73964,"Chest radiographs. After intubation, and ,CPR,. Chest X-ray shows newly appeared bilateral pulmonary infiltrates in.",['Fig. 1'],radiology,x_ray,thorax,thorax,frontal,"['thorax', 'radiology', 'frontal', 'x_ray']","['radiology', 'thorax', 'x_ray']",True
file_0015357,PMC3272533_kjae-62-73-g001_C_3_3.webp,PMC3272533_01_kjae-62-73-g001.jpg,c,PMC3272533_01,CC BY-NC,63656,Chest radiographs. During critical care in ICU.,['Fig. 1'],radiology,x_ray,thorax,thorax,frontal,"['thorax', 'radiology', 'frontal', 'x_ray']","['radiology', 'thorax', 'x_ray']",True
file_0015358,PMC3272534_kjae-62-79-g001_undivided_1_1.webp,PMC3272534_01_kjae-62-79-g001.jpg,undivided,PMC3272534_01,CC BY-NC,72808,Immediate postoperative chest AP radiograph shows increased opacity in bilateral perihilar areas.,['Fig. 1'],radiology,x_ray,thorax,thorax,frontal,"['thorax', 'radiology', 'frontal', 'x_ray']","['radiology', 'thorax', 'x_ray', 'mass']",True
file_0015403,PMC3275944_JOACP-28-117-g004_undivided_1_1.webp,PMC3275944_01_JOACP-28-117-g004.jpg,undivided,PMC3275944_01,CC BY-NC-SA,22820,Chest X-ray showing deposition of high-density material.,['Figure 4'],radiology,x_ray,thorax,thorax,frontal,"['thorax', 'radiology', 'frontal', 'x_ray']","['radiology', 'thorax', 'x_ray']",True
file_0015404,PMC3275946_JOACP-28-124-g001_undivided_1_1.webp,PMC3275946_01_JOACP-28-124-g001.jpg,undivided,PMC3275946_01,CC BY-NC-SA,19448,"Chest X-RayPA view: Lateral curvature of the dorsal spine with rotation of the heart, Luque rods in situ, Cobb's angle curvature.",['Figure 1'],radiology,x_ray,thorax,thorax,frontal,"['thorax', 'radiology', 'frontal', 'x_ray']",[],True
file_0015526,PMC3282215_kjped-55-24-g003_A_1_2.webp,PMC3282215_02_kjped-55-24-g003.jpg,a,PMC3282215_02,CC BY-NC,2252,"(A) Angiography of the RUPV shows a partial anomalous pulmonary venous connection, consisting of the RUPV, which drains into the RA through the SVC.","['Fig. 3A, B']",radiology,x_ray,thorax,thorax,frontal,"['thorax', 'radiology', 'frontal', 'x_ray']","['radiology', 'angiography']",True
file_0015547,PMC3283966_DRJ-9-100-g004_undivided_1_1.webp,PMC3283966_01_DRJ-9-100-g004.jpg,undivided,PMC3283966_01,CC BY-NC-SA,21144,Chest X-ray showing fusion of 3rd and 4th ribs on left side.,[],radiology,x_ray,thorax,thorax,frontal,"['thorax', 'radiology', 'frontal', 'x_ray']","['radiology', 'thorax', 'x_ray']",True
file_0015584,PMC3284434_1752-1947-6-12-2_undivided_1_1.webp,PMC3284434_01_1752-1947-6-12-2.jpg,undivided,PMC3284434_01,CC BY,17764,"Retrograde filling of the left anterior descending artery, left circumflex artery and main pulmonary artery on delayed imaging after contrast injection of the right coronary artery.",['Figures 1'],radiology,x_ray,thorax,thorax,oblique,"['thorax', 'radiology', 'oblique', 'x_ray']","['radiology', 'contrast']",True
file_0015771,PMC3299121_SJA-6-65-g001_undivided_1_1.webp,PMC3299121_01_SJA-6-65-g001.jpg,undivided,PMC3299121_01,CC BY-NC-SA,12424,Chest X-ray on presentation to emergency department.,['Figures 1'],radiology,x_ray,thorax,thorax,frontal,"['thorax', 'radiology', 'frontal', 'x_ray']","['radiology', 'thorax', 'x_ray']",True
file_0015776,PMC3299121_SJA-6-65-g006_undivided_1_1.webp,PMC3299121_01_SJA-6-65-g006.jpg,undivided,PMC3299121_01,CC BY-NC-SA,11534,Predischarge chest X-ray of the patient.,['Figure 6'],radiology,x_ray,thorax,thorax,frontal,"['thorax', 'radiology', 'frontal', 'x_ray']","['radiology', 'thorax', 'x_ray']",True
file_0015777,PMC3299122_SJA-6-69-g001_undivided_1_1.webp,PMC3299122_01_SJA-6-69-g001.jpg,undivided,PMC3299122_01,CC BY-NC-SA,9614,Chest roengtogram showing persistent right pneumothorax and collapsed right lung.,['Figure 1'],radiology,x_ray,thorax,thorax,frontal,"['thorax', 'radiology', 'frontal', 'x_ray']",[],True
file_0015794,PMC3299168_JETS-5-97-g001_undivided_1_1.webp,PMC3299168_01_JETS-5-97-g001.jpg,undivided,PMC3299168_01,CC BY-NC-SA,15714,"Chest X-ray clearly outlined the metallic density of the inner flange, lodged partly in the trachea and partly along the left main bronchus.",['Figure 1'],radiology,x_ray,thorax,thorax,frontal,"['thorax', 'radiology', 'frontal', 'x_ray']","['radiology', 'thorax', 'x_ray']",True
file_0015799,PMC3300901_1757-1626-2-7414-1_undivided_1_1.webp,PMC3300901_01_1757-1626-2-7414-1.jpg,undivided,PMC3300901_01,CC BY,31960,Chest radiograph performed at admission to the hospital.,['figure 1'],radiology,x_ray,thorax,thorax,frontal,"['thorax', 'radiology', 'frontal', 'x_ray']","['radiology', 'thorax', 'x_ray']",True
file_0015937,PMC3304191_NJMS-1-50-g003_undivided_1_1.webp,PMC3304191_01_NJMS-1-50-g003.jpg,undivided,PMC3304191_01,CC BY-NC-SA,5062,AP chest and neck radiograph showing spina bifida of C5 and C6 vertebrae and partially fused left and right 4th and 5th ribs.,['Figure 3'],radiology,x_ray,thorax,thorax,frontal,"['thorax', 'radiology', 'frontal', 'x_ray']","['radiology', 'x_ray']",True
file_0016180,PMC3322914_03-0322-F2_undivided_1_1.webp,PMC3322914_01_03-0322-F2.jpg,undivided,PMC3322914_01,CC BY,5700,Repeat chest radiograph as second admission.,['Figure 2'],radiology,x_ray,thorax,thorax,frontal,"['thorax', 'radiology', 'frontal', 'x_ray']","['radiology', 'thorax', 'x_ray']",True
file_0016254,PMC3327022_APC-5-75-g001_undivided_1_1.webp,PMC3327022_01_APC-5-75-g001.jpg,undivided,PMC3327022_01,CC BY-NC-SA,8954,Chest reontgenogram showing pulmonary venous hypertension with pneumothorax on the left side.,['Figure 1'],radiology,x_ray,thorax,thorax,frontal,"['thorax', 'radiology', 'frontal', 'x_ray']",[],True
file_0016257,PMC3327022_APC-5-75-g003_undivided_1_1.webp,PMC3327022_01_APC-5-75-g003.jpg,undivided,PMC3327022_01,CC BY-NC-SA,15582,The chest roentgenogram showing plethora and the stent position corresponding to the vertical vein (arrow).,['Figure 3'],radiology,x_ray,thorax,thorax,frontal,"['thorax', 'radiology', 'frontal', 'x_ray']","['radiology', 'thorax', 'x_ray']",True
file_0016308,PMC3338242_IJCCM-16-52-g001_undivided_1_1.webp,PMC3338242_01_IJCCM-16-52-g001.jpg,undivided,PMC3338242_01,CC BY-NC-SA,14836,Chest X-ray on day 1.,['Figure 1'],radiology,x_ray,thorax,thorax,frontal,"['thorax', 'radiology', 'frontal', 'x_ray']","['radiology', 'thorax', 'x_ray']",True
file_0016548,PMC3357015_JISP-16-104-g008_undivided_1_1.webp,PMC3357015_01_JISP-16-104-g008.jpg,undivided,PMC3357015_01,CC BY-NC-SA,10404,Chest radiograph.,['Figure 8'],radiology,x_ray,thorax,thorax,frontal,"['thorax', 'radiology', 'frontal', 'x_ray']","['radiology', 'thorax', 'x_ray']",True
file_0016663,PMC3361206_PAMJ-11-68-g001_undivided_1_1.webp,PMC3361206_01_PAMJ-11-68-g001.jpg,undivided,PMC3361206_01,CC BY,8738,The chest radiography demonstrated bilateral mass lesion.,[],radiology,x_ray,thorax,thorax,frontal,"['thorax', 'radiology', 'frontal', 'x_ray']","['radiology', 'thorax', 'x_ray', 'mass']",True
file_0016801,PMC3385192_HV-13-16-g001_undivided_1_1.webp,PMC3385192_01_HV-13-16-g001.jpg,undivided,PMC3385192_01,CC BY-NC-SA,53852,Chest skiagram showing pulmonary edema.,['Figure 1'],radiology,x_ray,thorax,thorax,frontal,"['thorax', 'radiology', 'frontal', 'x_ray']",[],True
file_0016996,PMC3410093_JFCM-11-71-g001_undivided_1_1.webp,PMC3410093_01_JFCM-11-71-g001.jpg,undivided,PMC3410093_01,CC BY-NC-SA,13036,Chest X-ray.,['Figure 1'],radiology,x_ray,thorax,thorax,frontal,"['thorax', 'radiology', 'frontal', 'x_ray']","['radiology', 'thorax', 'x_ray']",True
file_0017003,PMC3415048_PAMJ-12-27-g001_undivided_1_1.webp,PMC3415048_01_PAMJ-12-27-g001.jpg,undivided,PMC3415048_01,CC BY,14628,Right sided paracardiac opacity at chest X-ray without pleural effusion.,['Figure 1'],radiology,x_ray,thorax,thorax,frontal,"['thorax', 'radiology', 'frontal', 'x_ray']","['radiology', 'thorax', 'x_ray']",True
file_0017117,PMC3425265_JLP-4-45-g001_undivided_1_1.webp,PMC3425265_01_JLP-4-45-g001.jpg,undivided,PMC3425265_01,CC BY-NC-SA,8132,X ray chest showing left sided pleural effusion.,[],radiology,x_ray,thorax,thorax,frontal,"['thorax', 'radiology', 'frontal', 'x_ray']",[],True
file_0017194,PMC3437097_JFCM-4-77-g002_undivided_1_1.webp,PMC3437097_01_JFCM-4-77-g002.jpg,undivided,PMC3437097_01,CC BY-NC-SA,40764,Radiograph of the chest lateral film demonstrating the foreign body.,['Figure 1'],radiology,x_ray,thorax,thorax,sagittal,"['thorax', 'radiology', 'sagittal', 'x_ray']","['radiology', 'thorax', 'x_ray']",True
file_0017206,PMC3440929_JCIS-2-49-g002_undivided_1_1.webp,PMC3440929_01_JCIS-2-49-g002.jpg,undivided,PMC3440929_01,CC BY-NC-SA,11770,"Left tension gastrothorax. Chest X-ray of a 28-year-old pregnant female shows herniation of the stomach into the left hemithorax (horizontal arrow), with air fluid level (vertical inverted arrow) and mediastinal shift to the right side (arrow head).",['Figure 1'],radiology,x_ray,thorax,thorax,frontal,"['thorax', 'radiology', 'frontal', 'x_ray']","['radiology', 'x_ray']",True
file_0017207,PMC3440929_JCIS-2-49-g003_undivided_1_1.webp,PMC3440929_01_JCIS-2-49-g003.jpg,undivided,PMC3440929_01,CC BY-NC-SA,35654,"Left tension gastrothorax with left intercostal drain. Chest X-ray of a 28-year-old pregnant female shows herniation of the stomach into the left hemithorax (vertical arrow), with intercostal drain (horizontal arrow) and mediastinal shift to the right side (arrow head).",['Figure 2'],radiology,x_ray,thorax,thorax,frontal,"['thorax', 'radiology', 'frontal', 'x_ray']","['radiology', 'x_ray']",True
file_0017209,PMC3440930_JCIS-2-55-g002_undivided_1_1.webp,PMC3440930_01_JCIS-2-55-g002.jpg,undivided,PMC3440930_01,CC BY-NC-SA,10364,Multilocular thymic cyst with follicular hyperplasia in a 47- year-old HIV+ female with cough and chest pain. Postero-anterior chest radiograph demonstrates an abnormal contour along the right cardiomediastinal border (arrow).,['Figures 2'],radiology,x_ray,thorax,thorax,frontal,"['thorax', 'radiology', 'frontal', 'x_ray']","['radiology', 'thorax', 'x_ray']",True
file_0017288,PMC3461777_JSTCR-4-39-g002_undivided_1_1.webp,PMC3461777_01_JSTCR-4-39-g002.jpg,undivided,PMC3461777_01,CC BY-NC-SA,8420,X-Ray of the chest showing meningoceles as a mass lesion.,[],radiology,x_ray,thorax,thorax,frontal,"['thorax', 'radiology', 'frontal', 'x_ray']","['radiology', 'thorax', 'x_ray', 'mass']",True
file_0017381,PMC3466862_jthc-6-41f1_undivided_1_1.webp,PMC3466862_01_jthc-6-41f1.jpg,undivided,PMC3466862_01,CC BY-NC,15442,"Chest X-ray revealing mild cardiomegaly, dilated right descending pulmonary artery, and oligemia in the right lung.",['Figure 1'],radiology,x_ray,thorax,thorax,frontal,"['thorax', 'radiology', 'frontal', 'x_ray']","['radiology', 'thorax', 'x_ray']",True
file_0017410,PMC3469247_can-6-274fig1_undivided_1_1.webp,PMC3469247_01_can-6-274fig1.jpg,undivided,PMC3469247_01,CC BY,16336,CXR. Widened mediastinum.,['Figure 1'],radiology,x_ray,thorax,thorax,frontal,"['thorax', 'radiology', 'frontal', 'x_ray']","['radiology', 'thorax', 'x_ray']",True
file_0017432,PMC3473978_PAMJ-12-92-g002_undivided_1_1.webp,PMC3473978_01_PAMJ-12-92-g002.jpg,undivided,PMC3473978_01,CC BY,14520,Chest X-ray showing a bronchial passage of the contrast agent.,['Figure 2'],radiology,x_ray,thorax,thorax,frontal,"['thorax', 'radiology', 'frontal', 'x_ray']","['radiology', 'thorax', 'x_ray', 'contrast']",True
file_0017542,PMC3484568_hsrp-02-051-g001_undivided_1_1.webp,PMC3484568_01_hsrp-02-051-g001.jpg,undivided,PMC3484568_01,CC BY-NC,13614,Chest x-ray with evidence of the bullet in the thorax.,['Figure 1'],radiology,x_ray,thorax,thorax,frontal,"['thorax', 'radiology', 'frontal', 'x_ray']","['radiology', 'thorax', 'x_ray']",True
file_0017548,PMC3484633_hsrp-03-203-g001_undivided_1_1.webp,PMC3484633_01_hsrp-03-203-g001.jpg,undivided,PMC3484633_01,CC BY-NC,53002,"Coronary angiography and stenting during continuous chest compression by means of the LUCAS device in a 40-year-old patient with cardiac arrest. Angiography showed a thrombotic subocclusion of the left main coronary stem (panel A; arrow showing the subocclusive stenosis). . After pre-dilation with a 2.5x20 mm semi-compliant balloon at 12 atmospheres at the left main-left circumflex level (panel B), a 3.5x25 mm bare-metal stent was implanted up to 20 atmospheres at the left main-left anterior descending level (panel C), with a satisfactory result in terms of residual stenosis (panel D). . Despite this and continuous cardiopulmonary support, the patient never achieved a return of spontaneous circulation and was declared dead 30 minutes after the end of the revascularization procedure.",['Figure 1'],radiology,x_ray,thorax,thorax,oblique,"['thorax', 'radiology', 'oblique', 'x_ray']","['radiology', 'thorax', 'angiography']",True
file_0017553,PMC3484924_hsrp-04-047-g004_undivided_1_1.webp,PMC3484924_01_hsrp-04-047-g004.jpg,undivided,PMC3484924_01,CC BY-NC,10700,Chest-abdominal X-ray confirming the appropriate diagnosis.,['Figure 4'],radiology,x_ray,abdomen,abdomen,frontal,"['abdomen', 'radiology', 'frontal', 'x_ray']","['radiology', 'x_ray']",True
file_0017599,PMC3499991_mjhid-4-1-063f1_undivided_1_1.webp,PMC3499991_01_mjhid-4-1-063f1.jpg,undivided,PMC3499991_01,CC BY,10536,Chest radiograph showing pleural effusion on the left.,['Figure 1'],radiology,x_ray,thorax,thorax,frontal,"['thorax', 'radiology', 'frontal', 'x_ray']","['radiology', 'thorax', 'x_ray']",True
file_0017615,PMC3507013_ABR-1-16-g001_a_1_2.webp,PMC3507013_01_ABR-1-16-g001.jpg,a,PMC3507013_01,CC BY-NC-SA,12064,Conventional chest radiograph with abnormal position of the tip of central venous catheter. Before pulling back the catheter.,['Figure 1'],radiology,x_ray,thorax,thorax,oblique,"['thorax', 'radiology', 'oblique', 'x_ray']","['radiology', 'thorax', 'x_ray']",True
file_0017616,PMC3507013_ABR-1-16-g001_b_2_2.webp,PMC3507013_01_ABR-1-16-g001.jpg,b,PMC3507013_01,CC BY-NC-SA,9936,Conventional chest radiograph with abnormal position of the tip of central venous catheter. After pulling back the catheter. Point a = the tip of catheter that seems is in axillary vein. Point b = the part of catheter which seems is outside axillary vein.,['Figure 1'],radiology,x_ray,thorax,thorax,oblique,"['thorax', 'radiology', 'oblique', 'x_ray']","['radiology', 'thorax', 'x_ray']",True
file_0017626,PMC3507068_AJM-2-12-g001_undivided_1_1.webp,PMC3507068_01_AJM-2-12-g001.jpg,undivided,PMC3507068_01,CC BY-NC-SA,13108,Plain radiograph demonstrating rounded left perihilar densities created by the abnormal pulmonary veins (arrows). A coil is also seen in the PDA.,['Figure 1'],radiology,x_ray,thorax,thorax,frontal,"['thorax', 'radiology', 'frontal', 'x_ray']","['radiology', 'x_ray']",True
file_0017627,PMC3507068_AJM-2-12-g003_a_1_4.webp,PMC3507068_01_AJM-2-12-g003.jpg,a,PMC3507068_01,CC BY-NC-SA,8638,Pulmonary artery wedge injections in the right upper lobe pulmonary artery.,['Figure 3'],radiology,x_ray,abdomen,abdomen,frontal,"['abdomen', 'radiology', 'frontal', 'x_ray']",[],True
file_0017628,PMC3507068_AJM-2-12-g003_b_2_4.webp,PMC3507068_01_AJM-2-12-g003.jpg,b,PMC3507068_01,CC BY-NC-SA,6350,Right lower lobe pulmonary artery.,['Figure 3'],radiology,x_ray,thorax,thorax,frontal,"['thorax', 'radiology', 'frontal', 'x_ray']",[],True
file_0017629,PMC3507068_AJM-2-12-g003_c_3_4.webp,PMC3507068_01_AJM-2-12-g003.jpg,c,PMC3507068_01,CC BY-NC-SA,9208,Left upper lobe pulmonary artery.,['Figure 3'],radiology,x_ray,thorax,thorax,oblique,"['thorax', 'radiology', 'oblique', 'x_ray']",[],True
file_0017630,PMC3507068_AJM-2-12-g003_d_4_4.webp,PMC3507068_01_AJM-2-12-g003.jpg,d,PMC3507068_01,CC BY-NC-SA,7238,"Left lower lobe pulmonary artery , demonstrating the course of the individual pulmonary veins. A coil can be seen in the ductus arteriosus (small arrow).",['Figure 3'],radiology,x_ray,abdomen,abdomen,frontal,"['abdomen', 'radiology', 'frontal', 'x_ray']",[],True
file_0017692,PMC3513815_NJMS-3-70-g005_undivided_1_1.webp,PMC3513815_01_NJMS-3-70-g005.jpg,undivided,PMC3513815_01,CC BY-NC-SA,10706,Chest X-ray.,['Figure 5'],radiology,x_ray,thorax,thorax,frontal,"['thorax', 'radiology', 'frontal', 'x_ray']","['radiology', 'thorax', 'x_ray']",True
file_0017760,PMC3515415_can-6-279fig1_undivided_1_1.webp,PMC3515415_01_can-6-279fig1.jpg,undivided,PMC3515415_01,CC BY,10042,"Chest x-ray demonstrating an elevated right hemi-diaphragm, mediastinal lymphadenopathy, and tracheal compression near the level of the carina.",['Figure 1'],radiology,x_ray,thorax,thorax,frontal,"['thorax', 'radiology', 'frontal', 'x_ray']","['radiology', 'thorax', 'x_ray']",True
file_0017813,PMC3515951_JCIS-2-67-g002_a_1_2.webp,PMC3515951_01_JCIS-2-67-g002.jpg,a,PMC3515951_01,CC BY-NC-SA,5838,Chest X-ray. Posterior anterior (PA).,['Figure 1a and b'],radiology,x_ray,thorax,thorax,frontal,"['thorax', 'radiology', 'frontal', 'x_ray']","['radiology', 'thorax', 'x_ray']",True
file_0017977,PMC3542307_kjr-14-86-g001_A_1_8.webp,PMC3542307_01_kjr-14-86-g001.jpg,a,PMC3542307_01,CC BY-NC,3376,"Spontaneous massive hemothorax in 46-year-old woman with neurofibromatosis type 1. . A. Antero-posterior chest film reveals haziness of left lung, mediastinum shift to right, and severe kyphoscoliosis.",['Fig. 1A'],radiology,x_ray,thorax,thorax,frontal,"['thorax', 'radiology', 'frontal', 'x_ray']",[],True
file_0017980,PMC3542307_kjr-14-86-g001_D_4_8.webp,PMC3542307_01_kjr-14-86-g001.jpg,d,PMC3542307_01,CC BY-NC,10508,"Spontaneous massive hemothorax in 46-year-old woman with neurofibromatosis type 1. Selective left 5th intercostal arteriography demonstrate saccular aneurysm (small arrow) at proximal left 5th intercostal artery with dilated adjacent vein (arrow head) due to arteriovenous fistula between left 5th intercostal artery, and ,vein.",['Fig. 1D'],radiology,x_ray,abdomen,abdomen,frontal,"['abdomen', 'radiology', 'frontal', 'x_ray']",[],True
file_0018006,PMC3542785_PAMJ-13-48-g001_undivided_1_1.webp,PMC3542785_01_PAMJ-13-48-g001.jpg,undivided,PMC3542785_01,CC BY,47594,Posteroanterior radiograph of the giant pulmonary hydatid Cyst which pushed the heart to the right side.,['Figure 1'],radiology,x_ray,thorax,thorax,frontal,"['thorax', 'radiology', 'frontal', 'x_ray']","['radiology', 'frontal', 'posteroanterior', 'x_ray']",True
file_0018048,PMC3543967_kjim-28-94-g001_A_1_2.webp,PMC3543967_01_kjim-28-94-g001.jpg,a,PMC3543967_01,CC BY-NC,6012,A 21-year-old man with Mycobacterium avium infection combined with a bronchogenic cyst. (A) Chest radiography showed a cystic mass in the right upper lobe.,['Fig. 1A'],radiology,x_ray,thorax,thorax,frontal,"['thorax', 'radiology', 'frontal', 'x_ray']","['radiology', 'thorax', 'x_ray', 'mass']",True
file_0018054,PMC3543968_kjim-28-98-g001_A_1_4.webp,PMC3543968_01_kjim-28-98-g001.jpg,a,PMC3543968_01,CC BY-NC,6764,(A) Abdominal computed tomography (CT) revealed mixed reticular and ground-glass opacities in both lower-lung zones.,['Fig. 1A'],radiology,x_ray,abdomen,abdomen,frontal,"['abdomen', 'radiology', 'frontal', 'x_ray']",[],True
file_0018078,PMC3546094_jkms-28-152-g001_A_1_2.webp,PMC3546094_01_jkms-28-152-g001.jpg,a,PMC3546094_01,CC BY-NC,6722,Chest radiographic and computed tomography (CT) findings. (A) Chest radiograph showed consolidation in the entire right lower lung field.,['Fig. 1A'],radiology,x_ray,thorax,thorax,frontal,"['thorax', 'radiology', 'frontal', 'x_ray']",['radiology'],True
file_0018162,PMC3550313_kjo-27-52-g002_undivided_1_1.webp,PMC3550313_01_kjo-27-52-g002.jpg,undivided,PMC3550313_01,CC BY-NC,18698,Chest radiograph shows multiple confluent irregular opacities (arrow) in right upper lobe. There are no remarkable findings in hilar region with shadow of aortic arch (arrowhead).,['Fig. 2'],radiology,x_ray,thorax,thorax,frontal,"['thorax', 'radiology', 'frontal', 'x_ray']","['radiology', 'thorax', 'x_ray']",True
file_0018220,PMC3551508_JCIS-2-81-g002_undivided_1_1.webp,PMC3551508_01_JCIS-2-81-g002.jpg,undivided,PMC3551508_01,CC BY-NC-SA,12802,Chest X-ray of 4-month old boy shows homogenous opacity (white arrow) on the rightside with mediastinal shift and herniation of left lung (black arrow).,['Figure 1'],radiology,x_ray,thorax,thorax,frontal,"['thorax', 'radiology', 'frontal', 'x_ray']","['radiology', 'thorax', 'x_ray', 'mass']",True
file_0018269,PMC3551643_1756-0500-6-6-3_undivided_1_1.webp,PMC3551643_01_1756-0500-6-6-3.jpg,undivided,PMC3551643_01,CC BY,12612,"Chest radiograph showing hypoplastic clavicles. (From Kolokitha OE, Papadopoulou AK with permission).",[],radiology,x_ray,thorax,thorax,frontal,"['thorax', 'radiology', 'frontal', 'x_ray']","['radiology', 'thorax', 'x_ray']",True
file_0018349,PMC3557185_1749-8090-8-8-1_undivided_1_1.webp,PMC3557185_01_1749-8090-8-8-1.jpg,undivided,PMC3557185_01,CC BY,8148,The Chest-X-Ray performed after laparoscopic surgery. It shows dilated bowels loops in the left hemi thorax shifting the mediastinum to the right.,['Figure 1'],radiology,x_ray,thorax,thorax,frontal,"['thorax', 'radiology', 'frontal', 'x_ray']","['radiology', 'thorax', 'x_ray']",True
file_0018351,PMC3557185_1749-8090-8-8-3_undivided_1_1.webp,PMC3557185_01_1749-8090-8-8-3.jpg,undivided,PMC3557185_01,CC BY,9584,This is the CXR after the diaphragmatic hernia repair. It shows that the bowel contents have been successfully reduced with satisfactory left lung expansion.,['Figure 3'],radiology,x_ray,thorax,thorax,frontal,"['thorax', 'radiology', 'frontal', 'x_ray']","['radiology', 'thorax', 'x_ray']",True
file_0018398,PMC3558450_1752-1947-7-13-3_c_3_3.webp,PMC3558450_01_1752-1947-7-13-3.jpg,c,PMC3558450_01,CC BY,2930,"The anteroposterior view X-ray. Of the chest after cervical surgery. It revealed a pneumothorax, much fluid, and pulmonary atelectasis on the right side of the chest with pneumomediastinum.",['Figure 3'],radiology,x_ray,thorax,thorax,frontal,"['thorax', 'radiology', 'frontal', 'x_ray']","['radiology', 'frontal', 'anteroposterior', 'x_ray']",True
file_0018407,PMC3560203_1471-2334-13-38-1_undivided_1_1.webp,PMC3560203_01_1471-2334-13-38-1.jpg,undivided,PMC3560203_01,CC BY,10846,Chest x ray of the patient demonstrating diffuse pulmonary hemorrhages.,['Figure 1'],radiology,x_ray,thorax,thorax,frontal,"['thorax', 'radiology', 'frontal', 'x_ray']",[],True
file_0018437,PMC3562058_can-7-288fig1_undivided_1_1.webp,PMC3562058_01_can-7-288fig1.jpg,undivided,PMC3562058_01,CC BY,37828,Normal pre-operative chest X-ray.,['Figure 1'],radiology,x_ray,thorax,thorax,frontal,"['thorax', 'radiology', 'frontal', 'x_ray']","['radiology', 'thorax', 'x_ray']",True
file_0018459,PMC3563701_trd-74-32-g001_undivided_1_1.webp,PMC3563701_01_trd-74-32-g001.jpg,undivided,PMC3563701_01,CC BY-NC,15786,Chest X-ray showing a suspicious consolidation in the right upper lung field and diffuse bilateral haziness.,['Figure 1'],radiology,x_ray,thorax,thorax,frontal,"['thorax', 'radiology', 'frontal', 'x_ray']","['radiology', 'thorax', 'x_ray']",True
file_0018465,PMC3564571_jocmr-05-64-g001_a_1_2.webp,PMC3564571_01_jocmr-05-64-g001.jpg,a,PMC3564571_01,CC BY,4568,Chest X-ray.,['Fig. 1'],radiology,x_ray,thorax,thorax,frontal,"['thorax', 'radiology', 'frontal', 'x_ray']","['radiology', 'thorax', 'x_ray']",True
file_0018497,PMC3565149_jkms-28-331-g001_A_1_4.webp,PMC3565149_01_jkms-28-331-g001.jpg,a,PMC3565149_01,CC BY-NC,3930,Chest X-ray and chest computed tomography (CT) at admission. (A) Chest X-ray showing a large pleural effusion in the left hemithorax.,['Fig. 1A'],radiology,x_ray,thorax,thorax,frontal,"['thorax', 'radiology', 'frontal', 'x_ray']",['radiology'],True
file_0018591,PMC3568019_1471-2334-13-12-1_A_1_3.webp,PMC3568019_01_1471-2334-13-12-1.jpg,a,PMC3568019_01,CC BY,2346,Chest radiograph. A: Pleural based opacities in the right hemithorax at presentation.,['Figure 1A'],radiology,x_ray,thorax,thorax,frontal,"['thorax', 'radiology', 'frontal', 'x_ray']","['radiology', 'thorax', 'x_ray', 'mass']",True
file_0018592,PMC3568019_1471-2334-13-12-1_B_2_3.webp,PMC3568019_01_1471-2334-13-12-1.jpg,b,PMC3568019_01,CC BY,2432,Chest radiograph. B: Marked improvements after 6 months of antituberculous chemotherapy.,['Figure 1B and C'],radiology,x_ray,thorax,thorax,frontal,"['thorax', 'radiology', 'frontal', 'x_ray']","['radiology', 'thorax', 'x_ray']",True
file_0018593,PMC3568019_1471-2334-13-12-1_C_3_3.webp,PMC3568019_01_1471-2334-13-12-1.jpg,c,PMC3568019_01,CC BY,2494,Chest radiograph. C: Further improvements another 6 months after the completion of chemotherapy.,['Figure 1B and C'],radiology,x_ray,thorax,thorax,frontal,"['thorax', 'radiology', 'frontal', 'x_ray']","['radiology', 'thorax', 'x_ray']",True
file_0018614,PMC3568726_1752-1947-7-32-1_undivided_1_1.webp,PMC3568726_01_1752-1947-7-32-1.jpg,undivided,PMC3568726_01,CC BY,9054,Chest X-ray showed a homogeneous soft tissue mass 20x30mm in the lingual area.,['Figure 1'],radiology,x_ray,thorax,thorax,frontal,"['thorax', 'radiology', 'frontal', 'x_ray']","['radiology', 'thorax', 'x_ray', 'mass']",True
file_0018617,PMC3568726_1752-1947-7-32-3_B_2_2.webp,PMC3568726_01_1752-1947-7-32-3.jpg,b,PMC3568726_01,CC BY,6888,B. Status post-embolization of the left pulmonary artery segmental branch with arteriovenous malformation occlusion.,['Figures 3'],radiology,x_ray,thorax,thorax,frontal,"['thorax', 'radiology', 'frontal', 'x_ray']",[],True
file_0018618,PMC3568726_1752-1947-7-32-5_undivided_1_1.webp,PMC3568726_01_1752-1947-7-32-5.jpg,undivided,PMC3568726_01,CC BY,9594,Chest X-ray with visible steels coils after embolotherapy of pulmonary arteriovenous malformations within the perihilar left upper lobe and small arteriovenous malformation within the apical segment of the right lobe.,['Figure 5'],radiology,x_ray,thorax,thorax,frontal,"['thorax', 'radiology', 'frontal', 'x_ray']","['radiology', 'x_ray']",True
file_0018623,PMC3569571_kcj-43-66-g002_B_2_2.webp,PMC3569571_01_kcj-43-66-g002.jpg,b,PMC3569571_01,CC BY-NC,8562,"Illustration of staged surgical procedures for replacement of ascending aorta with bypass to bilateral carotid arteries, attachment of elephant trunk, and bilateral carotid-to-subclavian bypass. B: post-op. AA: ascending aorta, TAA: thoracic aortic aneurysm, ARSA: aberrant right subclavian artery, LSA: left subclavian artery, RCCA: right common carotid artery, LCCA: left common carotid artery, HG: hemashield graft.",['Fig. 2'],radiology,x_ray,upper_limb,elbow,ultrasound_view,"['radiology', 'upper_limb', 'ultrasound_view', 'elbow', 'x_ray']",[],True
file_0018624,PMC3569571_kcj-43-66-g003_undivided_1_1.webp,PMC3569571_01_kcj-43-66-g003.jpg,undivided,PMC3569571_01,CC BY-NC,25456,Thoracic aorta angiography after successful exclusion of thoracic aortic aneurysm by implantation of stent-grafts.,['Fig. 3'],radiology,x_ray,thorax,thorax,oblique,"['thorax', 'radiology', 'oblique', 'x_ray']","['radiology', 'thorax', 'angiography']",True
file_0018688,PMC3573560_ATM-8-58-g001_undivided_1_1.webp,PMC3573560_01_ATM-8-58-g001.jpg,undivided,PMC3573560_01,CC BY-NC-SA,7384,Chest roentgenogram showing no evidence of a foreign body.,[],radiology,x_ray,thorax,thorax,frontal,"['thorax', 'radiology', 'frontal', 'x_ray']","['radiology', 'thorax', 'x_ray']",True
file_0018778,PMC3579081_jkns-53-43-g001_A_1_2.webp,PMC3579081_01_jkns-53-43-g001.jpg,a,PMC3579081_01,CC BY-NC,6054,Preoperative images. A : Chest PA imaging.,['Fig. 1'],radiology,x_ray,thorax,thorax,frontal,"['thorax', 'radiology', 'frontal', 'x_ray']",[],True
file_0018943,PMC3590515_JOACP-29-114-g001_undivided_1_1.webp,PMC3590515_01_JOACP-29-114-g001.jpg,undivided,PMC3590515_01,CC BY-NC-SA,58952,Chest X-ray showing dilated cardiomyopathy.,['Figure 1'],radiology,x_ray,thorax,thorax,frontal,"['thorax', 'radiology', 'frontal', 'x_ray']","['radiology', 'thorax', 'x_ray']",True
file_0018945,PMC3590552_JOACP-29-95-g003_undivided_1_1.webp,PMC3590552_01_JOACP-29-95-g003.jpg,undivided,PMC3590552_01,CC BY-NC-SA,9936,Chest X-ray with dynamic compression plate supporting lower xiphisternum.,['Figure 3'],radiology,x_ray,thorax,thorax,frontal,"['thorax', 'radiology', 'frontal', 'x_ray']","['radiology', 'thorax', 'x_ray']",True
file_0019121,PMC3600993_1471-2342-13-2-1_undivided_1_1.webp,PMC3600993_01_1471-2342-13-2-1.jpg,undivided,PMC3600993_01,CC BY,15088,"A frontal chest x-ray showing changes consistent sarcoidosis. There is bilateral bulky hilar and paratracheal lymphadenopathy together with extensive, confluent reticulonodular opacities with a characteristic distribution in the mid and upper zones.",['Figure 1'],radiology,x_ray,thorax,thorax,frontal,"['thorax', 'radiology', 'frontal', 'x_ray']","['radiology', 'thorax', 'x_ray', 'mass']",True
file_0019242,PMC3621222_HV-14-29-g001_undivided_1_1.webp,PMC3621222_01_HV-14-29-g001.jpg,undivided,PMC3621222_01,CC BY-NC-SA,41476,Snoopy sign. Lung tissue between aorta and pulmonary artery.,['Figure 1'],radiology,x_ray,thorax,thorax,frontal,"['thorax', 'radiology', 'frontal', 'x_ray']",[],True
file_0019336,PMC3627442_ETM-05-04-1017-g00_A_1_2.webp,PMC3627442_01_ETM-05-04-1017-g00.jpg,a,PMC3627442_01,CC BY,4318,"(A) An X-ray image of the thorax. The X-ray image revealed that the right clavicle was absent, the anterior extremities of the right ribs were destructed and pleural effusion was observed on the right side of the thorax.",['Fig. 1A'],radiology,x_ray,thorax,thorax,frontal,"['thorax', 'radiology', 'frontal', 'x_ray']","['radiology', 'thorax', 'x_ray']",True
file_0019340,PMC3628229_JGID-5-26-g001_undivided_1_1.webp,PMC3628229_01_JGID-5-26-g001.jpg,undivided,PMC3628229_01,CC BY-NC-SA,6528,Miliary mottling on chest radiograph.,['Figure 1'],radiology,x_ray,thorax,thorax,frontal,"['thorax', 'radiology', 'frontal', 'x_ray']","['radiology', 'thorax', 'x_ray']",True
file_0019491,PMC3634252_APC-6-68-g001_a_1_2.webp,PMC3634252_01_APC-6-68-g001.jpg,a,PMC3634252_01,CC BY-NC-SA,5950,"Chest X-ray, anteroposterior projection showing severe cardiomegaly.",['Figure 1a'],radiology,x_ray,thorax,thorax,frontal,"['thorax', 'radiology', 'frontal', 'x_ray']","['radiology', 'thorax', 'frontal', 'anteroposterior', 'x_ray']",True
file_0019492,PMC3634252_APC-6-68-g001_b_2_2.webp,PMC3634252_01_APC-6-68-g001.jpg,b,PMC3634252_01,CC BY-NC-SA,5676,"Right atrial enlargement. Postoperative chest X-ray, anteroposterior projection showing decrease in cardiomegaly.",['Figure 1b'],radiology,x_ray,thorax,thorax,frontal,"['thorax', 'radiology', 'frontal', 'x_ray']","['radiology', 'thorax', 'frontal', 'anteroposterior', 'x_ray']",True
file_0019510,PMC3634257_APC-6-83-g001_undivided_1_1.webp,PMC3634257_01_APC-6-83-g001.jpg,undivided,PMC3634257_01,CC BY-NC-SA,35466,Chest X-ray shows markedly reduced pulmonary vascular markings.,['Figure 1'],radiology,x_ray,thorax,thorax,frontal,"['thorax', 'radiology', 'frontal', 'x_ray']","['radiology', 'thorax', 'x_ray']",True
file_0019605,PMC3641980_1749-8090-8-2-1_undivided_1_1.webp,PMC3641980_01_1749-8090-8-2-1.jpg,undivided,PMC3641980_01,CC BY,11760,Frontal view of chest demonstrates an abnormal double density along the right heart border (arrowheads).,[],radiology,x_ray,thorax,thorax,frontal,"['thorax', 'radiology', 'frontal', 'x_ray']",[],True
file_0019612,PMC3642751_SNI-4-61-g001_a_1_3.webp,PMC3642751_01_SNI-4-61-g001.jpg,a,PMC3642751_01,CC BY-NC-SA,4250,"(a, b) Radiographs of the cervical and thoracic spine demonstrating fused vertebral bodies from C2 down to T6.",['Figure 1'],radiology,x_ray,head,head,sagittal,"['head', 'radiology', 'sagittal', 'x_ray']","['radiology', 'x_ray']",True
file_0019613,PMC3642751_SNI-4-61-g001_b_2_3.webp,PMC3642751_01_SNI-4-61-g001.jpg,b,PMC3642751_01,CC BY-NC-SA,4722,"(a, b) Radiographs of the cervical and thoracic spine demonstrating fused vertebral bodies from C2 down to T6.",['Figure 1'],radiology,x_ray,head,head,frontal,"['head', 'radiology', 'frontal', 'x_ray']","['radiology', 'x_ray']",True
file_0019614,PMC3642751_SNI-4-61-g001_c_3_3.webp,PMC3642751_01_SNI-4-61-g001.jpg,c,PMC3642751_01,CC BY-NC-SA,3008,"No instability was documented on flexion-extension studies, (c) Significant kyphosis at the higher thoracic spine.",['Figure 1'],radiology,x_ray,thorax,thorax,sagittal,"['thorax', 'radiology', 'sagittal', 'x_ray']",[],True
file_0019628,PMC3642751_SNI-4-61-g008_undivided_1_1.webp,PMC3642751_01_SNI-4-61-g008.jpg,undivided,PMC3642751_01,CC BY-NC-SA,10844,Postoperative plain lateral cervicothoracic radiograph demonstrating no new-onset deformity at 6-year follow-up.,[],radiology,x_ray,neck,neck,sagittal,"['neck', 'radiology', 'sagittal', 'x_ray']","['radiology', 'x_ray']",True
file_0019679,PMC3644767_AIAN-16-103-g002_a_1_2.webp,PMC3644767_01_AIAN-16-103-g002.jpg,a,PMC3644767_01,CC BY-NC-SA,5264,"(a) -Chest radiograph AP view of patient showing rounded shadows (arrow),contiguous with right main pulmonary artery.",['Figure 2a'],radiology,x_ray,thorax,thorax,frontal,"['thorax', 'radiology', 'frontal', 'x_ray']","['radiology', 'thorax', 'frontal', 'anteroposterior', 'x_ray']",True
file_0019694,PMC3644838_LI-30-64-g001_undivided_1_1.webp,PMC3644838_01_LI-30-64-g001.jpg,undivided,PMC3644838_01,CC BY-NC-SA,22790,X-Ray chest done one and a half year back showing stent well in place.,['Figure 1'],radiology,x_ray,thorax,thorax,frontal,"['thorax', 'radiology', 'frontal', 'x_ray']","['radiology', 'thorax', 'x_ray']",True
file_0019752,PMC3654775_SNI-4-170-g001_undivided_1_1.webp,PMC3654775_01_SNI-4-170-g001.jpg,undivided,PMC3654775_01,CC BY-NC-SA,5608,X-ray showing spinal cord stimulator system implanted trough thoracic laminectomy.,['Figure 1'],radiology,x_ray,thorax,thorax,frontal,"['thorax', 'radiology', 'frontal', 'x_ray']","['radiology', 'thorax', 'x_ray']",True
file_0019858,PMC3663154_IPC-15-1-g001_undivided_1_1.webp,PMC3663154_01_IPC-15-1-g001.jpg,undivided,PMC3663154_01,CC BY-NC-SA,11122,"AP Chest X ray demonstrating right aortic arch (arrow), clear lung fields without cardiomegaly.",['Fig 1'],radiology,x_ray,thorax,thorax,frontal,"['thorax', 'radiology', 'frontal', 'x_ray']",[],True
file_0020289,PMC3703707_CCD-4-97-g002_undivided_1_1.webp,PMC3703707_01_CCD-4-97-g002.jpg,undivided,PMC3703707_01,CC BY-NC-SA,11654,Radiography showing bilateral peri. hilar pulmonary involvement.,[],radiology,x_ray,thorax,thorax,frontal,"['thorax', 'radiology', 'frontal', 'x_ray']","['radiology', 'x_ray']",True
file_0020514,PMC3716026_JCHIMP-3-21419-g002_undivided_1_1.webp,PMC3716026_01_JCHIMP-3-21419-g002.jpg,undivided,PMC3716026_01,CC BY,24140,"A lateral thoracic spine radiograph shows multiple severe vertebral body compression fractures (small arrows), vertebra plana, also characteristic of multiple myeloma. At T11 and T12 (open arrows), mild vertebral sclerosis is a result of treatment and healing.",['Figs. 1'],radiology,x_ray,thorax,thorax,frontal,"['thorax', 'radiology', 'frontal', 'x_ray']","['radiology', 'thorax', 'x_ray']",True
file_0020520,PMC3716033_JCHIMP-3-19123-g001_undivided_1_1.webp,PMC3716033_01_JCHIMP-3-19123-g001.jpg,undivided,PMC3716033_01,CC BY,31508,8/2011 Visualized lungs demonstrate mild centrilobular emphysema.,['Fig. 1'],radiology,x_ray,thorax,thorax,frontal,"['thorax', 'radiology', 'frontal', 'x_ray']",[],True
file_0020533,PMC3716220_JCHIMP-3-20530-g003_undivided_1_1.webp,PMC3716220_01_JCHIMP-3-20530-g003.jpg,undivided,PMC3716220_01,CC BY,14476,Chest radiograph showing no underlying infiltrates or cardiomegaly.,['Fig. 3'],radiology,x_ray,thorax,thorax,frontal,"['thorax', 'radiology', 'frontal', 'x_ray']","['radiology', 'thorax', 'x_ray']",True
file_0020819,PMC3758709_JLP-5-58-g001_undivided_1_1.webp,PMC3758709_01_JLP-5-58-g001.jpg,undivided,PMC3758709_01,CC BY-NC-SA,9774,"X-ray pelvis anterior posterior view shows evidence of IM gas lucencies, with soft tissue edema in the right gluteal region. No bone involvement.",['Figure 1'],radiology,x_ray,pelvis,pelvis,frontal,"['pelvis', 'radiology', 'frontal', 'x_ray']","['radiology', 'pelvis', 'frontal', 'posteroanterior', 'x_ray']",True
file_0020855,PMC3761994_JCN-1-49-g003_undivided_1_1.webp,PMC3761994_01_JCN-1-49-g003.jpg,undivided,PMC3761994_01,CC BY-NC-SA,18728,Chest-X-ray showing a thoracic hemivertebra.,['Figure 3'],radiology,x_ray,thorax,thorax,frontal,"['thorax', 'radiology', 'frontal', 'x_ray']","['radiology', 'thorax', 'x_ray']",True
file_0020905,PMC3764698_IJNM-28-51-g001_undivided_1_1.webp,PMC3764698_01_IJNM-28-51-g001.jpg,undivided,PMC3764698_01,CC BY-NC-SA,17604,Chest X-ray in PA (posterior Anterior) view is normal.,['Figure 1'],radiology,x_ray,thorax,thorax,frontal,"['thorax', 'radiology', 'frontal', 'x_ray']","['radiology', 'thorax', 'x_ray']",True
file_0021006,PMC3767271_IJMR-138-149-g002_undivided_1_1.webp,PMC3767271_01_IJMR-138-149-g002.jpg,undivided,PMC3767271_01,CC BY-NC-SA,40802,Chest radiographic: Bilateral multinodular interstitial infiltrates.,['Fig. 2'],radiology,x_ray,thorax,thorax,frontal,"['thorax', 'radiology', 'frontal', 'x_ray']",[],True
file_0021061,PMC3775673_ijgm-6-781Fig1_undivided_1_1.webp,PMC3775673_01_ijgm-6-781Fig1.jpg,undivided,PMC3775673_01,CC BY-NC,4676,Anterior-posterior supine chest film.,['Figure 1'],radiology,x_ray,thorax,thorax,frontal,"['thorax', 'radiology', 'frontal', 'x_ray']",[],True
file_0021070,PMC3777285_IJOEM-17-22-g004_undivided_1_1.webp,PMC3777285_01_IJOEM-17-22-g004.jpg,undivided,PMC3777285_01,CC BY-NC-SA,11206,X-ray chest Posteroanterior view showing irregular diffuse deposition of mercury in the subcutaneous plane.,['Figures 3'],radiology,x_ray,thorax,thorax,frontal,"['thorax', 'radiology', 'frontal', 'x_ray']","['radiology', 'thorax', 'frontal', 'posteroanterior', 'x_ray']",True
file_0021217,PMC3788219_IJMR-138-275-g002_undivided_1_1.webp,PMC3788219_01_IJMR-138-275-g002.jpg,undivided,PMC3788219_01,CC BY-NC-SA,8734,"Plain radiography of the chest. Multiple cystic lesions and grossly osseous expansion on the ribs (arrow numbers 2 and 5), clavicle (arrow number 3) and scapula (arrow number 1 and 4) with advanced cortical thinning.",['Figs 1'],radiology,x_ray,thorax,thorax,frontal,"['thorax', 'radiology', 'frontal', 'x_ray']","['radiology', 'thorax', 'x_ray', 'mass']",True
file_0021220,PMC3790599_f1000research-1-226-g0000_undivided_1_1.webp,PMC3790599_01_f1000research-1-226-g0000.jpg,undivided,PMC3790599_01,CC BY,19404,Chest X-ray showing hyperinflated lungs and a discrete subcutaneous emphysema at the neck and the upper mediastinum (arrows).,['Figure 1'],radiology,x_ray,thorax,thorax,frontal,"['thorax', 'radiology', 'frontal', 'x_ray']","['radiology', 'thorax', 'x_ray']",True
file_0021379,PMC3804820_rt-2013-3-e45-g001_undivided_1_1.webp,PMC3804820_01_rt-2013-3-e45-g001.jpg,undivided,PMC3804820_01,CC BY-NC,13578,Chest X-ray shows left lung infiltration.,['Figure 1'],radiology,x_ray,thorax,thorax,frontal,"['thorax', 'radiology', 'frontal', 'x_ray']","['radiology', 'thorax', 'x_ray']",True
file_0022270,PMC3872662_JCVJS-4-40-g004_undivided_1_1.webp,PMC3872662_01_JCVJS-4-40-g004.jpg,undivided,PMC3872662_01,CC BY-NC-SA,13124,Chest radiograph demonstrates a right hilar mass.,['Figure 4'],radiology,x_ray,thorax,thorax,frontal,"['thorax', 'radiology', 'frontal', 'x_ray']","['radiology', 'thorax', 'x_ray', 'mass']",True
file_0022293,PMC3874924_ymj-55-270-g001_A_1_2.webp,PMC3874924_01_ymj-55-270-g001.jpg,a,PMC3874924_01,CC BY-NC,8868,"(A) Posteroanterior chest X-ray showing linear air trapping parallel to the border of the trachea (arrows), bilateral pleural effusions with consolidation in both lower lungs that was more severe on the left side.",['Fig. 1'],radiology,x_ray,thorax,thorax,frontal,"['thorax', 'radiology', 'frontal', 'x_ray']","['radiology', 'thorax', 'frontal', 'posteroanterior', 'x_ray']",True
file_0022294,PMC3874924_ymj-55-270-g001_B_2_2.webp,PMC3874924_01_ymj-55-270-g001.jpg,b,PMC3874924_01,CC BY-NC,7240,(B) Lateral chest X-ray showing a streak of air outlining the posterior pericardium as well as portions of the descending thoracic aorta (arrows).,['Fig. 1'],radiology,x_ray,thorax,thorax,frontal,"['thorax', 'radiology', 'frontal', 'x_ray']","['radiology', 'thorax', 'x_ray']",True
file_0022623,PMC3891083_kjim-20-343-g001_undivided_1_1.webp,PMC3891083_01_kjim-20-343-g001.jpg,undivided,PMC3891083_01,CC BY-NC,17370,"On the fifth day of hospitalization, chest radiography showed a newly developed air-cyst and air fluid level in the right lower lung.",['Figure 1'],radiology,x_ray,thorax,thorax,frontal,"['thorax', 'radiology', 'frontal', 'x_ray']","['radiology', 'thorax', 'x_ray']",True
file_0022624,PMC3891083_kjim-20-343-g002_A_1_2.webp,PMC3891083_01_kjim-20-343-g002.jpg,a,PMC3891083_01,CC BY-NC,6280,"On the ninth day of hospitalization, (A) Chest radiography showed the increased size of the air-cyst and air fluid level in the right lower lung.",['Figure 2A'],radiology,x_ray,thorax,thorax,frontal,"['thorax', 'radiology', 'frontal', 'x_ray']","['radiology', 'thorax', 'x_ray']",True
file_0022630,PMC3891160_kjim-20-243-g002_A_1_2.webp,PMC3891160_01_kjim-20-243-g002.jpg,a,PMC3891160_01,CC BY-NC,27934,"On admission day, there is no active lung lesion in the chest PA (A).",['Figure 2A'],radiology,x_ray,thorax,thorax,frontal,"['thorax', 'radiology', 'frontal', 'x_ray']",[],True
file_0022631,PMC3891160_kjim-20-243-g002_B_2_2.webp,PMC3891160_01_kjim-20-243-g002.jpg,b,PMC3891160_01,CC BY-NC,28414,"On the 7th hospital day, there is pulmonary congestion (B).",['Figure 2B'],radiology,x_ray,thorax,thorax,frontal,"['thorax', 'radiology', 'frontal', 'x_ray']",[],True
file_0022640,PMC3891161_kjim-20-247-g006_undivided_1_1.webp,PMC3891161_01_kjim-20-247-g006.jpg,undivided,PMC3891161_01,CC BY-NC,12106,Follow-up chest X-ray shows markedly increased metastatic nodules of right lower lobe and left upper lobe and newly developed metastatic nodule in right upper lobe.,['Figure 6'],radiology,x_ray,thorax,thorax,frontal,"['thorax', 'radiology', 'frontal', 'x_ray']","['radiology', 'thorax', 'malignant', 'x_ray', 'mass']",True
file_0022656,PMC3891166_kjim-20-268-g002_A_1_3.webp,PMC3891166_01_kjim-20-268-g002.jpg,a,PMC3891166_01,CC BY-NC,4172,(A) Initial chest X-ray showing no abnormalities.,['Figure 2'],radiology,x_ray,thorax,thorax,frontal,"['thorax', 'radiology', 'frontal', 'x_ray']","['radiology', 'thorax', 'x_ray']",True
file_0022657,PMC3891166_kjim-20-268-g002_B_2_3.webp,PMC3891166_01_kjim-20-268-g002.jpg,b,PMC3891166_01,CC BY-NC,4162,(B) Chest X-ray showing chest wall metastasis with invading adjacent ribs after 3 months.,['Figure 2'],radiology,x_ray,thorax,thorax,frontal,"['thorax', 'radiology', 'frontal', 'x_ray']","['radiology', 'thorax', 'malignant', 'x_ray', 'mass']",True
file_0022658,PMC3891166_kjim-20-268-g002_C_3_3.webp,PMC3891166_01_kjim-20-268-g002.jpg,c,PMC3891166_01,CC BY-NC,4706,(C) Chest X-ray showing growing chest wall mass compared to previous images.,['Figure 2'],radiology,x_ray,thorax,thorax,frontal,"['thorax', 'radiology', 'frontal', 'x_ray']","['radiology', 'thorax', 'x_ray', 'mass']",True
file_0022668,PMC3891388_kjim-20-168-g001_undivided_1_1.webp,PMC3891388_01_kjim-20-168-g001.jpg,undivided,PMC3891388_01,CC BY-NC,24352,The plain chest radiograph displays a relatively well-defined solitary mass in the left lower lobe.,['Figure 1'],radiology,x_ray,thorax,thorax,frontal,"['thorax', 'radiology', 'frontal', 'x_ray']","['radiology', 'thorax', 'x_ray', 'mass']",True
file_0022672,PMC3891389_kjim-20-173-g001_A_1_2.webp,PMC3891389_01_kjim-20-173-g001.jpg,a,PMC3891389_01,CC BY-NC,3732,"Plain chest roentgenography (A) showed a smooth, marginated 3x4 cm sized mass-like lesion on the right upper mediastinal area.",['Figure 1A'],radiology,x_ray,thorax,thorax,frontal,"['thorax', 'radiology', 'frontal', 'x_ray']",[],True
file_0022698,PMC3891406_kjim-20-105-g001_A_1_2.webp,PMC3891406_01_kjim-20-105-g001.jpg,a,PMC3891406_01,CC BY-NC,4578,(A) Chest X-ray film showing right pleural effusion (arrows).,['Figure 1A'],radiology,x_ray,thorax,thorax,frontal,"['thorax', 'radiology', 'frontal', 'x_ray']","['radiology', 'thorax', 'x_ray']",True
file_0022703,PMC3891406_kjim-20-105-g005_undivided_1_1.webp,PMC3891406_01_kjim-20-105-g005.jpg,undivided,PMC3891406_01,CC BY-NC,12738,Postoperative chest X-ray film showing improvement of the right pleural effusion.,['Figure 5'],radiology,x_ray,thorax,thorax,frontal,"['thorax', 'radiology', 'frontal', 'x_ray']","['radiology', 'thorax', 'x_ray']",True
file_0022709,PMC3891415_kjim-20-68-g004_undivided_1_1.webp,PMC3891415_02_kjim-20-68-g004.jpg,undivided,PMC3891415_02,CC BY-NC,41094,Esophageal balloon inflation done under fluoroscopy. White hollow arrows indicate an esophageal balloon inflated at the lower esophagus (9th thoracic vertebra level in case 2). Black arrows indicate the margin of air shadow in the stomach.,[],radiology,x_ray,thorax,thorax,oblique,"['thorax', 'radiology', 'oblique', 'x_ray']","['radiology', 'x_ray']",True
file_0022898,PMC3896736_1749-8090-9-6-1_undivided_1_1.webp,PMC3896736_01_1749-8090-9-6-1.jpg,undivided,PMC3896736_01,CC BY,15688,Preoperative antero-posterior chest radiograph. Antero-posterior chest radiograph shows widened mediastinum and parenchymal haziness at the bases of both lungs.,['Figure 1'],radiology,x_ray,thorax,thorax,frontal,"['thorax', 'radiology', 'frontal', 'x_ray']","['radiology', 'thorax', 'x_ray']",True
file_0022999,PMC3898379_1471-2431-14-13-1_a_1_2.webp,PMC3898379_02_1471-2431-14-13-1.jpg,a,PMC3898379_02,CC BY,7726,Initial X-rays of both twins. Chest and abdominal X-ray with contrast agent upon initial presentation of twin I.,[],radiology,x_ray,abdomen,abdomen,frontal,"['abdomen', 'radiology', 'frontal', 'x_ray']","['radiology', 'x_ray', 'contrast']",True
file_0023058,PMC3902410_1749-8090-9-21-1_C_3_3.webp,PMC3902410_03_1749-8090-9-21-1.jpg,c,PMC3902410_03,CC BY,3422,"Pre-operative images. (C) Coronary angiogram in right anterior oblique view shows collateral circulation to the distal RCA (white arrows) via septal branches of the left anterior descending artery, with the normal left coronary artery system in patient 3. (CT: computed tomography; AO: aorta; LMC: left main coronary artery; PA: pulmonary artery; RCA: right coronary artery).",['Figure  1C'],radiology,x_ray,thorax,thorax,oblique,"['thorax', 'radiology', 'oblique', 'x_ray']",[],True
file_0023080,PMC3903800_kjpain-27-43-g001_undivided_1_1.webp,PMC3903800_01_kjpain-27-43-g001.jpg,undivided,PMC3903800_01,CC BY-NC,48080,"Illustration of medial branch (MB) and lateral branch (LB) thoracic spine. Bogduk N (ed). Practice Guidelines for Spinal Diagnostics and Treatment Procedures. International Spine Injection Society (ISIS) 2004. Reproduced with permission of the publishers. PD: pedicle, VB: body of vertebra, SAP: superior articular process, LCL: lateral costovertebral ligament, LC: levator costorum, TP: transverse process, RB: rib, EI: external intercostal muscle, ZJ: zygaphophysial joint, VR: ventral root, SP: spinous process.",['Fig. 1'],radiology,x_ray,head,head,ultrasound_view,"['head', 'radiology', 'ultrasound_view', 'x_ray']",[],True
file_0023101,PMC3904682_1749-8090-9-4-1_A_1_3.webp,PMC3904682_01_1749-8090-9-4-1.jpg,a,PMC3904682_01,CC BY,7258,Initial chest radiograph of the patient. (PA view) showing a giant bulla (increased hyperlucent zone) of the left apex (A).,[],radiology,x_ray,thorax,thorax,frontal,"['thorax', 'radiology', 'frontal', 'x_ray']","['radiology', 'thorax', 'frontal', 'posteroanterior', 'x_ray']",True
file_0023104,PMC3904682_1749-8090-9-4-3_undivided_1_1.webp,PMC3904682_01_1749-8090-9-4-3.jpg,undivided,PMC3904682_01,CC BY,14528,Follow up (post-operative) chest radiograph (PA view) of the patient showing a normal lung parenchyma of the left apex.,['Figure  3'],radiology,x_ray,thorax,thorax,frontal,"['thorax', 'radiology', 'frontal', 'x_ray']","['radiology', 'thorax', 'frontal', 'posteroanterior', 'x_ray']",True
file_0023344,PMC3909902_2049-6958-9-7-2_undivided_1_1.webp,PMC3909902_01_2049-6958-9-7-2.jpg,undivided,PMC3909902_01,CC BY,8370,Standard chest X-ray on the tenth postoperative day. New mantle pneumothorax on the right side with diffuse interstitial infiltrates in mid field of the left lung and left pleural effusion. No cysts or bullae visible.,['Figure 2'],radiology,x_ray,thorax,thorax,frontal,"['thorax', 'radiology', 'frontal', 'x_ray']","['radiology', 'thorax', 'x_ray']",True
file_0023346,PMC3909902_2049-6958-9-7-4_undivided_1_1.webp,PMC3909902_01_2049-6958-9-7-4.jpg,undivided,PMC3909902_01,CC BY,17168,"Standard chest radiography performed on the day of discharge from the hospital. Approximately one month after corticosteroid therapy, a dramatic improvement of pneumonic inflammation was observed with amelioration of bilateral infiltrates. Absence of pleural effusions.",['Figure 4'],radiology,x_ray,thorax,thorax,frontal,"['thorax', 'radiology', 'frontal', 'x_ray']","['radiology', 'thorax', 'x_ray']",True
file_0023361,PMC3912650_JETS-7-38-g002_a_1_2.webp,PMC3912650_01_JETS-7-38-g002.jpg,a,PMC3912650_01,CC BY-NC-SA,7484,Chest radiograph obtained at admission (a) demonstrates no cardiopulmonary abnormality.,['Figure 2a'],radiology,x_ray,thorax,thorax,frontal,"['thorax', 'radiology', 'frontal', 'x_ray']","['radiology', 'thorax', 'x_ray']",True
file_0023362,PMC3912650_JETS-7-38-g002_b_2_2.webp,PMC3912650_01_JETS-7-38-g002.jpg,b,PMC3912650_01,CC BY-NC-SA,5576,A follow-up chest radiograph (b) shows a 5 mm round metallic foreign body projecting over the left hilum (open arrow) with interval development of a wedge shaped pulmonary opacity a the left lung base (arrow head).,['Figure 2b'],radiology,x_ray,thorax,thorax,frontal,"['thorax', 'radiology', 'frontal', 'x_ray']","['radiology', 'x_ray', 'mass']",True
file_0023366,PMC3912669_IJCCM-18-43-g002_undivided_1_1.webp,PMC3912669_01_IJCCM-18-43-g002.jpg,undivided,PMC3912669_01,CC BY-NC-SA,12938,Initial chest X-ray showing bilateral infiltrate.,['Figure 2'],radiology,x_ray,thorax,thorax,frontal,"['thorax', 'radiology', 'frontal', 'x_ray']","['radiology', 'thorax', 'x_ray']",True
file_0023591,PMC3916803_1752-1947-8-15-1_A_1_2.webp,PMC3916803_01_1752-1947-8-15-1.jpg,a,PMC3916803_01,CC BY,5790,Chest X-ray and computed tomography scan images on admission. (A) Chest X-ray showing minimal bilateral hilar lymphadenopathy with clear lung fields.,['Figure 1'],radiology,x_ray,thorax,thorax,frontal,"['thorax', 'radiology', 'frontal', 'x_ray']",['radiology'],True
file_0023610,PMC3917368_1752-1947-8-23-1_A_1_1.webp,PMC3917368_01_1752-1947-8-23-1.jpg,a,PMC3917368_01,CC BY,5404,Chest X-ray at the beginning of extracorporeal membrane oxygenation. Chest X-ray shows diffuse white-out of the lungs. A; 19-Fr drainage cannula is seen inserted into the inferior vena cava.,['Figure 1'],radiology,x_ray,thorax,thorax,frontal,"['thorax', 'radiology', 'frontal', 'x_ray']","['radiology', 'thorax', 'x_ray']",True
file_0023611,PMC3917373_1752-1947-8-32-1_undivided_1_1.webp,PMC3917373_01_1752-1947-8-32-1.jpg,undivided,PMC3917373_01,CC BY,9256,Preoperative chest X-ray showing bilateral diaphragmatic elevation because of the tumor.,['Figure 1'],radiology,x_ray,thorax,thorax,frontal,"['thorax', 'radiology', 'frontal', 'x_ray']","['radiology', 'thorax', 'x_ray', 'mass']",True
file_0023695,PMC3919912_OL-07-03-0807-g00_A_1_4.webp,PMC3919912_01_OL-07-03-0807-g00.jpg,a,PMC3919912_01,CC BY,19904,"(A) Chest radiography revealied the mediastinal mass on April 23, 2013.",['Fig. 1A'],radiology,x_ray,thorax,thorax,frontal,"['thorax', 'radiology', 'frontal', 'x_ray']","['radiology', 'thorax', 'x_ray', 'mass']",True
file_0023741,PMC3919965_trd-76-42-g001_A_1_5.webp,PMC3919965_01_trd-76-42-g001.jpg,a,PMC3919965_01,CC BY-NC,6450,"Radiologic findings of IgG4-related disease of lung and pleura. (A, C) Chest X-ray (taken 1 year ago) and computed tomography (taken 6 months ago) demonstrate pleural effusion with patchy ground-glass opacity lesions in the right lung.",['Figure 1A'],radiology,x_ray,thorax,thorax,frontal,"['thorax', 'radiology', 'frontal', 'x_ray']",['radiology'],True
file_0023888,PMC3927003_kjae-66-59-g002_A_1_2.webp,PMC3927003_01_kjae-66-59-g002.jpg,a,PMC3927003_01,CC BY-NC,6204,"Chest X-ray. (A) The chest X-ray shows total atelectasis of left lung after concluding the embolization of bilateral bronchial artery. There was no evidence of active bleeding, but blood clot was detected and removed using bronchoscope.",['Fig. 2'],radiology,x_ray,thorax,thorax,frontal,"['thorax', 'radiology', 'frontal', 'x_ray']","['radiology', 'thorax', 'x_ray']",True
file_0023889,PMC3927003_kjae-66-59-g002_B_2_2.webp,PMC3927003_01_kjae-66-59-g002.jpg,b,PMC3927003_01,CC BY-NC,6018,"Chest X-ray. (B) After the removal of blood clot, an improvement in lung collapse was observed.",['Fig. 2'],radiology,x_ray,thorax,thorax,frontal,"['thorax', 'radiology', 'frontal', 'x_ray']","['radiology', 'thorax', 'x_ray']",True
file_0024049,PMC3928753_IJNM-29-46-g001_a_1_2.webp,PMC3928753_02_IJNM-29-46-g001.jpg,a,PMC3928753_02,CC BY-NC-SA,5208,(a) Chest X-ray (PA view) showed bilateral infiltrates with collapse consolidation of right lower lobe.,['Figure 1a'],radiology,x_ray,thorax,thorax,frontal,"['thorax', 'radiology', 'frontal', 'x_ray']","['radiology', 'thorax', 'frontal', 'posteroanterior', 'x_ray']",True
file_0024066,PMC3928849_ABR-3-26-g001_undivided_1_1.webp,PMC3928849_01_ABR-3-26-g001.jpg,undivided,PMC3928849_01,CC BY-NC-SA,2930,Chest X-ray showed hydropneumothorax.,['Figure 1'],radiology,x_ray,thorax,thorax,frontal,"['thorax', 'radiology', 'frontal', 'x_ray']","['radiology', 'thorax', 'x_ray']",True
file_0024069,PMC3928849_ABR-3-26-g004_undivided_1_1.webp,PMC3928849_01_ABR-3-26-g004.jpg,undivided,PMC3928849_01,CC BY-NC-SA,9244,chest X-ray shows persistent pneumothorax after chest tube insertion.,['Figures 3'],radiology,x_ray,thorax,thorax,frontal,"['thorax', 'radiology', 'frontal', 'x_ray']","['radiology', 'thorax', 'x_ray']",True
file_0024080,PMC3929053_ABR-3-33-g001_b_2_4.webp,PMC3929053_01_ABR-3-33-g001.jpg,b,PMC3929053_01,CC BY-NC-SA,2446,Normal X-ray chest.,['Figure 1b'],radiology,x_ray,lower_limb,lower_leg,sagittal,"['radiology', 'lower_limb', 'sagittal', 'x_ray', 'lower_leg']",[],True
file_0024331,PMC3935303_JIAPS-19-49-g001_undivided_1_1.webp,PMC3935303_01_JIAPS-19-49-g001.jpg,undivided,PMC3935303_01,CC BY-NC-SA,6720,A skiagram of the chest and upper abdomen showing gastric volvulus with eventration of diaphragm.,['Figure 1'],radiology,x_ray,thorax,thorax,frontal,"['thorax', 'radiology', 'frontal', 'x_ray']",[],True
file_0024561,PMC3949721_imcrj-7-035Fig1_undivided_1_1.webp,PMC3949721_01_imcrj-7-035Fig1.jpg,undivided,PMC3949721_01,CC BY-NC,24852,"Frontal chest radiograph. . Notes: This frontal chest radiograph demonstrates surgical emphysema along the upper part of the right lateral chest wall and the right side of the neck (black arrow), air within the superior mediastinum on the right (white arrow), and the loss of volume of the right lung leading to a mediastinal shift to the right and the elevation of the right diaphragmatic dome.",['Figure 1'],radiology,x_ray,thorax,thorax,frontal,"['thorax', 'radiology', 'frontal', 'x_ray']","['radiology', 'thorax', 'x_ray']",True
file_0024562,PMC3949721_imcrj-7-035Fig2_undivided_1_1.webp,PMC3949721_01_imcrj-7-035Fig2.jpg,undivided,PMC3949721_01,CC BY-NC,17058,"Portable bedside semi-sitting chest radiograph. . Notes: This radiograph shows the increased severity of pneumomediastinum (white arrow), surgical emphysema (black arrow), right lung collapse, and mediastinal shift to the right.",['Figure 2'],radiology,x_ray,thorax,thorax,frontal,"['thorax', 'radiology', 'frontal', 'x_ray']","['radiology', 'thorax', 'x_ray']",True
file_0024566,PMC3949721_imcrj-7-035Fig7_undivided_1_1.webp,PMC3949721_01_imcrj-7-035Fig7.jpg,undivided,PMC3949721_01,CC BY-NC,24278,Follow-up frontal chest radiograph. . Notes: This chest radiograph demonstrates the complete resolution of surgical emphysema and pneumomediastinum and significant inflation of the right lung on the fifth hospital admission day.,['Figure 7'],radiology,x_ray,thorax,thorax,frontal,"['thorax', 'radiology', 'frontal', 'x_ray']","['radiology', 'thorax', 'x_ray']",True
file_0024570,PMC3950438_SJA-8-131-g001_undivided_1_1.webp,PMC3950438_01_SJA-8-131-g001.jpg,undivided,PMC3950438_01,CC BY-NC-SA,6892,Chest X-ray showing central venous catheter was found crossing the midline (necklace pattern) and seen inside the left subclavian vein. Notice the endotracheal tube in place.,['Figure 1'],radiology,x_ray,thorax,thorax,frontal,"['thorax', 'radiology', 'frontal', 'x_ray']","['radiology', 'thorax', 'x_ray']",True
file_0024612,PMC3952391_AJM-4-17-g001_a_1_2.webp,PMC3952391_01_AJM-4-17-g001.jpg,a,PMC3952391_01,CC BY-NC-SA,10112,Radiographic images of the patient's chest on admission. Chest radiograph.,['Figure 1'],radiology,x_ray,thorax,thorax,frontal,"['thorax', 'radiology', 'frontal', 'x_ray']","['radiology', 'thorax', 'x_ray']",True
file_0024701,PMC3955859_iranjradiol-11-7467-g001_undivided_1_1.webp,PMC3955859_01_iranjradiol-11-7467-g001.jpg,undivided,PMC3955859_01,CC BY,7388,PA CXR showing a right sided round soft tissue mass lesion probably in the right posterior mediastinum.,['Figure 1'],radiology,x_ray,thorax,thorax,frontal,"['thorax', 'radiology', 'frontal', 'x_ray']","['radiology', 'thorax', 'x_ray', 'mass']",True
file_0024749,PMC3959058_APC-7-34-g001_undivided_1_1.webp,PMC3959058_01_APC-7-34-g001.jpg,undivided,PMC3959058_01,CC BY-NC-SA,22104,"Preoperative angiography with 5F pigtail catheter in descending thoracic aorta (DTA) shows a large aortopulmonary collateral (APC) filling of both the right and left pulmonary arteries (RPA and LPA, respectively). Arrow points to the atretic pulmonary valve.",['Figure 1'],radiology,x_ray,thorax,thorax,frontal,"['thorax', 'radiology', 'frontal', 'x_ray']","['radiology', 'thorax', 'angiography']",True
file_0024752,PMC3959058_APC-7-34-g004_undivided_1_1.webp,PMC3959058_01_APC-7-34-g004.jpg,undivided,PMC3959058_01,CC BY-NC-SA,34642,"DSA image showing placement of Amplatzer TorqVue delivery system via the right femoral vein across the right atrium (RA), right ventricle (RV), and pulmonary valve, RPA into the DTA through the APC.",['Figure 4'],radiology,x_ray,abdomen,abdomen,oblique,"['abdomen', 'radiology', 'oblique', 'x_ray']",[],True
file_0024762,PMC3959060_APC-7-41-g005_undivided_1_1.webp,PMC3959060_01_APC-7-41-g005.jpg,undivided,PMC3959060_01,CC BY-NC-SA,14460,CXR post device closure.,['Figures 5'],radiology,x_ray,thorax,thorax,frontal,"['thorax', 'radiology', 'frontal', 'x_ray']","['radiology', 'thorax', 'x_ray']",True
file_0024771,PMC3959064_APC-7-52-g001_undivided_1_1.webp,PMC3959064_01_APC-7-52-g001.jpg,undivided,PMC3959064_01,CC BY-NC-SA,20342,UVC extending from IVC to pulmonary artery.,['Figure 1'],radiology,x_ray,thorax,thorax,frontal,"['thorax', 'radiology', 'frontal', 'x_ray']",[],True
file_0024795,PMC3959069_APC-7-67-g001_undivided_1_1.webp,PMC3959069_01_APC-7-67-g001.jpg,undivided,PMC3959069_01,CC BY-NC-SA,29746,Postnatal chest X-ray shows cardiomegaly and increased pulmonary vascularity.,['Figure 1'],radiology,x_ray,thorax,thorax,frontal,"['thorax', 'radiology', 'frontal', 'x_ray']","['radiology', 'thorax', 'x_ray']",True
file_0024826,PMC3959328_AnnGastroenterol-24-325-g001_undivided_1_1.webp,PMC3959328_01_AnnGastroenterol-24-325-g001.jpg,undivided,PMC3959328_01,CC BY-NC-SA,11318,Chest x-ray on admission showing consolidation with thin airbronchogram in the right upper lobe.,['Fig. 1'],radiology,x_ray,thorax,thorax,frontal,"['thorax', 'radiology', 'frontal', 'x_ray']","['radiology', 'thorax', 'x_ray']",True
file_0024844,PMC3959358_AnnGastroenterol-25-261-g001_undivided_1_1.webp,PMC3959358_01_AnnGastroenterol-25-261-g001.jpg,undivided,PMC3959358_01,CC BY-NC-SA,15480,"Chest radiograph, following variceal sclerotherapy, showing branching opacities of lipiodol and cyanocrylate mixture throughout both lungs.",['Fig. 1'],radiology,x_ray,thorax,thorax,frontal,"['thorax', 'radiology', 'frontal', 'x_ray']","['radiology', 'thorax', 'x_ray', 'mass']",True
file_0024873,PMC3959410_AnnGastroenterol-25-361-g003_undivided_1_1.webp,PMC3959410_02_AnnGastroenterol-25-361-g003.jpg,undivided,PMC3959410_02,CC BY-NC-SA,12736,Chest radiograph after recovery.,['Fig. 3'],radiology,x_ray,thorax,thorax,frontal,"['thorax', 'radiology', 'frontal', 'x_ray']","['radiology', 'thorax', 'x_ray']",True
file_0024922,PMC3959472_AnnGastroenterol-26-360-g001_undivided_1_1.webp,PMC3959472_01_AnnGastroenterol-26-360-g001.jpg,undivided,PMC3959472_01,CC BY-NC-SA,9346,Chest X-ray showing elevated left hemidiaphragm and subdiaphragmatic air-fluid level.,['Fig. 1'],radiology,x_ray,thorax,thorax,frontal,"['thorax', 'radiology', 'frontal', 'x_ray']","['radiology', 'thorax', 'x_ray']",True
file_0024988,PMC3960813_LI-31-56-g001_undivided_1_1.webp,PMC3960813_01_LI-31-56-g001.jpg,undivided,PMC3960813_01,CC BY-NC-SA,10034,Chest radiograph showing a small left-sided pleural effusion.,['Figure 1'],radiology,x_ray,thorax,thorax,frontal,"['thorax', 'radiology', 'frontal', 'x_ray']","['radiology', 'thorax', 'x_ray']",True
file_0024990,PMC3960813_LI-31-56-g003_undivided_1_1.webp,PMC3960813_01_LI-31-56-g003.jpg,undivided,PMC3960813_01,CC BY-NC-SA,8908,Chest radiograph showing resolution of pleural effusion after one month of treatment with IV sodium stibogluconate.,['Figure 3'],radiology,x_ray,thorax,thorax,frontal,"['thorax', 'radiology', 'frontal', 'x_ray']","['radiology', 'thorax', 'x_ray']",True
file_0025053,PMC3961928_JNSBM-5-175-g001_undivided_1_1.webp,PMC3961928_01_JNSBM-5-175-g001.jpg,undivided,PMC3961928_01,CC BY-NC-SA,14702,Chest X-ray showing dextrocardia with normal lung field.,['Figure 1'],radiology,x_ray,thorax,thorax,frontal,"['thorax', 'radiology', 'frontal', 'x_ray']","['radiology', 'thorax', 'x_ray']",True
file_0025068,PMC3961936_JNSBM-5-201-g001_undivided_1_1.webp,PMC3961936_01_JNSBM-5-201-g001.jpg,undivided,PMC3961936_01,CC BY-NC-SA,8690,"Chest X-ray showing air in soft tissue of neck, upper thorax and bilateral axilla.",['Figure 1'],radiology,x_ray,thorax,thorax,frontal,"['thorax', 'radiology', 'frontal', 'x_ray']","['radiology', 'thorax', 'x_ray']",True
file_0025257,PMC3972028_tcrm-10-207Fig1_undivided_1_1.webp,PMC3972028_01_tcrm-10-207Fig1.jpg,undivided,PMC3972028_01,CC BY-NC,9644,Standard chest X-ray on admission.,['Figure 1'],radiology,x_ray,thorax,thorax,frontal,"['thorax', 'radiology', 'frontal', 'x_ray']","['radiology', 'thorax', 'x_ray']",True
file_0025496,PMC3982339_JCN-3-41-g001_undivided_1_1.webp,PMC3982339_02_JCN-3-41-g001.jpg,undivided,PMC3982339_02,CC BY-NC-SA,9806,Chest radiograph showing milliary mottling.,['Figure 1'],radiology,x_ray,thorax,thorax,frontal,"['thorax', 'radiology', 'frontal', 'x_ray']","['radiology', 'thorax', 'x_ray']",True
file_0025572,PMC3985805_cro-0007-0144-g01_undivided_1_1.webp,PMC3985805_01_cro-0007-0144-g01.jpg,undivided,PMC3985805_01,CC BY-NC,18846,"Thoracic radiography showed cardiomegaly, and computed tomography revealed a left lung mass with invasion of the heart and pleural effusion.",['fig. 1'],radiology,x_ray,thorax,thorax,frontal,"['thorax', 'radiology', 'frontal', 'x_ray']",['radiology'],True
file_0025574,PMC3985806_crg-0008-0077-g01_a_1_2.webp,PMC3985806_01_crg-0008-0077-g01.jpg,a,PMC3985806_01,CC BY-NC,6614,A; A chest film revealed a large soft tissue density in the right upper lobe of the lung.,['fig. 1'],radiology,x_ray,thorax,thorax,frontal,"['thorax', 'radiology', 'frontal', 'x_ray']",[],True
file_0025600,PMC3987384_abc-102-01-00e1-g01_undivided_1_1.webp,PMC3987384_01_abc-102-01-00e1-g01.jpg,undivided,PMC3987384_01,CC BY-NC,18838,"The chest X-ray shows an enlarged heart, long ventricular and long middle left
arch, and increased pulmonary vascular bed. The middle arch suggests the aorta
emerging from the right ventricle to the left. Four-chamber apical
echocardiography highlights in A the double inlet tract of single left ventricle
with two atrioventricular valves, and in B, in the same projection, moderate
insufficiency of the right atrioventricular valve (mosaic of regurgitation).",['Figure 1'],radiology,x_ray,thorax,thorax,ultrasound_view,"['thorax', 'radiology', 'ultrasound_view', 'x_ray']",['radiology'],True
file_0025601,PMC3987384_abc-102-01-00e1-g02_B_1_1.webp,PMC3987384_01_abc-102-01-00e1-g02.jpg,b,PMC3987384_01,CC BY-NC,20082,"Heart angiocardiography highlights the right superior vena cava in connection with
the right pulmonary artery of good diameter, and the beginning of the venovenous
vessel in A, which continues bordering the heart, B, and goes into the right
atrium, in C. The left pulmonary artery is of good caliber and with discrete
pre-hilar narrowing in D.",['Figure 2'],radiology,x_ray,thorax,thorax,ultrasound_view,"['thorax', 'radiology', 'ultrasound_view', 'x_ray']",[],True
file_0025602,PMC3987453_icrj-08-30-g001_undivided_1_1.webp,PMC3987453_01_icrj-08-30-g001.jpg,undivided,PMC3987453_01,CC BY,17708,Chest X - Ray Posterior - Anterior and Lateral Views Showing Dilated Main Pulmonary Artery and the Catheter.,['Figure 1'],radiology,x_ray,thorax,thorax,frontal,"['thorax', 'radiology', 'frontal', 'x_ray']",[],True
file_0025635,PMC3988609_JCIS-4-7-g002_undivided_1_1.webp,PMC3988609_01_JCIS-4-7-g002.jpg,undivided,PMC3988609_01,CC BY-NC-SA,14216,"57-year-old man presenting with dyspnea and black-colored sputum diagnosed with endobronchial metastasis from melanoma. Posteroanterior chest radiograph demonstrates complete collapse of left lung, pathologic fracture of left sixth rib (arrow), and destructive mass (arrowhead) involving the right posterior fifth rib.",['Figure 1'],radiology,x_ray,thorax,thorax,frontal,"['thorax', 'radiology', 'frontal', 'x_ray']","['radiology', 'thorax', 'frontal', 'posteroanterior', 'malignant', 'x_ray', 'mass']",True
file_0025691,PMC3989908_TI-21-112-g001_undivided_1_1.webp,PMC3989908_01_TI-21-112-g001.jpg,undivided,PMC3989908_01,CC BY-NC-SA,18468,Chest radiograph showing bilateral lower zone consolidation with blunting of right costophrenic angle suggestive of mild pleural effusion.,['Figure 1'],radiology,x_ray,thorax,thorax,frontal,"['thorax', 'radiology', 'frontal', 'x_ray']","['radiology', 'thorax', 'x_ray']",True
file_0025692,PMC3989908_TI-21-112-g002_undivided_1_1.webp,PMC3989908_01_TI-21-112-g002.jpg,undivided,PMC3989908_01,CC BY-NC-SA,10944,Chest radiograph showing increased consolidation on right side with moderate pleural effusion. Consolidation on left side remains unchanged.,['Figure 2'],radiology,x_ray,thorax,thorax,frontal,"['thorax', 'radiology', 'frontal', 'x_ray']","['radiology', 'thorax', 'x_ray']",True
file_0025693,PMC3989908_TI-21-112-g003_undivided_1_1.webp,PMC3989908_01_TI-21-112-g003.jpg,undivided,PMC3989908_01,CC BY-NC-SA,16540,Chest radiograph showing right-sided hydropneumothorax with underlying consolidation. There was resolution of left lower lobe consolidation.,['Figure 3'],radiology,x_ray,thorax,thorax,frontal,"['thorax', 'radiology', 'frontal', 'x_ray']","['radiology', 'thorax', 'x_ray']",True
file_0025694,PMC3989908_TI-21-112-g004_undivided_1_1.webp,PMC3989908_01_TI-21-112-g004.jpg,undivided,PMC3989908_01,CC BY-NC-SA,39232,Chest radiograph showing decreased right sided hydropneumothorax with mild expansion of right upper lung with drainage tube in situ.,['Figure 4'],radiology,x_ray,thorax,thorax,frontal,"['thorax', 'radiology', 'frontal', 'x_ray']","['radiology', 'thorax', 'x_ray']",True
file_0025958,PMC4005210_JFMPC-3-80-g002_undivided_1_1.webp,PMC4005210_01_JFMPC-3-80-g002.jpg,undivided,PMC4005210_01,CC BY-NC-SA,14326,Chest radiography showed bilateral diffuse fluffy infiltrates (case 1).,['Figure 2'],radiology,x_ray,thorax,thorax,frontal,"['thorax', 'radiology', 'frontal', 'x_ray']","['radiology', 'thorax', 'x_ray']",True
file_0025960,PMC4005210_JFMPC-3-80-g004_undivided_1_1.webp,PMC4005210_02_JFMPC-3-80-g004.jpg,undivided,PMC4005210_02,CC BY-NC-SA,18388,Chest radiography showed bilateral diffuse fluffy infiltrates (case 2).,['Figure 4'],radiology,x_ray,thorax,thorax,frontal,"['thorax', 'radiology', 'frontal', 'x_ray']","['radiology', 'thorax', 'x_ray']",True
file_0025961,PMC4005212_JFMPC-3-86-g001_a_1_2.webp,PMC4005212_01_JFMPC-3-86-g001.jpg,a,PMC4005212_01,CC BY-NC-SA,9834,(a) A chest X-ray with right sided pneumothorax.,['Figure 1a and b'],radiology,x_ray,thorax,thorax,frontal,"['thorax', 'radiology', 'frontal', 'x_ray']","['radiology', 'thorax', 'x_ray']",True
file_0025962,PMC4005212_JFMPC-3-86-g001_b_2_2.webp,PMC4005212_01_JFMPC-3-86-g001.jpg,b,PMC4005212_01,CC BY-NC-SA,13470,(b) A chest X-ray of the same patient after 2 days with intercostal tube in situ and fully expanded right lung.,['Figure 1a and b'],radiology,x_ray,thorax,thorax,frontal,"['thorax', 'radiology', 'frontal', 'x_ray']","['radiology', 'thorax', 'x_ray']",True
file_0025963,PMC4005212_JFMPC-3-86-g002_a_1_2.webp,PMC4005212_01_JFMPC-3-86-g002.jpg,a,PMC4005212_01,CC BY-NC-SA,11016,(a) X-ray chest of the same patient with second episode of right sided pneumothorax.,['Figure 2a'],radiology,x_ray,thorax,thorax,frontal,"['thorax', 'radiology', 'frontal', 'x_ray']","['radiology', 'thorax', 'x_ray']",True
file_0025964,PMC4005212_JFMPC-3-86-g002_b_2_2.webp,PMC4005212_01_JFMPC-3-86-g002.jpg,b,PMC4005212_01,CC BY-NC-SA,12842,(b) Chest X-ray of the same patient with intercostal tube in situ and a partially expanded lung.,['Figure 2b'],radiology,x_ray,thorax,thorax,frontal,"['thorax', 'radiology', 'frontal', 'x_ray']","['radiology', 'thorax', 'x_ray']",True
file_0026073,PMC4012096_1749-7922-9-34-1_undivided_1_1.webp,PMC4012096_01_1749-7922-9-34-1.jpg,undivided,PMC4012096_01,CC BY,10172,Chest x-ray. Black arrow indicates left pleural effusion.,['Figure 1'],radiology,x_ray,thorax,thorax,frontal,"['thorax', 'radiology', 'frontal', 'x_ray']","['radiology', 'thorax', 'x_ray']",True
file_0026135,PMC4012126_CCD-5-89-g002_e_5_5.webp,PMC4012126_01_CCD-5-89-g002.jpg,e,PMC4012126_01,CC BY-NC-SA,1066,(e) Chest radiograph showing parenchymal abnormality. Spine appeared deviated suggestive of scoliosis.,['Figure 2e'],radiology,x_ray,thorax,thorax,frontal,"['thorax', 'radiology', 'frontal', 'x_ray']","['radiology', 'thorax', 'x_ray']",True
file_0026156,PMC4013468_fped-02-00037-g001_undivided_1_1.webp,PMC4013468_01_fped-02-00037-g001.jpg,undivided,PMC4013468_01,CC BY,12096,Chest radiograph on admission showing right-sided changes.,['Figure 1'],radiology,x_ray,thorax,thorax,frontal,"['thorax', 'radiology', 'frontal', 'x_ray']","['radiology', 'thorax', 'x_ray']",True
file_0026157,PMC4013468_fped-02-00037-g002_undivided_1_1.webp,PMC4013468_01_fped-02-00037-g002.jpg,undivided,PMC4013468_01,CC BY,14628,Repeat chest radiograph 1 day after admission demonstrating resolution of the changes within 24 h.,['Figure 2'],radiology,x_ray,thorax,thorax,frontal,"['thorax', 'radiology', 'frontal', 'x_ray']","['radiology', 'thorax', 'x_ray']",True
file_0026158,PMC4013468_fped-02-00037-g003_undivided_1_1.webp,PMC4013468_01_fped-02-00037-g003.jpg,undivided,PMC4013468_01,CC BY,16464,Post-aspiration chest x-ray showing well-defined radio-dense opacities through all zones of the right lung and similar but less extensive changes on the right.,['Figure 3'],radiology,x_ray,thorax,thorax,frontal,"['thorax', 'radiology', 'frontal', 'x_ray']","['radiology', 'thorax', 'x_ray', 'mass']",True
file_0026286,PMC4024433_PAMJ-16-138-g002_undivided_1_1.webp,PMC4024433_01_PAMJ-16-138-g002.jpg,undivided,PMC4024433_01,CC BY,7770,Chest X-ray: the right eccentricity of the trachea.,['Figure 2'],radiology,x_ray,thorax,thorax,frontal,"['thorax', 'radiology', 'frontal', 'x_ray']","['radiology', 'thorax', 'x_ray']",True
file_0026653,PMC4049498_2052-4374-26-10-1_A_1_4.webp,PMC4049498_01_2052-4374-26-10-1.jpg,a,PMC4049498_01,CC BY,6636,Chest X-ray. A. Pneumonitis or pulmonary tuberculosis in both upper lobes. A lung mass lesion in the right upper lobe was ruled out.,['Figure 1-A'],radiology,x_ray,thorax,thorax,frontal,"['thorax', 'radiology', 'frontal', 'x_ray']","['radiology', 'thorax', 'x_ray', 'mass']",True
file_0026654,PMC4049498_2052-4374-26-10-1_B_2_4.webp,PMC4049498_01_2052-4374-26-10-1.jpg,b,PMC4049498_01,CC BY,9190,"Chest X-ray. B. Pneumoconiosis such as silicosis with progressive massive fibrosis (PMF). Slightly decreased densities around PMF were present since January 2012. A differential diagnosis for lung cancer, which is rarely considered, was performed.",['Figure 1-B'],radiology,x_ray,thorax,thorax,frontal,"['thorax', 'radiology', 'frontal', 'x_ray']","['radiology', 'thorax', 'x_ray']",True
file_0026655,PMC4049498_2052-4374-26-10-1_C_3_4.webp,PMC4049498_01_2052-4374-26-10-1.jpg,c,PMC4049498_01,CC BY,10424,"Chest X-ray. C. Pneumothorax, right. Underlying complicated pneumoconiosis, progressive massive fibrosis. HRCT.",['Figure 1-C'],radiology,x_ray,thorax,thorax,frontal,"['thorax', 'radiology', 'frontal', 'x_ray']",['radiology'],True
file_0026702,PMC4059869_cjc-33-06-317-g001_A_1_3.webp,PMC4059869_01_cjc-33-06-317-g001.jpg,a,PMC4059869_01,CC BY-NC-SA,2450,"Bilateral chylothorax occured after left supraclavicular dissection. . A, no obvious abnormalities are present on the preoperative chest X-ray.",['Figure 1A'],radiology,x_ray,thorax,thorax,frontal,"['thorax', 'radiology', 'frontal', 'x_ray']","['radiology', 'thorax', 'x_ray']",True
file_0026703,PMC4059869_cjc-33-06-317-g001_B_2_3.webp,PMC4059869_01_cjc-33-06-317-g001.jpg,b,PMC4059869_01,CC BY-NC-SA,2568,"Bilateral chylothorax occured after left supraclavicular dissection. B, on the fourth day postoperation, chest X-ray shows medium, bilateral pleural effusions, accompanied with dyspnea and chest discomfort. Bilateral breath sounds were diminished upon auscultation.",['Figure 1B'],radiology,x_ray,thorax,thorax,frontal,"['thorax', 'radiology', 'frontal', 'x_ray']","['radiology', 'thorax', 'x_ray']",True
file_0026704,PMC4059869_cjc-33-06-317-g001_C_3_3.webp,PMC4059869_01_cjc-33-06-317-g001.jpg,c,PMC4059869_01,CC BY-NC-SA,2592,"Bilateral chylothorax occured after left supraclavicular dissection. C, after conservative management, a repeated chest X-ray shows no evidence of residual effusions. These results suggest that conservative treatment of chylous leakage is effective.",['Figure 1C'],radiology,x_ray,thorax,thorax,frontal,"['thorax', 'radiology', 'frontal', 'x_ray']","['radiology', 'thorax', 'x_ray']",True
file_0026736,PMC4061423_gr1_undivided_1_1.webp,PMC4061423_01_gr1.jpg,undivided,PMC4061423_01,CC BY-NC-SA,6900,Typical Patient Chest X-ray.,['Fig. 1'],radiology,x_ray,thorax,thorax,frontal,"['thorax', 'radiology', 'frontal', 'x_ray']","['radiology', 'thorax', 'x_ray']",True
file_0026917,PMC4065486_IJHG-20-82-g003_undivided_1_1.webp,PMC4065486_01_IJHG-20-82-g003.jpg,undivided,PMC4065486_01,CC BY-NC-SA,28260,Plain chest radiography shows increased lucency over the left side due to the absence of chest muscle.,['Figure 3'],radiology,x_ray,thorax,thorax,frontal,"['thorax', 'radiology', 'frontal', 'x_ray']","['radiology', 'thorax', 'x_ray']",True
file_0026926,PMC4066598_IJSTD-35-46-g001_undivided_1_1.webp,PMC4066598_01_IJSTD-35-46-g001.jpg,undivided,PMC4066598_01,CC BY-NC-SA,6442,Chest X-ray posterior-anterior view showing superior mediastinal mass suggestive of aortic aneurysm.,['Figure 1'],radiology,x_ray,thorax,thorax,frontal,"['thorax', 'radiology', 'frontal', 'x_ray']","['radiology', 'thorax', 'frontal', 'posteroanterior', 'x_ray', 'mass']",True
file_0027043,PMC4073450_AMS-4-103-g003_undivided_1_1.webp,PMC4073450_01_AMS-4-103-g003.jpg,undivided,PMC4073450_01,CC BY-NC-SA,10534,Chest X-ray (postero-anterior view) demonstrates nodular opacity at the level of 5th and 6th rib with hilar prominence.,[],radiology,x_ray,thorax,thorax,frontal,"['thorax', 'radiology', 'frontal', 'x_ray']","['radiology', 'thorax', 'frontal', 'anteroposterior', 'x_ray', 'mass']",True
file_0027121,PMC4074175_imcrj-7-111Fig1_L_1_1.webp,PMC4074175_01_imcrj-7-111Fig1.jpg,l,PMC4074175_01,CC BY-NC,12612,"Chest X-ray showing nodular lesions on both lungs consistent with miliary TB lesions. . Abbreviations: TB, tuberculosis; L, left.",['Figure 1'],radiology,x_ray,thorax,thorax,frontal,"['thorax', 'radiology', 'frontal', 'x_ray']","['radiology', 'thorax', 'x_ray', 'mass']",True
file_0027165,PMC4075796_1806-3713-jbpneu-39-01-00113-gf01_undivided_1_1.webp,PMC4075796_01_1806-3713-jbpneu-39-01-00113-gf01.jpg,undivided,PMC4075796_01,CC BY-NC,32754,"Esophagogram showing stenosis of the esophagus at the cervicothoracic
junction and esophageal dilation upstream of the stenosis.",[],radiology,x_ray,thorax,thorax,frontal,"['thorax', 'radiology', 'frontal', 'x_ray']",[],True
file_0027216,PMC4078456_JCIS-4-28-g004_undivided_1_1.webp,PMC4078456_01_JCIS-4-28-g004.jpg,undivided,PMC4078456_01,CC BY-NC-SA,14306,"21-year-old man with an 8-h history of severe right lower abdominal pain, epigastric pain, vomiting, and fever diagnosed with Valentino's syndrome. Chest radiograph (frontal view) shows right perinephric air (arrow).",['Figure 3'],radiology,x_ray,thorax,thorax,frontal,"['thorax', 'radiology', 'frontal', 'x_ray']","['radiology', 'frontal', 'x_ray']",True
file_0027258,PMC4083518_IJOEM-18-27-g001_undivided_1_1.webp,PMC4083518_01_IJOEM-18-27-g001.jpg,undivided,PMC4083518_01,CC BY-NC-SA,5726,Chest radiograph showing extensive bilateral opacities.,['Figure 1'],radiology,x_ray,thorax,thorax,frontal,"['thorax', 'radiology', 'frontal', 'x_ray']","['radiology', 'thorax', 'x_ray', 'mass']",True
file_0027283,PMC4085888_PAMJ-17-63-g006_undivided_1_1.webp,PMC4085888_01_PAMJ-17-63-g006.jpg,undivided,PMC4085888_01,CC BY,10092,Chest radiograph. Note rachitic rosary.,[],radiology,x_ray,thorax,thorax,frontal,"['thorax', 'radiology', 'frontal', 'x_ray']","['radiology', 'thorax', 'x_ray']",True
file_0027297,PMC4085949_PAMJ-17-49-g001_undivided_1_1.webp,PMC4085949_01_PAMJ-17-49-g001.jpg,undivided,PMC4085949_01,CC BY,4348,The chest X-ray image revealed bilaterally increased non-homogeneous density on all zones.,['Figure 1'],radiology,x_ray,thorax,thorax,frontal,"['thorax', 'radiology', 'frontal', 'x_ray']","['radiology', 'thorax', 'x_ray']",True
file_0027299,PMC4085949_PAMJ-17-49-g003_undivided_1_1.webp,PMC4085949_01_PAMJ-17-49-g003.jpg,undivided,PMC4085949_01,CC BY,8738,Radiological recovery of the patient on chest X-ray.,['Figure 3'],radiology,x_ray,thorax,thorax,frontal,"['thorax', 'radiology', 'frontal', 'x_ray']","['radiology', 'thorax', 'x_ray']",True
file_0027382,PMC4090975_JSTCR-6-18-g002_undivided_1_1.webp,PMC4090975_01_JSTCR-6-18-g002.jpg,undivided,PMC4090975_01,CC BY-NC-SA,6362,Chest radiograph post endoscopy.,['Figure 2'],radiology,x_ray,thorax,thorax,frontal,"['thorax', 'radiology', 'frontal', 'x_ray']",[],True
file_0027402,PMC4090979_JSTCR-6-33-g001_undivided_1_1.webp,PMC4090979_01_JSTCR-6-33-g001.jpg,undivided,PMC4090979_01,CC BY-NC-SA,4220,Chest roentgenogram.,['Figure 1'],radiology,x_ray,thorax,thorax,frontal,"['thorax', 'radiology', 'frontal', 'x_ray']","['radiology', 'thorax', 'x_ray']",True
file_0027527,PMC4105106_2036-7902-6-11-1_undivided_1_1.webp,PMC4105106_01_2036-7902-6-11-1.jpg,undivided,PMC4105106_01,CC BY,11068,A chest X-ray taken on admission. The chest X-ray image indicated narrowing of the trachea (arrows).,['Figure 1'],radiology,x_ray,thorax,thorax,frontal,"['thorax', 'radiology', 'frontal', 'x_ray']","['radiology', 'thorax', 'x_ray']",True
file_0027612,PMC4118155_2046-0481-67-15-1_A_1_2.webp,PMC4118155_01_2046-0481-67-15-1.jpg,a,PMC4118155_01,CC BY,5820,Preoperative radiographic view. (A) Lateral projection of the thorax reveals significant accumulation of pleural effusion.,['Figure 1A and B'],radiology,x_ray,thorax,thorax,sagittal,"['thorax', 'radiology', 'sagittal', 'x_ray']","['radiology', 'sagittal']",True
file_0027613,PMC4118155_2046-0481-67-15-1_B_2_2.webp,PMC4118155_01_2046-0481-67-15-1.jpg,b,PMC4118155_01,CC BY,3352,Preoperative radiographic view. (B) Ventrodorsal projection of the thorax reveals a widened cranial mediastinum with increased soft-tissue density.,['Figure 1A and B'],radiology,x_ray,thorax,thorax,frontal,"['thorax', 'radiology', 'frontal', 'x_ray']",[],True
file_0027621,PMC4118155_2046-0481-67-15-5_B_2_2.webp,PMC4118155_01_2046-0481-67-15-5.jpg,b,PMC4118155_01,CC BY,5272,Postoperative radiographic view at 6 months. Ventrodorsal. Projections of the thorax reveal no pleural effusion and no evidence of increased soft-tissue density associated with widening of the cranial mediastinum.,['Figure 5A and B'],radiology,x_ray,thorax,thorax,frontal,"['thorax', 'radiology', 'frontal', 'x_ray']",[],True
file_0027691,PMC4123267_SNI-5-103-g003_undivided_1_1.webp,PMC4123267_01_SNI-5-103-g003.jpg,undivided,PMC4123267_01,CC BY-NC-SA,7634,"Chest radiograph taken 2 h after admission showed diffuse symmetric alveolar infiltrates, indicating pulmonary edema.",['Figure 3'],radiology,x_ray,thorax,thorax,frontal,"['thorax', 'radiology', 'frontal', 'x_ray']","['radiology', 'thorax', 'x_ray']",True
file_0027692,PMC4123267_SNI-5-103-g004_undivided_1_1.webp,PMC4123267_01_SNI-5-103-g004.jpg,undivided,PMC4123267_01,CC BY-NC-SA,8802,Repeated chest imaging confirmed bilateral ground-glass opacities and diffuse interstitial in fi ltrates (worse on the left side).,['Figure 4'],radiology,x_ray,thorax,thorax,frontal,"['thorax', 'radiology', 'frontal', 'x_ray']",[],True
file_0027712,PMC4125593_1755-7682-7-37-2_undivided_1_1.webp,PMC4125593_01_1755-7682-7-37-2.jpg,undivided,PMC4125593_01,CC BY,9158,Image of chest radiography with areas of opacity and an image of double-lumen CVC for HD implanted in the left jugular vein.,[],radiology,x_ray,thorax,thorax,frontal,"['thorax', 'radiology', 'frontal', 'x_ray']","['radiology', 'thorax', 'x_ray', 'mass']",True
file_0027832,PMC4142470_JCIS-4-35-g002_undivided_1_1.webp,PMC4142470_01_JCIS-4-35-g002.jpg,undivided,PMC4142470_01,CC BY-NC-SA,6878,26-year-old female with chest pain and breathlessness diagnosed with pleural and peritoneal mesothelioma. Chest X-ray poster anterior view reveals opaque right hemithorax with areas of radiolucencies in the right mid zone (horizontal arrow). Right costophrenic angle and right hemi diaphragm silhouette is obliterated by soft-tissue opacity. There is no evidence of any calcification or bone destruction. Right side shows mild tracheal and mediastinal shift. Left lung field and costophrenic angle on the left side are clear.,['Figure 1'],radiology,x_ray,thorax,thorax,frontal,"['thorax', 'radiology', 'frontal', 'x_ray']","['radiology', 'frontal', 'anteroposterior', 'x_ray']",True
file_0027983,PMC4153130_Tanaffos-10-052-g003_undivided_1_1.webp,PMC4153130_01_Tanaffos-10-052-g003.jpg,undivided,PMC4153130_01,CC BY-NC,9312,Chest x-ray one year later. Mild pleural thickening and linear atelectasis were seen in the right lung.,['Figure 3'],radiology,x_ray,thorax,thorax,frontal,"['thorax', 'radiology', 'frontal', 'x_ray']","['radiology', 'thorax', 'x_ray']",True
file_0027984,PMC4153132_Tanaffos-10-048-g002_undivided_1_1.webp,PMC4153132_01_Tanaffos-10-048-g002.jpg,undivided,PMC4153132_01,CC BY-NC,12598,"CXR shows small bell shaped thoracic cage, thin ribs and rounded heart shadow frequently seen in cases with MUL.",['Figure 1'],radiology,x_ray,thorax,thorax,frontal,"['thorax', 'radiology', 'frontal', 'x_ray']","['radiology', 'thorax', 'x_ray']",True
file_0027996,PMC4153153_Tanaffos-10-055-g001_undivided_1_1.webp,PMC4153153_01_Tanaffos-10-055-g001.jpg,undivided,PMC4153153_01,CC BY-NC,15218,Chest x-ray (postero-anterior view) showed bilateral hyperinflated lung fields along with loss of lung markings in left upper lobe and a thin white line in right upper lobe suggestive of wall of bulla.,['Figure 1'],radiology,x_ray,thorax,thorax,frontal,"['thorax', 'radiology', 'frontal', 'x_ray']","['radiology', 'thorax', 'frontal', 'anteroposterior', 'x_ray']",True
file_0028001,PMC4153165_Tanaffos-10-064-g002_undivided_1_1.webp,PMC4153165_01_Tanaffos-10-064-g002.jpg,undivided,PMC4153165_01,CC BY-NC,19130,Initial chest X-ray revealed right upper lobe alveolar infiltration.,"['Figure 2', 'Figures 2']",radiology,x_ray,thorax,thorax,frontal,"['thorax', 'radiology', 'frontal', 'x_ray']","['radiology', 'thorax', 'x_ray']",True
file_0028002,PMC4153165_Tanaffos-10-064-g004_undivided_1_1.webp,PMC4153165_01_Tanaffos-10-064-g004.jpg,undivided,PMC4153165_01,CC BY-NC,13696,Portable chest X-ray on the second day revealed increased infiltration.,['Figures 4'],radiology,x_ray,thorax,thorax,frontal,"['thorax', 'radiology', 'frontal', 'x_ray']","['radiology', 'thorax', 'x_ray']",True
file_0028004,PMC4153169_Tanaffos-10-060-g002_undivided_1_1.webp,PMC4153169_01_Tanaffos-10-060-g002.jpg,undivided,PMC4153169_01,CC BY-NC,14104,Chest X-ray showing bilateral first rib fracture with no intrathoracic lung parenchymal or major vascular injury.,[],radiology,x_ray,thorax,thorax,frontal,"['thorax', 'radiology', 'frontal', 'x_ray']","['radiology', 'thorax', 'x_ray']",True
file_0028028,PMC4153210_Tanaffos-11-052-g003_undivided_1_1.webp,PMC4153210_01_Tanaffos-11-052-g003.jpg,undivided,PMC4153210_01,CC BY-NC,17856,Chest X-ray after one-year showed no visible residual cysts.,['Figure 3'],radiology,x_ray,thorax,thorax,frontal,"['thorax', 'radiology', 'frontal', 'x_ray']","['radiology', 'thorax', 'x_ray']",True
file_0028030,PMC4153220_Tanaffos-11-060-g001_undivided_1_1.webp,PMC4153220_01_Tanaffos-11-060-g001.jpg,undivided,PMC4153220_01,CC BY-NC,22306,Chest X-ray showing a large mass in the right cardiophrenic triangle.,['Figure 1'],radiology,x_ray,thorax,thorax,frontal,"['thorax', 'radiology', 'frontal', 'x_ray']","['radiology', 'thorax', 'x_ray', 'mass']",True
file_0028034,PMC4153222_Tanaffos-11-063-g002_undivided_1_1.webp,PMC4153222_01_Tanaffos-11-063-g002.jpg,undivided,PMC4153222_01,CC BY-NC,8376,Chest X-Ray showing left sided consolidation with pleural reaction and right sided diffuse pneumonitic changes.,['Figure 2'],radiology,x_ray,thorax,thorax,frontal,"['thorax', 'radiology', 'frontal', 'x_ray']","['radiology', 'thorax', 'x_ray']",True
file_0028040,PMC4153224_Tanaffos-11-069-g003_undivided_1_1.webp,PMC4153224_01_Tanaffos-11-069-g003.jpg,undivided,PMC4153224_01,CC BY-NC,8784,Chest radiography of patient.,['Figures 1'],radiology,x_ray,thorax,thorax,frontal,"['thorax', 'radiology', 'frontal', 'x_ray']","['radiology', 'thorax', 'x_ray']",True
file_0028057,PMC4153269_Tanaffos-12-053-g001_undivided_1_1.webp,PMC4153269_01_Tanaffos-12-053-g001.jpg,undivided,PMC4153269_01,CC BY-NC,7002,Chest X-ray demonstrated right hydropneumothorax in spontaneous perforation of distal esophagus (Boerhaave's syndrome).,['Figure 1'],radiology,x_ray,thorax,thorax,frontal,"['thorax', 'radiology', 'frontal', 'x_ray']","['radiology', 'thorax', 'x_ray']",True
file_0028059,PMC4153270_Tanaffos-12-058-g001_undivided_1_1.webp,PMC4153270_01_Tanaffos-12-058-g001.jpg,undivided,PMC4153270_01,CC BY-NC,13472,Chest X-ray showing bilateral diffuse high density micro-nodular opacities.,['Figure 1'],radiology,x_ray,thorax,thorax,frontal,"['thorax', 'radiology', 'frontal', 'x_ray']","['radiology', 'thorax', 'x_ray', 'mass']",True
file_0028064,PMC4153276_Tanaffos-13-052-g001_undivided_1_1.webp,PMC4153276_01_Tanaffos-13-052-g001.jpg,undivided,PMC4153276_01,CC BY-NC,9096,Chest X ray displaying consolidation in the right upper lobe.,['Figure 1'],radiology,x_ray,thorax,thorax,frontal,"['thorax', 'radiology', 'frontal', 'x_ray']",[],True
file_0028067,PMC4153279_Tanaffos-13-061-g001_undivided_1_1.webp,PMC4153279_01_Tanaffos-13-061-g001.jpg,undivided,PMC4153279_01,CC BY-NC,26936,CXR shows multiple bilateral well defined pulmonary nodules and masses.,[],radiology,x_ray,thorax,thorax,frontal,"['thorax', 'radiology', 'frontal', 'x_ray']","['radiology', 'thorax', 'x_ray', 'mass']",True
file_0028088,PMC4156028_f1000research-3-3493-g0000_undivided_1_1.webp,PMC4156028_01_f1000research-3-3493-g0000.jpg,undivided,PMC4156028_01,CC BY,35028,"A solitary, 3.5 x 6.5 cm, non-tender, minimally elevated plaque with edematous central shiny skin made more apparent on scratching the lesion with the blunt end of a pin (positive Darier's sign) with peripheral marginal hyperpigmentation over the left elbow.",['Figure 1'],radiology,x_ray,upper_limb,elbow,sagittal,"['radiology', 'upper_limb', 'sagittal', 'elbow', 'x_ray']","['radiology', 'elbow', 'upper_limb']",True
file_0028251,PMC4173327_AER-4-38-g001_undivided_1_1.webp,PMC4173327_01_AER-4-38-g001.jpg,undivided,PMC4173327_01,CC BY-NC-SA,7106,Cardiomegaly with dilated pulmonary arteries. Peripheral pruning of the lung fields also seen.,['Figure 1'],radiology,x_ray,thorax,thorax,frontal,"['thorax', 'radiology', 'frontal', 'x_ray']",[],True
file_0028253,PMC4173365_AER-5-92-g001_undivided_1_1.webp,PMC4173365_01_AER-5-92-g001.jpg,undivided,PMC4173365_01,CC BY-NC-SA,10688,Air-fluid level in the left hemithorax with mediastinal shift towards the right side resembling left hydropneumothorax. On careful inspection a curvilinear line is noted (white arrows) which represents the gastric outline with lung markings above it.,['Figure 1'],radiology,x_ray,thorax,thorax,frontal,"['thorax', 'radiology', 'frontal', 'x_ray']",[],True
file_0028254,PMC4173365_AER-5-92-g002_undivided_1_1.webp,PMC4173365_01_AER-5-92-g002.jpg,undivided,PMC4173365_01,CC BY-NC-SA,9484,Following tube thoracostomy chest tubes are seen within the gut lumen (black arrows). The gastric outline is marked with the white arrow.,['Figure 2'],radiology,x_ray,thorax,thorax,frontal,"['thorax', 'radiology', 'frontal', 'x_ray']",[],True
file_0028256,PMC4173378_AER-5-105-g001_undivided_1_1.webp,PMC4173378_01_AER-5-105-g001.jpg,undivided,PMC4173378_01,CC BY-NC-SA,29580,Wholebody scanned image showing the hydatid cyst in the left lung and liver.,['Figure 1'],radiology,x_ray,abdomen,abdomen,frontal,"['abdomen', 'radiology', 'frontal', 'x_ray']",[],True
file_0028263,PMC4173424_AER-6-94-g001_undivided_1_1.webp,PMC4173424_01_AER-6-94-g001.jpg,undivided,PMC4173424_01,CC BY-NC-SA,14334,X-ray chest sohwing pneumothrorax.,['Figure 1'],radiology,x_ray,thorax,thorax,frontal,"['thorax', 'radiology', 'frontal', 'x_ray']","['radiology', 'thorax', 'x_ray']",True
file_0028269,PMC4173507_AER-7-127-g001_right_1_1.webp,PMC4173507_01_AER-7-127-g001.jpg,right,PMC4173507_01,CC BY-NC-SA,11214,Chest X-ray showing dextrocardia and right-sided gastric air bubble indicating the presence of both dextrocardia and situs inversus (the most common combination). There was no radiological evidence of bronchiectasis.,['Figure 1'],radiology,x_ray,thorax,thorax,frontal,"['thorax', 'radiology', 'frontal', 'x_ray']","['radiology', 'x_ray']",True
file_0028281,PMC4173589_AER-8-86-g001_undivided_1_1.webp,PMC4173589_01_AER-8-86-g001.jpg,undivided,PMC4173589_01,CC BY-NC-SA,9370,Chest X-ray in the immediate post operative period.,['Figure 1'],radiology,x_ray,thorax,thorax,frontal,"['thorax', 'radiology', 'frontal', 'x_ray']","['radiology', 'thorax', 'x_ray']",True
file_0028282,PMC4173589_AER-8-86-g002_undivided_1_1.webp,PMC4173589_01_AER-8-86-g002.jpg,undivided,PMC4173589_01,CC BY-NC-SA,9454,Chest X-ray after 24 hours.,['Figure 2'],radiology,x_ray,thorax,thorax,frontal,"['thorax', 'radiology', 'frontal', 'x_ray']","['radiology', 'thorax', 'x_ray']",True
file_0028454,PMC4189859_PAMJ-17-261-g001_undivided_1_1.webp,PMC4189859_01_PAMJ-17-261-g001.jpg,undivided,PMC4189859_01,CC BY,45306,Neonatal chest X-ray showing catheter in esophagus at T6 vertebral level and intrathoracic gastric bubble in the mediastinum.,['Figure 1'],radiology,x_ray,thorax,thorax,frontal,"['thorax', 'radiology', 'frontal', 'x_ray']","['radiology', 'x_ray']",True
file_0028551,PMC4200884_gr1_A_1_2.webp,PMC4200884_01_gr1.jpg,a,PMC4200884_01,CC BY-NC-SA,5906,(A) Chest radiograph showing a dilated oesophagus (red arrows). A nasogastric tube is seen in the lumen of the oesophagus. Oesophageal contents are visible as a fluid level (white arrows) behind the right heart border.,['Fig. 1'],radiology,x_ray,thorax,thorax,oblique,"['thorax', 'radiology', 'oblique', 'x_ray']","['radiology', 'thorax', 'x_ray']",True
file_0028572,PMC4204234_JCIS-4-50-g004_undivided_1_1.webp,PMC4204234_01_JCIS-4-50-g004.jpg,undivided,PMC4204234_01,CC BY-NC-SA,7654,"36-year-old woman with a history of autoimmune hepatitis and two prior orthotopic liver transplants who presented 5 years after her most recent transplant with a chief complaint of progressive bilateral lower extremity edema and weight gain was diagnosed with transplant-related, initially angioplasty-resistant IVC stenosis. Inferior vena cavagram performed following multiple venoplasty sessions reveals excellent response to therapy, with luminal diameter enlargement to 10-11 mm (arrowhead).",['Figure 3'],radiology,x_ray,thorax,thorax,frontal,"['thorax', 'radiology', 'frontal', 'x_ray']",[],True
file_0028694,PMC4220418_JCIS-4-55-g002_a_1_3.webp,PMC4220418_01_JCIS-4-55-g002.jpg,a,PMC4220418_01,CC BY-NC-SA,3986,Case 1. 6-year-old boy who presented with a short neck and bilateral lumps on his neck was diagnosed with bilateral Sprengel deformity. A) An AP X-ray of the thorax shows asymmetrical position of the scapulae and high position of scapular bases (arrows); compare the level of the glenoid cavity (asterisk) and infraglenoid tubercle (arrowhead) on each side.,['Figure 1'],radiology,x_ray,thorax,thorax,sagittal,"['thorax', 'radiology', 'sagittal', 'x_ray']","['radiology', 'thorax', 'x_ray']",True
file_0028695,PMC4220418_JCIS-4-55-g002_b_2_3.webp,PMC4220418_01_JCIS-4-55-g002.jpg,b,PMC4220418_01,CC BY-NC-SA,3912,Case 1. 6-year-old boy who presented with a short neck and bilateral lumps on his neck was diagnosed with bilateral Sprengel deformity. B) An AP X-ray of the cervical-upper thoracic spine demonstrates thoracic spine scoliosis (arrows) and fused ribs (asterisks).,['Figure 1'],radiology,x_ray,thorax,thorax,frontal,"['thorax', 'radiology', 'frontal', 'x_ray']","['radiology', 'x_ray']",True
file_0028696,PMC4220418_JCIS-4-55-g002_c_3_3.webp,PMC4220418_01_JCIS-4-55-g002.jpg,c,PMC4220418_01,CC BY-NC-SA,2184,Case 1. 6-year-old boy who presented with a short neck and bilateral lumps on his neck was diagnosed with bilateral Sprengel deformity. C) Lateral X-ray of the cervical-upper thoracic spine shows disturbance of the normal thoracic spine kyphosis (arrows).,['Figure 1'],radiology,x_ray,neck,neck,sagittal,"['neck', 'radiology', 'sagittal', 'x_ray']","['radiology', 'x_ray']",True
file_0028786,PMC4232025_PAMJ-18-104-g001_undivided_1_1.webp,PMC4232025_02_PAMJ-18-104-g001.jpg,undivided,PMC4232025_02,CC BY,6234,Chest radiograph showing a homogenous opacity in the right hemithorax.,['Figure 1'],radiology,x_ray,thorax,thorax,frontal,"['thorax', 'radiology', 'frontal', 'x_ray']","['radiology', 'thorax', 'x_ray', 'mass']",True
file_0028872,PMC4237689_40064_2014_1367_Fig3_HTML_undivided_1_1.webp,PMC4237689_01_40064_2014_1367_Fig3_HTML.jpg,undivided,PMC4237689_01,CC BY,16710,An anterio-posterior chest X-ray was unremarkable for any tuberculotic lesions excluding the co-existence of pulmonary tuberculosis.,[],radiology,x_ray,thorax,thorax,frontal,"['thorax', 'radiology', 'frontal', 'x_ray']","['radiology', 'thorax', 'x_ray', 'mass']",True
file_0029376,PMC4272467_MA-68-65-g001_undivided_1_1.webp,PMC4272467_01_MA-68-65-g001.jpg,undivided,PMC4272467_01,CC BY-NC-SA,4116,Chest X-ray: normal.,['Figure 1'],radiology,x_ray,thorax,thorax,frontal,"['thorax', 'radiology', 'frontal', 'x_ray']","['radiology', 'thorax', 'x_ray']",True
file_0029377,PMC4272467_MA-68-65-g002_undivided_1_1.webp,PMC4272467_01_MA-68-65-g002.jpg,undivided,PMC4272467_01,CC BY-NC-SA,4116,Chest CT shows a low attenuation endobronchial mass obstructing the anterior bronchus of the right lower lob (coronal view).,['Figure 2'],radiology,x_ray,thorax,thorax,frontal,"['thorax', 'radiology', 'frontal', 'x_ray']",[],True
file_0029380,PMC4272502_MA-68-144-g001_undivided_1_1.webp,PMC4272502_01_MA-68-144-g001.jpg,undivided,PMC4272502_01,CC BY-NC-SA,12558,Chest radiography demonstrating cardiomegaly.,['Figures 1'],radiology,x_ray,thorax,thorax,frontal,"['thorax', 'radiology', 'frontal', 'x_ray']","['radiology', 'thorax', 'x_ray']",True
file_0029511,PMC4279988_astr-88-48-g003_A_1_2.webp,PMC4279988_01_astr-88-48-g003.jpg,a,PMC4279988_01,CC BY-NC,11208,(A) Chest x-ray on postoperative day 7. Diffuse ground glass opacity in the both upper lobe of the lung.,['Fig. 3A'],radiology,x_ray,thorax,thorax,frontal,"['thorax', 'radiology', 'frontal', 'x_ray']","['radiology', 'thorax', 'x_ray', 'mass']",True
file_0029512,PMC4279988_astr-88-48-g003_B_2_2.webp,PMC4279988_01_astr-88-48-g003.jpg,b,PMC4279988_01,CC BY-NC,9886,(B) Chest x-ray on the seventh day of antifungal treatment. Disappearance of diffuse ground glass opacity in the both upper lobe of the lung.,['Fig. 3B'],radiology,x_ray,thorax,thorax,frontal,"['thorax', 'radiology', 'frontal', 'x_ray']","['radiology', 'thorax', 'x_ray', 'mass']",True
file_0029884,PMC4298925_LI-32-67-g003_undivided_1_1.webp,PMC4298925_01_LI-32-67-g003.jpg,undivided,PMC4298925_01,CC BY-NC-SA,13096,Chest X-ray at time of presentation.,['Figure 3'],radiology,x_ray,thorax,thorax,frontal,"['thorax', 'radiology', 'frontal', 'x_ray']","['radiology', 'thorax', 'x_ray']",True
file_0029887,PMC4298925_LI-32-67-g007_undivided_1_1.webp,PMC4298925_01_LI-32-67-g007.jpg,undivided,PMC4298925_01,CC BY-NC-SA,9628,Current chest X-ray.,['Figure 7'],radiology,x_ray,thorax,thorax,frontal,"['thorax', 'radiology', 'frontal', 'x_ray']","['radiology', 'thorax', 'x_ray']",True
file_0030025,PMC4306079_s12245-014-0040-5-1_undivided_1_1.webp,PMC4306079_01_s12245-014-0040-5-1.jpg,undivided,PMC4306079_01,CC BY,6116,A chest roentgenogram showed a ring-shaped pericardial calcification (arrows).,['Figure 1'],radiology,x_ray,thorax,thorax,frontal,"['thorax', 'radiology', 'frontal', 'x_ray']","['radiology', 'thorax', 'x_ray']",True
file_0030033,PMC4307707_wjem-16-165-g001_A_1_2.webp,PMC4307707_01_wjem-16-165-g001.jpg,a,PMC4307707_01,CC BY,7016,Chest radiograph.,['Figure 1'],radiology,x_ray,thorax,thorax,frontal,"['thorax', 'radiology', 'frontal', 'x_ray']","['radiology', 'thorax', 'x_ray']",True
file_0030056,PMC4309166_f1000research-3-5738-g0000_a_1_2.webp,PMC4309166_01_f1000research-3-5738-g0000.jpg,a,PMC4309166_01,CC BY,2334,A) Frontal chest radiograph during initial presentation.,['Figure 1a'],radiology,x_ray,thorax,thorax,frontal,"['thorax', 'radiology', 'frontal', 'x_ray']","['radiology', 'thorax', 'x_ray']",True
file_0030057,PMC4309166_f1000research-3-5738-g0000_b_2_2.webp,PMC4309166_01_f1000research-3-5738-g0000.jpg,b,PMC4309166_01,CC BY,1678,B) Lateral chest radiograph during initial presentation.,[],radiology,x_ray,thorax,thorax,sagittal,"['thorax', 'radiology', 'sagittal', 'x_ray']","['radiology', 'thorax', 'x_ray']",True
file_0030524,PMC4322404_APC-8-56-g001_C_1_1.webp,PMC4322404_01_APC-8-56-g001.jpg,c,PMC4322404_01,CC BY-NC-SA,14306,"Patient 1, anterior projection of selective angiogram into the aorto-pulmonary collateral during coil embolization (C). There is an anomalous right Scimitar vein (SV) draining to the inferior vena cava (IVC) which was stenosed at the junction with inferior vena cava and connected to the right upper pulmonary vein (RUPV) draining to left atrium by a large and tortuous fistula (*). There is dextroposition of the heart.",['Figure 1'],radiology,x_ray,thorax,thorax,frontal,"['thorax', 'radiology', 'frontal', 'x_ray']","['radiology', 'angiography']",True
file_0030525,PMC4322404_APC-8-56-g002_undivided_1_1.webp,PMC4322404_04_APC-8-56-g002.jpg,undivided,PMC4322404_04,CC BY-NC-SA,37838,"Patient 2, selective injection in IVC showing anomalous drainage of all the right pulmonary veins (RPV) to the hepatic vein with severe pulmonary vein stenosis and a collateral vessel between the right pulmonary vein and artery (*).",['Figure 2'],radiology,x_ray,thorax,thorax,frontal,"['thorax', 'radiology', 'frontal', 'x_ray']",[],True
file_0030526,PMC4322405_APC-8-59-g001_undivided_1_1.webp,PMC4322405_01_APC-8-59-g001.jpg,undivided,PMC4322405_01,CC BY-NC-SA,10392,"Right ventriculogram in lateral view [Video 1] shows thickened and doming pulmonary valve (PV) shown in arrow, dilated main pulmonary artery (MPA) and adequately open right ventricular outflow tract (RVOT).",['Figure 1'],radiology,x_ray,thorax,thorax,sagittal,"['thorax', 'radiology', 'sagittal', 'x_ray']","['radiology', 'sagittal']",True
file_0030530,PMC4322405_APC-8-59-g005_undivided_1_1.webp,PMC4322405_01_APC-8-59-g005.jpg,undivided,PMC4322405_01,CC BY-NC-SA,22198,The device (arrow) appeared well-aligned on the right ventricular (RV) side [Video 5]. MPA = Main pulmonary artery.,['Figure 5'],radiology,x_ray,thorax,thorax,oblique,"['thorax', 'radiology', 'oblique', 'x_ray']",[],True
file_0030539,PMC4322408_APC-8-71-g002_undivided_1_1.webp,PMC4322408_01_APC-8-71-g002.jpg,undivided,PMC4322408_01,CC BY-NC-SA,6630,Chest and abdominal X-ray on presentation.,['Figure 2'],radiology,x_ray,thorax,thorax,frontal,"['thorax', 'radiology', 'frontal', 'x_ray']","['radiology', 'x_ray']",True
file_0030544,PMC4322409_APC-8-74-g005_undivided_1_1.webp,PMC4322409_01_APC-8-74-g005.jpg,undivided,PMC4322409_01,CC BY-NC-SA,28816,Deployment of 18 mm ASO by pulmonary vein technique.,['Figure 5'],radiology,x_ray,thorax,thorax,frontal,"['thorax', 'radiology', 'frontal', 'x_ray']",[],True
file_0030687,PMC4325191_595_2013_821_Fig2_HTML_a_1_2.webp,PMC4325191_01_595_2013_821_Fig2_HTML.jpg,a,PMC4325191_01,CC BY,1582,"Chest X-ray and CT images upon admission. A; Lobar pneumonia of the right lung, atelectasis of the right inferior lobe and right pneumothorax.",['Fig. 2'],radiology,x_ray,thorax,thorax,frontal,"['thorax', 'radiology', 'frontal', 'x_ray']",['radiology'],True
file_0030691,PMC4325191_595_2013_821_Fig4_HTML_b_2_2.webp,PMC4325191_01_595_2013_821_Fig4_HTML.jpg,b,PMC4325191_01,CC BY,7878,A schematic diagram of the two-stage operation. B; The second procedure: esophageal reconstruction was performed using a pedicled jejunum with a microvascular anastomosis through the subcutaneous route in the anterior chest wall.,['Fig. 4b'],radiology,x_ray,lower_limb,lower_leg,oblique,"['radiology', 'lower_limb', 'oblique', 'x_ray', 'lower_leg']",[],True
file_0030910,PMC4333437_ABR-4-30-g001_undivided_1_1.webp,PMC4333437_01_ABR-4-30-g001.jpg,undivided,PMC4333437_01,CC BY-NC-SA,16268,Posteroanterior chest X-ray.,[],radiology,x_ray,thorax,thorax,frontal,"['thorax', 'radiology', 'frontal', 'x_ray']","['radiology', 'thorax', 'frontal', 'posteroanterior', 'x_ray']",True
file_0030971,PMC4335161_JETS-8-55-g001_undivided_1_1.webp,PMC4335161_01_JETS-8-55-g001.jpg,undivided,PMC4335161_01,CC BY-NC-SA,23778,Mobile chest X-ray displaying oligemic lung fields.,['Figure 1'],radiology,x_ray,thorax,thorax,frontal,"['thorax', 'radiology', 'frontal', 'x_ray']","['radiology', 'thorax', 'x_ray']",True
file_0030980,PMC4335596_f1000research-3-6419-g0000_undivided_1_1.webp,PMC4335596_01_f1000research-3-6419-g0000.jpg,undivided,PMC4335596_01,CC BY,22426,Chest radiograph showing a hemopneumothorax of the left lung.,['Figure 1'],radiology,x_ray,thorax,thorax,frontal,"['thorax', 'radiology', 'frontal', 'x_ray']","['radiology', 'thorax', 'x_ray']",True
file_0030981,PMC4335596_f1000research-3-6419-g0001_undivided_1_1.webp,PMC4335596_01_f1000research-3-6419-g0001.jpg,undivided,PMC4335596_01,CC BY,17224,Chest radiograph one hour after drainage of the left hemopneumothorax showing bilateral pulmonary edema.,['Figure 2'],radiology,x_ray,thorax,thorax,frontal,"['thorax', 'radiology', 'frontal', 'x_ray']","['radiology', 'thorax', 'x_ray']",True
file_0031026,PMC4337245_13037_2014_49_Fig1_HTML_undivided_1_1.webp,PMC4337245_01_13037_2014_49_Fig1_HTML.jpg,undivided,PMC4337245_01,CC BY,11690,Portable AP Chest X-ray showing the fractured access needle within the left anterior chest wall.,[],radiology,x_ray,thorax,thorax,periapical,"['thorax', 'radiology', 'periapical', 'x_ray']","['radiology', 'thorax', 'x_ray']",True
file_0031373,PMC4353927_gr4_undivided_1_1.webp,PMC4353927_01_gr4.jpg,undivided,PMC4353927_01,CC BY-NC-SA,12218,"Multiple pulmonary nodules in both lung fields, more in lower zones.",['Fig. 4'],radiology,x_ray,thorax,thorax,frontal,"['thorax', 'radiology', 'frontal', 'x_ray']",[],True
file_0031416,PMC4356724_CCR-11-163_F2_undivided_1_1.webp,PMC4356724_01_CCR-11-163_F2.jpg,undivided,PMC4356724_01,CC BY-NC,15926,"Chest radiograph shows cardiomegaly, dilated main and left pulmonary artery with peripheral pruning.",['Fig. 2'],radiology,x_ray,thorax,thorax,frontal,"['thorax', 'radiology', 'frontal', 'x_ray']","['radiology', 'thorax', 'x_ray']",True
file_0031456,PMC4357143_40557_2015_56_Fig1_HTML_undivided_1_1.webp,PMC4357143_01_40557_2015_56_Fig1_HTML.jpg,undivided,PMC4357143_01,CC BY,9558,"Plain chest radiograph indicates lucent upper lobes in both lungs suggesting emphysema. Evidence of lucent upper lobes in both lungs suggests emphysema. In addition, diffuse pleural thickenings with pleural calcifications present in the right middle and lower thorax. Linear atelectasis or fibrotic scars also present in the left lower lobe. Although the patient stated no history of asbestos exposure, asbestos exposure might have occurred while installing boilers.",['Figures 1'],radiology,x_ray,thorax,thorax,frontal,"['thorax', 'radiology', 'frontal', 'x_ray']","['radiology', 'thorax', 'x_ray']",True
file_0031537,PMC4361837_JCVJS-6-40-g002_a_1_2.webp,PMC4361837_01_JCVJS-6-40-g002.jpg,a,PMC4361837_01,CC BY-NC-SA,4040,Preoperative X-rays of the chest.,['Figure 2'],radiology,x_ray,thorax,thorax,frontal,"['thorax', 'radiology', 'frontal', 'x_ray']","['radiology', 'thorax', 'x_ray']",True
file_0031718,PMC4366828_IJCIIS-5-46-g001_undivided_1_1.webp,PMC4366828_01_IJCIIS-5-46-g001.jpg,undivided,PMC4366828_01,CC BY-NC-SA,15722,Chest X-ray demonstrated herniation of abdominal content into the left pleural cavity (Patient 1; seatbelt without airbag).,['Figure 1'],radiology,x_ray,thorax,thorax,frontal,"['thorax', 'radiology', 'frontal', 'x_ray']","['radiology', 'x_ray']",True
file_0031759,PMC4367046_JNSBM-6-232-g006_undivided_1_1.webp,PMC4367046_01_JNSBM-6-232-g006.jpg,undivided,PMC4367046_01,CC BY-NC-SA,17846,"A 17-month-old girl presented with below average height and weight gain, subsequently diagnosed as having cleidocranial dysplasia. Frontal chest radiograph showing absent right and hypoplastic left clavicles, bell shaped thorax and narrow upper chest.",['Figures 4'],radiology,x_ray,thorax,thorax,frontal,"['thorax', 'radiology', 'frontal', 'x_ray']","['radiology', 'thorax', 'x_ray']",True
file_0031806,PMC4367175_fped-03-00019-g001_undivided_1_1.webp,PMC4367175_01_fped-03-00019-g001.jpg,undivided,PMC4367175_01,CC BY,20096,Chest X-ray with prominent right cardiac border secondary to dilatation of the ascending aorta (double arrow) and absent aortic knob (arrow).,['Figure 1'],radiology,x_ray,thorax,thorax,frontal,"['thorax', 'radiology', 'frontal', 'x_ray']","['radiology', 'thorax', 'x_ray']",True
file_0031826,PMC4369869_12969_2015_5_Fig2_HTML_undivided_1_1.webp,PMC4369869_01_12969_2015_5_Fig2_HTML.jpg,undivided,PMC4369869_01,CC BY,9372,Posteroanterior chest radiograph at presentation revealed a markedly enlarged cardiac silhouette and a left-sided pulmonary infiltrate.,['Figure 2'],radiology,x_ray,thorax,thorax,frontal,"['thorax', 'radiology', 'frontal', 'x_ray']","['radiology', 'thorax', 'frontal', 'posteroanterior', 'x_ray']",True
file_0031896,PMC4374287_40248_2015_9_Fig1_HTML_undivided_1_1.webp,PMC4374287_01_40248_2015_9_Fig1_HTML.jpg,undivided,PMC4374287_01,CC BY,7752,"Multiple nodules and ground-glass opacities. The chest x-ray showed multiple nodules in the right upper lung field, and mixed ground-glass and airspace opacities in the entire right lung.",['Figure 1'],radiology,x_ray,thorax,thorax,frontal,"['thorax', 'radiology', 'frontal', 'x_ray']","['radiology', 'thorax', 'x_ray', 'mass']",True
file_0032070,PMC4383126_AER-9-112-g003_undivided_1_1.webp,PMC4383126_01_AER-9-112-g003.jpg,undivided,PMC4383126_01,CC BY-NC-SA,9590,Chest X-ray pa view.,['Figure 3'],radiology,x_ray,thorax,thorax,frontal,"['thorax', 'radiology', 'frontal', 'x_ray']","['radiology', 'thorax', 'frontal', 'posteroanterior', 'x_ray']",True
file_0032079,PMC4386016_Tanaffos-13-051-g001_undivided_1_1.webp,PMC4386016_01_Tanaffos-13-051-g001.jpg,undivided,PMC4386016_01,CC BY-NC,21968,Chest X ray of the patient showing a metal density inside trachea and left main bronchus.,['Figure 1'],radiology,x_ray,thorax,thorax,frontal,"['thorax', 'radiology', 'frontal', 'x_ray']",[],True
file_0032082,PMC4386018_Tanaffos-13-058-g001_undivided_1_1.webp,PMC4386018_01_Tanaffos-13-058-g001.jpg,undivided,PMC4386018_01,CC BY-NC,12852,Chest X-ray (posteroanterior view) shows leftward shifting of the trachea and decreased rib distances in the left side. Compensatory hyperinflation in contralateral hemithorax was also noted.,[],radiology,x_ray,thorax,thorax,frontal,"['thorax', 'radiology', 'frontal', 'x_ray']","['radiology', 'thorax', 'frontal', 'posteroanterior', 'x_ray']",True
file_0032126,PMC4386196_pjms-31-236-g001_undivided_1_1.webp,PMC4386196_01_pjms-31-236-g001.jpg,undivided,PMC4386196_01,CC BY,11272,Chest X ray: showing a huge homogenous opacity on the right side displacing mediastinum to the left.,[],radiology,x_ray,thorax,thorax,frontal,"['thorax', 'radiology', 'frontal', 'x_ray']",[],True
file_0032503,PMC4400459_ndtplussfr158f02_ht_B_2_2.webp,PMC4400459_01_ndtplussfr158f02_ht.jpg,b,PMC4400459_01,CC BY-NC,4892,Performed after the second chest pain attack demonstrating a dissection in the distal left anterior descending coronary artery.,['Figure 2B'],radiology,x_ray,thorax,thorax,oblique,"['thorax', 'radiology', 'oblique', 'x_ray']",[],True
file_0032564,PMC4406529_can-9-524fig2_undivided_1_1.webp,PMC4406529_01_can-9-524fig2.jpg,undivided,PMC4406529_01,CC BY,11154,Chest x-ray PA digital view did not reveal any major abnormalities except for marginal increase of cardiac size in transverse diameter.,['Figure 2'],radiology,x_ray,thorax,thorax,frontal,"['thorax', 'radiology', 'frontal', 'x_ray']","['radiology', 'thorax', 'x_ray']",True
file_0032580,PMC4407935_PAMJ-19-363-g001_undivided_1_1.webp,PMC4407935_01_PAMJ-19-363-g001.jpg,undivided,PMC4407935_01,CC BY,7460,Chest x-ray showing nodular opacities in both lung fields.,[],radiology,x_ray,thorax,thorax,frontal,"['thorax', 'radiology', 'frontal', 'x_ray']","['radiology', 'thorax', 'x_ray', 'mass']",True
file_0032582,PMC4407935_PAMJ-19-363-g003_undivided_1_1.webp,PMC4407935_01_PAMJ-19-363-g003.jpg,undivided,PMC4407935_01,CC BY,8254,Thoracic spine x-ray showing Osteolytic Left L1 lesion with missing pedicle (blue arrow).,[],radiology,x_ray,abdomen,abdomen,frontal,"['abdomen', 'radiology', 'frontal', 'x_ray']",[],True
file_0032704,PMC4411813_JLP-7-58-g001_undivided_1_1.webp,PMC4411813_01_JLP-7-58-g001.jpg,undivided,PMC4411813_01,CC BY-NC-SA,20396,Chest X-ray showing bilateral upper zone opacities.,[],radiology,x_ray,thorax,thorax,frontal,"['thorax', 'radiology', 'frontal', 'x_ray']","['radiology', 'thorax', 'x_ray', 'mass']",True
file_0032730,PMC4414853_40064_2015_924_Fig2_HTML_a_1_2.webp,PMC4414853_01_40064_2015_924_Fig2_HTML.jpg,a,PMC4414853_01,CC BY,5528,Unusual Paraclinical findings of AOSD in lung. A chest radiograph shows a patchy right lobe consolidation in the lower lung zone (a). CT image shows extensive areas of airspace consolidation due to alveolar hemorrhage in right lung.,['Figure 2a'],radiology,x_ray,thorax,thorax,frontal,"['thorax', 'radiology', 'frontal', 'x_ray']",['radiology'],True
file_0032884,PMC4427064_lra-8-007Fig1_right_2_2.webp,PMC4427064_01_lra-8-007Fig1.jpg,right,PMC4427064_01,CC BY-NC,6238,"Anteroposterior. Radiographs of patient's thoracic spine and lumbar spine. . Note: X-ray showed pectus carinatum, severe thoracic lordosis, accentuated lumbar lordosis, and acute pulmonary infection.",['Figure 1'],radiology,x_ray,thorax,thorax,frontal,"['thorax', 'radiology', 'frontal', 'x_ray']","['radiology', 'x_ray']",True
file_0033142,PMC4448920_imcrj-8-111Fig2_A_1_2.webp,PMC4448920_01_imcrj-8-111Fig2.jpg,a,PMC4448920_01,CC BY-NC,6422,Coronary angiogram and chest computed tomography. . Notes: Coronary angiogram (A) in right anterior oblique showing a complex obstruction of the left main coronary artery.,['Figure 2A'],radiology,x_ray,thorax,thorax,oblique,"['thorax', 'radiology', 'oblique', 'x_ray']",[],True
file_0033273,PMC4458315_PAMJ-20-115-g002_undivided_1_1.webp,PMC4458315_01_PAMJ-20-115-g002.jpg,undivided,PMC4458315_01,CC BY,12186,Chest X ray on admission with left sided thick biconvex opacity.,['Figure 2'],radiology,x_ray,thorax,thorax,frontal,"['thorax', 'radiology', 'frontal', 'x_ray']",[],True
file_0033373,PMC4468588_TORMJ-9-67_F1_undivided_1_1.webp,PMC4468588_01_TORMJ-9-67_F1.jpg,undivided,PMC4468588_01,CC BY-NC,7954,"The Chest X-ray shows the right hemithorax opacity
shifting the mediastinum toward the left.",['Fig. 1'],radiology,x_ray,thorax,thorax,frontal,"['thorax', 'radiology', 'frontal', 'x_ray']","['radiology', 'thorax', 'x_ray', 'mass']",True
file_0033375,PMC4468588_TORMJ-9-67_F3_undivided_1_1.webp,PMC4468588_01_TORMJ-9-67_F3.jpg,undivided,PMC4468588_01,CC BY-NC,14846,Controlled chest X-ray is normal.,['Fig. 3'],radiology,x_ray,thorax,thorax,frontal,"['thorax', 'radiology', 'frontal', 'x_ray']","['radiology', 'thorax', 'x_ray']",True
file_0033512,PMC4476490_tcrm-11-961Fig1_undivided_1_1.webp,PMC4476490_01_tcrm-11-961Fig1.jpg,undivided,PMC4476490_01,CC BY-NC,6224,"X-ray of chest of first case - ARDS following massive gastric content aspiration. . Abbreviation: ARDS, adult respiratory distress syndrome.",['Figure 1'],radiology,x_ray,thorax,thorax,frontal,"['thorax', 'radiology', 'frontal', 'x_ray']","['radiology', 'x_ray']",True
file_0033514,PMC4476490_tcrm-11-961Fig3_undivided_1_1.webp,PMC4476490_02_tcrm-11-961Fig3.jpg,undivided,PMC4476490_02,CC BY-NC,14126,"X-ray of chest of second patient - ARDS after lung embolism complicated by lung infection. . Abbreviation: ARDS, adult respiratory distress syndrome.",['Figure 3'],radiology,x_ray,thorax,thorax,frontal,"['thorax', 'radiology', 'frontal', 'x_ray']","['radiology', 'thorax', 'x_ray']",True
file_0033588,PMC4490577_JCIS-5-36-g002_a_1_2.webp,PMC4490577_01_JCIS-5-36-g002.jpg,a,PMC4490577_01,CC BY-NC-SA,19918,"18-year-old man presented to emergency room with acute right testicular pain diagnosed as caused by a fibrous constricting band around the spermatic cord. (a and b) Gray scale longitudinal ultrasound of the right testis show a enlarged, hypoechoic, edematous right testis (between white arrows), and a normal left testis (between red arrows).",[],radiology,x_ray,abdomen,abdomen,sagittal,"['abdomen', 'radiology', 'sagittal', 'x_ray']",[],True
file_0033711,PMC4508281_40064_2015_1157_Fig1_HTML_c_3_4.webp,PMC4508281_01_40064_2015_1157_Fig1_HTML.jpg,c,PMC4508281_01,CC BY,4774,Preoperative images. C; The outer wall of the area of intussusception consisted of an edematous ileum (inner layer; black arrow) and dilated colon (outer layer; white arrow).,['Figure 1'],radiology,x_ray,abdomen,abdomen,frontal,"['abdomen', 'radiology', 'frontal', 'x_ray']",[],True
file_0033804,PMC4521322_ipc-16-1-g001_A_1_3.webp,PMC4521322_01_ipc-16-1-g001.jpg,a,PMC4521322_01,CC BY-NC-SA,4456,A 6 year old girl presented with these classical findings of peripheral pulmonary stenosis (PPS) and supravalvar aortic stenosis (SVAS) : A) Depiction of the SVAS upon injection into the coronary sinuses.,['Figure 1A'],radiology,x_ray,thorax,thorax,oblique,"['thorax', 'radiology', 'oblique', 'x_ray']",[],True
file_0033805,PMC4521322_ipc-16-1-g001_B_2_3.webp,PMC4521322_01_ipc-16-1-g001.jpg,b,PMC4521322_01,CC BY-NC-SA,4952,B-C) Visualization of the diffuse bilateral PPS on pulmonary angiography.,['Figure 1B-C'],radiology,x_ray,abdomen,abdomen,frontal,"['abdomen', 'radiology', 'frontal', 'x_ray']","['radiology', 'angiography']",True
file_0033806,PMC4521322_ipc-16-1-g001_C_3_3.webp,PMC4521322_01_ipc-16-1-g001.jpg,c,PMC4521322_01,CC BY-NC-SA,6054,B-C) Visualization of the diffuse bilateral PPS on pulmonary angiography.,['Figure 1B-C'],radiology,x_ray,abdomen,abdomen,frontal,"['abdomen', 'radiology', 'frontal', 'x_ray']","['radiology', 'angiography']",True
file_0033904,PMC4531545_kjim-19-1-53-10f1_undivided_1_1.webp,PMC4531545_01_kjim-19-1-53-10f1.jpg,undivided,PMC4531545_01,CC BY-NC,6118,"Chest X-ray on second hospital day, shows rapidly aggravated bilateral airspace consolidation.",['Figure 1'],radiology,x_ray,thorax,thorax,frontal,"['thorax', 'radiology', 'frontal', 'x_ray']","['radiology', 'thorax', 'x_ray']",True
file_0033950,PMC4531579_kjim-19-4-261-9f1_A_1_2.webp,PMC4531579_01_kjim-19-4-261-9f1.jpg,a,PMC4531579_01,CC BY-NC,5554,(A) Initial chest PA at the time of diagnosis of pulmonary tuberculosis. Chest PA shows multiple irregular pathological consolidations on both lung fields.,['Figure 1'],radiology,x_ray,thorax,thorax,frontal,"['thorax', 'radiology', 'frontal', 'x_ray']",[],True
file_0033951,PMC4531579_kjim-19-4-261-9f1_B_2_2.webp,PMC4531579_01_kjim-19-4-261-9f1.jpg,b,PMC4531579_01,CC BY-NC,6998,(B) Follow up of chest PA on admission (1.5 months later after antitubercular agents were started). Chest PA shows further improvement of the multiple irregular pathological consolidations on both lung fields.,['Figure 1'],radiology,x_ray,thorax,thorax,frontal,"['thorax', 'radiology', 'frontal', 'x_ray']",[],True
file_0033998,PMC4531608_kjim-18-2-125-12f3_undivided_1_1.webp,PMC4531608_01_kjim-18-2-125-12f3.jpg,undivided,PMC4531608_01,CC BY-NC,18774,Chest PA view shows left mediastinal bulging (arrows).,['Figure 3'],radiology,x_ray,thorax,thorax,frontal,"['thorax', 'radiology', 'frontal', 'x_ray']","['radiology', 'frontal', 'posteroanterior']",True
file_0034090,PMC4531665_kjim-17-2-138-9f1_undivided_1_1.webp,PMC4531665_01_kjim-17-2-138-9f1.jpg,undivided,PMC4531665_01,CC BY-NC,7280,Chest radiograph shows bilateral variable-sized multifocal consolidation with reticulonodular opacities. Note a cavitary lesion in the left lower lung zone.,['Figure 1'],radiology,x_ray,thorax,thorax,frontal,"['thorax', 'radiology', 'frontal', 'x_ray']","['radiology', 'thorax', 'x_ray', 'mass']",True
file_0034095,PMC4531673_kjim-17-3-207-9f1A_undivided_1_1.webp,PMC4531673_01_kjim-17-3-207-9f1A.jpg,undivided,PMC4531673_01,CC BY-NC,5854,A 69-year-old man with pulmonary actinomycosis induced by fish bone. Chest radiograph shows ill-defined increased opacity and atelectatic change (arrow) in the left upper lung zone.,[],radiology,x_ray,thorax,thorax,frontal,"['thorax', 'radiology', 'frontal', 'x_ray']",[],True
file_0034098,PMC4531674_kjim-17-3-198-7f1_A_1_3.webp,PMC4531674_01_kjim-17-3-198-7f1.jpg,a,PMC4531674_01,CC BY-NC,1592,"Posteroanterior chest radiographs. (A) At 11 days before admission, pleural effusion is more pronounced on the right side.",['Figure 1A'],radiology,x_ray,thorax,thorax,frontal,"['thorax', 'radiology', 'frontal', 'x_ray']","['radiology', 'thorax', 'frontal', 'posteroanterior', 'x_ray']",True
file_0034099,PMC4531674_kjim-17-3-198-7f1_B_2_3.webp,PMC4531674_01_kjim-17-3-198-7f1.jpg,b,PMC4531674_01,CC BY-NC,3800,"Posteroanterior chest radiographs. . (B) On admission, bibasilar infiltration, bilateral pleural effusion and cardiomegaly are showed.",['Figure 1B'],radiology,x_ray,thorax,thorax,frontal,"['thorax', 'radiology', 'frontal', 'x_ray']","['radiology', 'thorax', 'frontal', 'posteroanterior', 'x_ray']",True
file_0034100,PMC4531674_kjim-17-3-198-7f1_C_3_3.webp,PMC4531674_01_kjim-17-3-198-7f1.jpg,c,PMC4531674_01,CC BY-NC,2580,"Posteroanterior chest radiographs. . (C) 12 months later, bibasilar infiltration and bilateral pleural effusion completely resoluted.",['Figure 1C'],radiology,x_ray,thorax,thorax,frontal,"['thorax', 'radiology', 'frontal', 'x_ray']","['radiology', 'thorax', 'frontal', 'posteroanterior', 'x_ray']",True
file_0034182,PMC4531763_kjim-15-2-142-9f1_undivided_1_1.webp,PMC4531763_01_kjim-15-2-142-9f1.jpg,undivided,PMC4531763_01,CC BY-NC,9558,Chest PA shows well-marginated huge left suprahilar mass shadow.,[],radiology,x_ray,thorax,thorax,frontal,"['thorax', 'radiology', 'frontal', 'x_ray']",[],True
file_0034186,PMC4531766_kjim-15-3-240-12f1_undivided_1_1.webp,PMC4531766_01_kjim-15-3-240-12f1.jpg,undivided,PMC4531766_01,CC BY-NC,9936,Chest radiograph shows focal consolidation of the right lower lung.,['Figure 1'],radiology,x_ray,thorax,thorax,frontal,"['thorax', 'radiology', 'frontal', 'x_ray']","['radiology', 'thorax', 'x_ray']",True
file_0034191,PMC4531766_kjim-15-3-240-12f6_undivided_1_1.webp,PMC4531766_01_kjim-15-3-240-12f6.jpg,undivided,PMC4531766_01,CC BY-NC,10448,Chest radiograph shows resolution of focal consolidation of the right lower lobe.,['Figure 6'],radiology,x_ray,thorax,thorax,frontal,"['thorax', 'radiology', 'frontal', 'x_ray']","['radiology', 'thorax', 'x_ray']",True
file_0034226,PMC4531928_kjim-14-2-94-16f2_undivided_1_1.webp,PMC4531928_01_kjim-14-2-94-16f2.jpg,undivided,PMC4531928_01,CC BY-NC,14420,Lateral chest radiograph shows compression fractures of T5 and T8. Note osteoporosis and kyphosis throughout the thoracic spine.,['Fig. 2'],radiology,x_ray,thorax,thorax,sagittal,"['thorax', 'radiology', 'sagittal', 'x_ray']","['radiology', 'thorax', 'x_ray']",True
file_0034234,PMC4531936_kjim-13-1-72-14f1_undivided_1_1.webp,PMC4531936_01_kjim-13-1-72-14f1.jpg,undivided,PMC4531936_01,CC BY-NC,11464,Chest radiography shows slightly widened superior mediastinum and laterally shifted dome of the right hemidiaphragm.,['Fig. 1'],radiology,x_ray,thorax,thorax,frontal,"['thorax', 'radiology', 'frontal', 'x_ray']","['radiology', 'thorax', 'x_ray']",True
file_0034245,PMC4531943_kjim-13-2-127-10f3_undivided_1_1.webp,PMC4531943_01_kjim-13-2-127-10f3.jpg,undivided,PMC4531943_01,CC BY-NC,20374,"Top: follow-up chest radiograph shows that bilateral consolidation is markedly improved with residual opacity in the right lower lung field. . Bottom: follow-up HRCT scan shows mild peribronchovascular interstitial thickening and mild interlobular septal thickening, especially in the dependent portion.",['Fig. 3'],radiology,x_ray,thorax,thorax,frontal,"['thorax', 'radiology', 'frontal', 'x_ray']",['radiology'],True
file_0034257,PMC4531953_kjim-13-2-123-9f1_undivided_1_1.webp,PMC4531953_01_kjim-13-2-123-9f1.jpg,undivided,PMC4531953_01,CC BY-NC,9526,Chest x-ray showed cardiomegaly with pulmonary vascular blurring and redistribution.,['Fig. 1'],radiology,x_ray,thorax,thorax,frontal,"['thorax', 'radiology', 'frontal', 'x_ray']","['radiology', 'thorax', 'x_ray']",True
file_0034260,PMC4531957_kjim-12-1-70-13f1_undivided_1_1.webp,PMC4531957_01_kjim-12-1-70-13f1.jpg,undivided,PMC4531957_01,CC BY-NC,66020,Chest P-A on admission shows bilateral interstitial infiltrate with patchy ground-glass opacities.,['Fig. 1'],radiology,x_ray,thorax,thorax,frontal,"['thorax', 'radiology', 'frontal', 'x_ray']",[],True
file_0034303,PMC4532012_kjim-11-2-161-11f1_undivided_1_1.webp,PMC4532012_01_kjim-11-2-161-11f1.jpg,undivided,PMC4532012_01,CC BY-NC,24110,Chest X-ray showed fibrostreak density in right upper lung and increased interstitial marking in both lungs.,['Fig. 1'],radiology,x_ray,thorax,thorax,frontal,"['thorax', 'radiology', 'frontal', 'x_ray']","['radiology', 'thorax', 'x_ray']",True
file_0034306,PMC4532013_kjim-11-2-175-14f2_undivided_1_1.webp,PMC4532013_01_kjim-11-2-175-14f2.jpg,undivided,PMC4532013_01,CC BY-NC,26062,"Chest PA findings Long-segment tracheal stenosis, low level of carina, right mediastinal buldging.",['Fig. 2'],radiology,x_ray,thorax,thorax,frontal,"['thorax', 'radiology', 'frontal', 'x_ray']",[],True
file_0034335,PMC4532025_kjim-10-1-54-9f2_undivided_1_1.webp,PMC4532025_01_kjim-10-1-54-9f2.jpg,undivided,PMC4532025_01,CC BY-NC,32610,Diffuse scattered ill defined nodules noted in entire both lung fields are remarkably improved with antituberculosis medication on serial chest PA.,['Fig. 2'],radiology,x_ray,thorax,thorax,frontal,"['thorax', 'radiology', 'frontal', 'x_ray']",[],True
file_0034351,PMC4532036_kjim-10-1-64-11f2_b_2_2.webp,PMC4532036_01_kjim-10-1-64-11f2.jpg,b,PMC4532036_01,CC BY-NC,15006,30 months. After placement of an endobronchial stents. Chest P-A shows total collapse of the left lung and two stents placed in the left bronchus.,['Fig. 2B'],radiology,x_ray,thorax,thorax,frontal,"['thorax', 'radiology', 'frontal', 'x_ray']",[],True
file_0034353,PMC4532041_kjim-10-2-155-13f1_undivided_1_1.webp,PMC4532041_01_kjim-10-2-155-13f1.jpg,undivided,PMC4532041_01,CC BY-NC,43482,The initial chest radiolograph shows multiple air space consolidations bilaterally.,['Fig. 1'],radiology,x_ray,thorax,thorax,frontal,"['thorax', 'radiology', 'frontal', 'x_ray']",[],True
file_0034354,PMC4532041_kjim-10-2-155-13f2_undivided_1_1.webp,PMC4532041_01_kjim-10-2-155-13f2.jpg,undivided,PMC4532041_01,CC BY-NC,54384,The chest roentgenogram on the 5th hospital day shows aggravated airspace consolidation in both lung fields.,['Fig. 2'],radiology,x_ray,thorax,thorax,frontal,"['thorax', 'radiology', 'frontal', 'x_ray']","['radiology', 'thorax', 'x_ray']",True
file_0034357,PMC4532041_kjim-10-2-155-13f6_undivided_1_1.webp,PMC4532041_01_kjim-10-2-155-13f6.jpg,undivided,PMC4532041_01,CC BY-NC,56390,Follow-up chest X-ray at 15th day after withdrawal of amiodarone shows much improved infiltrations compared with those of previous films.,['Fig. 6'],radiology,x_ray,thorax,thorax,frontal,"['thorax', 'radiology', 'frontal', 'x_ray']","['radiology', 'thorax', 'x_ray']",True
file_0034367,PMC4532054_kjim-9-1-47-9f1_undivided_1_1.webp,PMC4532054_01_kjim-9-1-47-9f1.jpg,undivided,PMC4532054_01,CC BY-NC,42172,"At 2 months prior to admission, chest P-A shows heterogenous, hazy, streaky densities on both lower lung fields and well-marginated homogenous squared shape of mass-like density on right middle lung.",['Fig. 1'],radiology,x_ray,thorax,thorax,frontal,"['thorax', 'radiology', 'frontal', 'x_ray']",[],True
file_0034368,PMC4532054_kjim-9-1-47-9f2_A_1_1.webp,PMC4532054_01_kjim-9-1-47-9f2.jpg,a,PMC4532054_01,CC BY-NC,35948,"Chest P-A, at admission, reveals much improved infiltrations on both lower lung fields and right middle lung, but newly developed lobulated round homogenous density with 4x4 cm in diameter at left hilar region.",['Fig. 2'],radiology,x_ray,thorax,thorax,frontal,"['thorax', 'radiology', 'frontal', 'x_ray']",[],True
file_0034372,PMC4532062_kjim-9-2-125-13f1_undivided_1_1.webp,PMC4532062_01_kjim-9-2-125-13f1.jpg,undivided,PMC4532062_01,CC BY-NC,29024,Chest radiograph on admission shows normal findings.,['Fig. 1'],radiology,x_ray,thorax,thorax,frontal,"['thorax', 'radiology', 'frontal', 'x_ray']","['radiology', 'thorax', 'x_ray']",True
file_0034373,PMC4532062_kjim-9-2-125-13f2_undivided_1_1.webp,PMC4532062_01_kjim-9-2-125-13f2.jpg,undivided,PMC4532062_01,CC BY-NC,35978,"Thirty-six hours after the injection of the ethanolamine oleate, chest PA shows diffuse alveolar infiltrates on both lung fields.",['Fig. 2'],radiology,x_ray,thorax,thorax,frontal,"['thorax', 'radiology', 'frontal', 'x_ray']",[],True
file_0034402,PMC4532100_kjim-7-1-68-12f1_undivided_1_1.webp,PMC4532100_01_kjim-7-1-68-12f1.jpg,undivided,PMC4532100_01,CC BY-NC,43972,Chest roentgenogram showed patch infiltration in right upper lung field and haziness in right lower lung field at beginning.,['Fig. 1'],radiology,x_ray,thorax,thorax,frontal,"['thorax', 'radiology', 'frontal', 'x_ray']","['radiology', 'thorax', 'x_ray']",True
file_0034403,PMC4532100_kjim-7-1-68-12f2_undivided_1_1.webp,PMC4532100_01_kjim-7-1-68-12f2.jpg,undivided,PMC4532100_01,CC BY-NC,31876,Chest X-ray revealed diffuse hazy infiltration in bilateral lung rields.,['Fig. 2'],radiology,x_ray,thorax,thorax,frontal,"['thorax', 'radiology', 'frontal', 'x_ray']","['radiology', 'thorax', 'x_ray']",True
file_0034420,PMC4532117_kjim-6-2-90-7f1_undivided_1_1.webp,PMC4532117_01_kjim-6-2-90-7f1.jpg,undivided,PMC4532117_01,CC BY-NC,21930,Chest roentgenogram shows cardiomegaly and bilateral pleural effusions.,['Fig. 1'],radiology,x_ray,thorax,thorax,periapical,"['thorax', 'radiology', 'periapical', 'x_ray']","['radiology', 'thorax', 'x_ray']",True
file_0034434,PMC4534991_kjim-5-1-63-9f1_A_1_2.webp,PMC4534991_01_kjim-5-1-63-9f1.jpg,a,PMC4534991_01,CC BY-NC,11704,"Serial chest radiographs of 60-year-old female patient. . A. The Initial radiograph shows bilateral diffuse ground glass appearing density, especially in the lower lung fields.",['Fig. 1'],radiology,x_ray,thorax,thorax,frontal,"['thorax', 'radiology', 'frontal', 'x_ray']","['radiology', 'thorax', 'x_ray']",True
file_0034435,PMC4534991_kjim-5-1-63-9f1_B_2_2.webp,PMC4534991_01_kjim-5-1-63-9f1.jpg,b,PMC4534991_01,CC BY-NC,10792,Serial chest radiographs of 60-year-old female patient. . B. Radiograph obtained one year later A shows both aggravated lower lung field lesions. Note bilateral pleural effusion and increased heart size as compared with radiograph A.,['Fig. 1'],radiology,x_ray,thorax,thorax,frontal,"['thorax', 'radiology', 'frontal', 'x_ray']","['radiology', 'thorax', 'x_ray', 'mass']",True
file_0034440,PMC4534994_kjim-5-1-79-12f1_undivided_1_1.webp,PMC4534994_01_kjim-5-1-79-12f1.jpg,undivided,PMC4534994_01,CC BY-NC,36962,Chest PA: The shadow of a well-defined mass is seen in the left thorax.,['Fig. 1'],radiology,x_ray,thorax,thorax,frontal,"['thorax', 'radiology', 'frontal', 'x_ray']",[],True
file_0034444,PMC4534994_kjim-5-1-79-12f5_undivided_1_1.webp,PMC4534994_01_kjim-5-1-79-12f5.jpg,undivided,PMC4534994_01,CC BY-NC,21210,A pulmonary arteriogram shows complete occulusion of the left main pulmonary artery.,[],radiology,x_ray,thorax,thorax,frontal,"['thorax', 'radiology', 'frontal', 'x_ray']","['radiology', 'arteriogram', 'angiography']",True
file_0034479,PMC4536612_f1000research-4-7368-g0000_undivided_1_1.webp,PMC4536612_01_f1000research-4-7368-g0000.jpg,undivided,PMC4536612_01,CC BY,29440,A preoperative chest X-ray showing complete collapse of the left lung.,['Figure 1'],radiology,x_ray,thorax,thorax,frontal,"['thorax', 'radiology', 'frontal', 'x_ray']","['radiology', 'thorax', 'x_ray']",True
file_0034550,PMC4546719_PAMJ-21-110-g002_undivided_1_1.webp,PMC4546719_01_PAMJ-21-110-g002.jpg,undivided,PMC4546719_01,CC BY,6126,Chest radiograph showing an enlarged cardiac silhouette.,['Figure 2'],radiology,x_ray,thorax,thorax,frontal,"['thorax', 'radiology', 'frontal', 'x_ray']","['radiology', 'thorax', 'x_ray']",True
file_0034572,PMC4547638_jpr-8-557Fig2_undivided_1_1.webp,PMC4547638_01_jpr-8-557Fig2.jpg,undivided,PMC4547638_01,CC BY-NC,12286,Lateral thoracic X-ray image showing permanent paddle lead placement in the thoracic interspaces.,['Figure 2'],radiology,x_ray,thorax,thorax,sagittal,"['thorax', 'radiology', 'sagittal', 'x_ray']","['radiology', 'thorax', 'x_ray']",True
file_0034573,PMC4547658_imcrj-8-169Fig1_undivided_1_1.webp,PMC4547658_01_imcrj-8-169Fig1.jpg,undivided,PMC4547658_01,CC BY-NC,13334,Ten minutes after re-intubation chest X-ray showed diffuse interstitial and alveolar infiltrates in bilateral centralized areas (white arrows).,['Figure 1'],radiology,x_ray,thorax,thorax,frontal,"['thorax', 'radiology', 'frontal', 'x_ray']","['radiology', 'thorax', 'x_ray']",True
file_0034575,PMC4547658_imcrj-8-169Fig3_undivided_1_1.webp,PMC4547658_01_imcrj-8-169Fig3.jpg,undivided,PMC4547658_01,CC BY-NC,14684,Plain chest X-ray at the third postoperative day showed the resolution of pulmonary edema.,['Figure 3'],radiology,x_ray,thorax,thorax,frontal,"['thorax', 'radiology', 'frontal', 'x_ray']","['radiology', 'thorax', 'x_ray']",True
file_0034775,PMC4558282_JCHIMP-5-28300-g001_undivided_1_1.webp,PMC4558282_01_JCHIMP-5-28300-g001.jpg,undivided,PMC4558282_01,CC BY-NC,8854,"Chest X-ray during admission showing bi-basilar effusion, atelectasis, infiltrate, and cardiomegaly.",['Fig. 1'],radiology,x_ray,thorax,thorax,frontal,"['thorax', 'radiology', 'frontal', 'x_ray']","['radiology', 'thorax', 'x_ray']",True
file_0034871,PMC4561136_PAMJ-21-11-g001_undivided_1_1.webp,PMC4561136_01_PAMJ-21-11-g001.jpg,undivided,PMC4561136_01,CC BY,14332,"Chest: hypomineralization, narrow thorax, multiple beaded ribs.",[],radiology,x_ray,thorax,thorax,frontal,"['thorax', 'radiology', 'frontal', 'x_ray']",[],True
file_0034925,PMC4573205_imcrj-8-189Fig1_undivided_1_1.webp,PMC4573205_01_imcrj-8-189Fig1.jpg,undivided,PMC4573205_01,CC BY-NC,15250,"Chest X-ray showing clear lung fields with low lung volumes (yellow arrows), elevated hemi diaphragm (black arrow).",['Figure 1'],radiology,x_ray,thorax,thorax,frontal,"['thorax', 'radiology', 'frontal', 'x_ray']","['radiology', 'thorax', 'x_ray']",True
file_0034949,PMC4575707_PAMJ-21-202-g001_undivided_1_1.webp,PMC4575707_01_PAMJ-21-202-g001.jpg,undivided,PMC4575707_01,CC BY,13336,"Chest radiograph taken two hours after the injury, showing left fractured clavicle and pneumothorax.",['Figure 1'],radiology,x_ray,thorax,thorax,frontal,"['thorax', 'radiology', 'frontal', 'x_ray']","['radiology', 'thorax', 'x_ray']",True
file_0034951,PMC4575707_PAMJ-21-202-g003_undivided_1_1.webp,PMC4575707_01_PAMJ-21-202-g003.jpg,undivided,PMC4575707_01,CC BY,21570,Chest radiographs showing callus formation of the fractured clavicle 14 months after the injury with no recurrence of pneumothorax.,['Figure 3'],radiology,x_ray,thorax,thorax,frontal,"['thorax', 'radiology', 'frontal', 'x_ray']","['radiology', 'thorax', 'x_ray']",True
file_0034965,PMC4578064_kjim-16-4-265-9f1_undivided_1_1.webp,PMC4578064_01_kjim-16-4-265-9f1.jpg,undivided,PMC4578064_01,CC BY-NC,10168,"Chest PA films. Note the markedly enlarged heart size with prominently dilated both pulmonary arteries and centralization of pulmonary hilum, suggestive of pulmonary arterial hypertension.",['Figure 1'],radiology,x_ray,thorax,thorax,frontal,"['thorax', 'radiology', 'frontal', 'x_ray']",[],True
file_0034968,PMC4578064_kjim-16-4-265-9f5_undivided_1_1.webp,PMC4578064_01_kjim-16-4-265-9f5.jpg,undivided,PMC4578064_01,CC BY-NC,8548,The selective angiography of the conus branch of the right coronary artery showed collaterals to the left anterior descending coronary artery (LAD) of grade III that looked like a bird-beak during systole due to pulsating dilated pulmonary artery (arrow).,['Figure 4'],radiology,x_ray,abdomen,abdomen,oblique,"['abdomen', 'radiology', 'oblique', 'x_ray']","['radiology', 'angiography']",True
file_0035282,PMC4608165_autopsy-05-01029-g01_undivided_1_1.webp,PMC4608165_01_autopsy-05-01029-g01.jpg,undivided,PMC4608165_01,CC BY-NC,37258,Chest x-ray showing a right hemithorax opacification and left lung vicariance. Note the rightward deviation of the mediastinal structures.,['Figure 1'],radiology,x_ray,thorax,thorax,frontal,"['thorax', 'radiology', 'frontal', 'x_ray']","['radiology', 'thorax', 'x_ray', 'mass']",True
file_0035337,PMC4612481_JCHIMP-5-28589-g001_undivided_1_1.webp,PMC4612481_01_JCHIMP-5-28589-g001.jpg,undivided,PMC4612481_01,CC BY-NC,12206,Tooth in the right bronchus intermedius as seen on chest X-ray.,['Fig. 1'],radiology,x_ray,thorax,thorax,sagittal,"['thorax', 'radiology', 'sagittal', 'x_ray']","['radiology', 'dental_view', 'x_ray']",True
file_0035609,PMC4629718_ECRJ-1-25390-g001_undivided_1_1.webp,PMC4629718_01_ECRJ-1-25390-g001.jpg,undivided,PMC4629718_01,CC BY,22126,Initial chest radiograph.,['Fig. 1'],radiology,x_ray,thorax,thorax,frontal,"['thorax', 'radiology', 'frontal', 'x_ray']","['radiology', 'thorax', 'x_ray']",True
file_0035639,PMC4631744_PWKI-11-25713-g001_A_1_4.webp,PMC4631744_01_PWKI-11-25713-g001.jpg,a,PMC4631744_01,CC BY-NC-SA,8642,"A - Preoperative X-ray: deformation of thorax with scoliosis, agenesis of ribs and sternum and displacement of diaphragm attachment upper to inferior thoracic aperture.",['Figure 1 A'],radiology,x_ray,thorax,thorax,frontal,"['thorax', 'radiology', 'frontal', 'x_ray']","['radiology', 'thorax', 'x_ray']",True
file_0035642,PMC4631744_PWKI-11-25713-g001_D_4_4.webp,PMC4631744_01_PWKI-11-25713-g001.jpg,d,PMC4631744_01,CC BY-NC-SA,10802,D - Postoperative X-ray - implant and axial skeleton defects. Improvement of aeration of the right lung.,"['Figures 1 C, D']",radiology,x_ray,thorax,thorax,frontal,"['thorax', 'radiology', 'frontal', 'x_ray']","['radiology', 'x_ray']",True
file_0035835,PMC4660938_ECRJ-2-27028-g001_undivided_1_1.webp,PMC4660938_01_ECRJ-2-27028-g001.jpg,undivided,PMC4660938_01,CC BY,15164,Chest X-ray showing massive left side pleural effusion and right upper zone nodular opacity (small air pocket in left apex is due to previous aspiration).,['Fig. 1'],radiology,x_ray,thorax,thorax,frontal,"['thorax', 'radiology', 'frontal', 'x_ray']","['radiology', 'thorax', 'x_ray', 'mass']",True
file_0035929,PMC4668743_NJMS-6-93-g002_undivided_1_1.webp,PMC4668743_01_NJMS-6-93-g002.jpg,undivided,PMC4668743_01,CC BY-NC-SA,14082,Chest radiograph showing left-sided pleural effusion.,['Figure 2'],radiology,x_ray,thorax,thorax,frontal,"['thorax', 'radiology', 'frontal', 'x_ray']","['radiology', 'thorax', 'x_ray']",True
file_0036024,PMC4672839_JIOH-7-74-g001_undivided_1_1.webp,PMC4672839_01_JIOH-7-74-g001.jpg,undivided,PMC4672839_01,CC BY-NC-SA,16478,Chest radiograph showing protaper file at the level of L2-L3 (immediately after ingestion).,['Figure 1'],radiology,x_ray,thorax,thorax,frontal,"['thorax', 'radiology', 'frontal', 'x_ray']","['radiology', 'x_ray']",True
file_0036025,PMC4672839_JIOH-7-74-g002_undivided_1_1.webp,PMC4672839_01_JIOH-7-74-g002.jpg,undivided,PMC4672839_01,CC BY-NC-SA,22886,Chest radiograph showing movement of protaper file after 24 h of ingestion.,['Figure 2'],radiology,x_ray,thorax,thorax,frontal,"['thorax', 'radiology', 'frontal', 'x_ray']","['radiology', 'thorax', 'x_ray']",True
file_0036026,PMC4672839_JIOH-7-74-g003_undivided_1_1.webp,PMC4672839_01_JIOH-7-74-g003.jpg,undivided,PMC4672839_01,CC BY-NC-SA,19020,Chest radiograph after file was excreted.,[],radiology,x_ray,thorax,thorax,frontal,"['thorax', 'radiology', 'frontal', 'x_ray']","['radiology', 'thorax', 'x_ray']",True
file_0036101,PMC4677587_JCHIMP-5-29704-g001_undivided_1_1.webp,PMC4677587_01_JCHIMP-5-29704-g001.jpg,undivided,PMC4677587_01,CC BY-NC,19396,Chest X-ray showing no active disease.,['Fig. 1'],radiology,x_ray,thorax,thorax,frontal,"['thorax', 'radiology', 'frontal', 'x_ray']","['radiology', 'thorax', 'x_ray']",True
file_0036104,PMC4677587_JCHIMP-5-29704-g004_undivided_1_1.webp,PMC4677587_01_JCHIMP-5-29704-g004.jpg,undivided,PMC4677587_01,CC BY-NC,22186,Chest X-ray showing pulmonary vascular congestion.,['Fig. 4'],radiology,x_ray,thorax,thorax,frontal,"['thorax', 'radiology', 'frontal', 'x_ray']","['radiology', 'thorax', 'x_ray']",True
file_0036106,PMC4677587_JCHIMP-5-29704-g007_undivided_1_1.webp,PMC4677587_01_JCHIMP-5-29704-g007.jpg,undivided,PMC4677587_01,CC BY-NC,24718,Repeat chest X-ray with improved lung aeration.,['Fig. 7'],radiology,x_ray,thorax,thorax,frontal,"['thorax', 'radiology', 'frontal', 'x_ray']","['radiology', 'thorax', 'x_ray']",True
file_0036128,PMC4677769_tcrm-11-1813Fig1_A_1_3.webp,PMC4677769_01_tcrm-11-1813Fig1.jpg,a,PMC4677769_01,CC BY-NC,7464,Before chemotherapy. . Notes: (A) A chest X-ray shows right lower lung consolidation and pleural effusion (black arrow).,['Figure 1A'],radiology,x_ray,thorax,thorax,frontal,"['thorax', 'radiology', 'frontal', 'x_ray']","['radiology', 'thorax', 'x_ray']",True
file_0036131,PMC4677769_tcrm-11-1813Fig2_A_1_2.webp,PMC4677769_01_tcrm-11-1813Fig2.jpg,a,PMC4677769_01,CC BY-NC,6448,3 days later following chemotherapy. . Notes: (A) A chest X-ray shows increased interstitial lung markings bilaterally; the implanted port was placed at the right subclavian vein.,['Figure 2A'],radiology,x_ray,thorax,thorax,frontal,"['thorax', 'radiology', 'frontal', 'x_ray']","['radiology', 'thorax', 'x_ray']",True
file_0036170,PMC4683789_JCIS-5-62-g005_undivided_1_1.webp,PMC4683789_01_JCIS-5-62-g005.jpg,undivided,PMC4683789_01,CC BY-NC-SA,23330,"50-year-old male presented with edema of legs, erythema, pain, and abdominal swelling and was later diagnosed with chronic aortocaval fistula. Abdominal aortography shows two fistulas (stars) between the abdominal aorta and the IVC.",['Figure 4'],radiology,x_ray,thorax,thorax,oblique,"['thorax', 'radiology', 'oblique', 'x_ray']",[],True
file_0036328,PMC4697920_rjv16303_A_1_2.webp,PMC4697920_01_rjv16303.jpg,a,PMC4697920_01,CC BY-NC,5080,Chest X-ray from the first visit to our hospital.,['Fig. 3A and B'],radiology,x_ray,thorax,thorax,frontal,"['thorax', 'radiology', 'frontal', 'x_ray']","['radiology', 'thorax', 'x_ray']",True
file_0036329,PMC4697920_rjv16303_B_2_2.webp,PMC4697920_01_rjv16303.jpg,b,PMC4697920_01,CC BY-NC,4800,3 weeks after that initial visit These photos show rapid growth of the left intrathoracic tumor.,['Fig. 3A and B'],radiology,x_ray,thorax,thorax,frontal,"['thorax', 'radiology', 'frontal', 'x_ray']",[],True
file_0036581,PMC4712426_kjim-31-1-188f1_B_2_3.webp,PMC4712426_01_kjim-31-1-188f1.jpg,b,PMC4712426_01,CC BY-NC,4588,Features of the patient. (B) Lymphedema in both lower legs of the patient.,[],radiology,x_ray,lower_limb,ankle,frontal,"['radiology', 'lower_limb', 'frontal', 'x_ray', 'ankle']",[],True
file_0036698,PMC4717597_13256_2015_780_Fig1_HTML_undivided_1_1.webp,PMC4717597_01_13256_2015_780_Fig1_HTML.jpg,undivided,PMC4717597_01,CC BY,5312,Chest x-ray showing a raised left hemidiaphragm with the presence of stomach shadow in the lower half of the left hemithorax.,['Fig. 1'],radiology,x_ray,thorax,thorax,frontal,"['thorax', 'radiology', 'frontal', 'x_ray']","['radiology', 'x_ray']",True
file_0036725,PMC4718123_TCA-7-140-g001_a_1_4.webp,PMC4718123_01_TCA-7-140-g001.jpg,a,PMC4718123_01,CC BY-NC,5564,(a) Chest radiograph showed lung consolidation over the right lower lung field with moderate pleural effusion.,['Fig 1a'],radiology,x_ray,thorax,thorax,frontal,"['thorax', 'radiology', 'frontal', 'x_ray']","['radiology', 'thorax', 'x_ray']",True
file_0036800,PMC4719346_JOCR-5-26-g004_B_2_3.webp,PMC4719346_01_JOCR-5-26-g004.jpg,b,PMC4719346_01,CC BY-NC-SA,3326,"(B) Cervical radiograph 4 months after surgery, there was local recurrence of bony bridge from occiput, cervical, and upper thoracic spine (arrow).",['Fig 4'],radiology,x_ray,neck,neck,sagittal,"['neck', 'radiology', 'sagittal', 'x_ray']","['radiology', 'x_ray']",True
file_0036801,PMC4719346_JOCR-5-26-g004_C_3_3.webp,PMC4719346_01_JOCR-5-26-g004.jpg,c,PMC4719346_01,CC BY-NC-SA,6318,"(C) Thoracic radiograph 4 months after surgery, there was recurrence of bony bridge from bilateral humerus to the tip of scapula (arrow head).",['Fig 4'],radiology,x_ray,thorax,thorax,frontal,"['thorax', 'radiology', 'frontal', 'x_ray']","['radiology', 'x_ray']",True
file_0036817,PMC4719358_JOCR-5-62-g001_b_2_4.webp,PMC4719358_01_JOCR-5-62-g001.jpg,b,PMC4719358_01,CC BY-NC-SA,5774,B- Radiograph of the chest showing the osteochondroma.,['Fig 1'],radiology,x_ray,thorax,thorax,oblique,"['thorax', 'radiology', 'oblique', 'x_ray']","['radiology', 'thorax', 'x_ray']",True
file_0036930,PMC4721019_13104_2015_1818_Fig3_HTML_a_1_2.webp,PMC4721019_01_13104_2015_1818_Fig3_HTML.jpg,a,PMC4721019_01,CC BY,10474,Chest X-ray demonstrating evidence of Twiddler's syndrome. A; Chest X-ray posterior-anterior view showing coiling of the proximal part of ventricular lead and rotated pulse generator with its head pointing downwards (red arrow) and displaced tip of the right ventricular lead (orange arrow).,['Fig. 3'],radiology,x_ray,thorax,thorax,frontal,"['thorax', 'radiology', 'frontal', 'x_ray']","['radiology', 'frontal', 'posteroanterior', 'x_ray']",True
file_0036931,PMC4721019_13104_2015_1818_Fig3_HTML_b_2_2.webp,PMC4721019_01_13104_2015_1818_Fig3_HTML.jpg,b,PMC4721019_01,CC BY,11186,Chest X-ray demonstrating evidence of Twiddler's syndrome. B; Chest X-ray lateral view showing the distal end of the ventricular lead in the right atrium (green arrow).,['Fig. 3'],radiology,x_ray,thorax,thorax,sagittal,"['thorax', 'radiology', 'sagittal', 'x_ray']","['radiology', 'thorax', 'sagittal', 'x_ray']",True
file_0036968,PMC4722102_RCR2-4-25-g001_undivided_1_1.webp,PMC4722102_01_RCR2-4-25-g001.jpg,undivided,PMC4722102_01,CC BY-NC,5616,Chest X-ray showing reticular changes bilaterally on the mid and lower lung zones and bilateral pleural effusions.,['Fig. 1'],radiology,x_ray,thorax,thorax,frontal,"['thorax', 'radiology', 'frontal', 'x_ray']","['radiology', 'thorax', 'x_ray']",True
file_0037178,PMC4729427_wjem-17-84-g002_undivided_1_1.webp,PMC4729427_01_wjem-17-84-g002.jpg,undivided,PMC4729427_01,CC BY,95238,Anteroposteior chest x-ray demonstrating bullet fragment overlying the cardiac shadow.,['Figure 2'],radiology,x_ray,thorax,thorax,frontal,"['thorax', 'radiology', 'frontal', 'x_ray']","['radiology', 'thorax', 'x_ray']",True
file_0037181,PMC4729429_wjem-17-88-g001_undivided_1_1.webp,PMC4729429_01_wjem-17-88-g001.jpg,undivided,PMC4729429_01,CC BY,11246,"Portable anteroposterior radiograph of the chest reveals complete atelectasis of the right lung (white arrow), adjacent right-sided pleural effusion (arrowhead) and leftward mediastinal shift (black arrow) consistent with tension hydrothorax.",['Figure 1'],radiology,x_ray,thorax,thorax,frontal,"['thorax', 'radiology', 'frontal', 'x_ray']","['radiology', 'frontal', 'anteroposterior']",True
file_0037200,PMC4731483_apa-6-67-g001_A_1_2.webp,PMC4731483_01_apa-6-67-g001.jpg,a,PMC4731483_01,CC BY-NC,13662,(A) Chest radiograph posteroanterior view showing a right midzone patchy consolidation and an ill-defined opacity abutting the right cardiac border with loss of cardiac silhouette.,['Fig. 1A'],radiology,x_ray,thorax,thorax,frontal,"['thorax', 'radiology', 'frontal', 'x_ray']","['radiology', 'thorax', 'frontal', 'posteroanterior', 'x_ray', 'mass']",True
file_0037201,PMC4731483_apa-6-67-g001_B_2_2.webp,PMC4731483_01_apa-6-67-g001.jpg,b,PMC4731483_01,CC BY-NC,11892,(B) Chest radiograph right lateral view showing a wedge shaped density extending from the hilum anteriorly and inferiorly along with loss of volume confirming a middle lobe syndrome.,['Fig. 1B'],radiology,x_ray,thorax,thorax,sagittal,"['thorax', 'radiology', 'sagittal', 'x_ray']","['radiology', 'thorax', 'sagittal', 'x_ray']",True
file_0037320,PMC4735106_gr1_A_1_4.webp,PMC4735106_01_gr1.jpg,a,PMC4735106_01,CC BY-NC-SA,8134,Chest images and pathological findings of mucus plug from the patient. (A) X-ray image shows infiltration shadows (arrow) that moved in each period.,['Fig. 1A'],radiology,x_ray,thorax,thorax,frontal,"['thorax', 'radiology', 'frontal', 'x_ray']","['radiology', 'thorax', 'x_ray']",True
file_0037350,PMC4736057_JCIS-5-67-g002_undivided_1_1.webp,PMC4736057_01_JCIS-5-67-g002.jpg,undivided,PMC4736057_01,CC BY-NC-SA,8810,"26-year-old male patient presented with fever, night sweat and shortness of breath, subsequently diagnosed to have pericardial effusion leading to cardiac tamponade. Further studies led to the diagnosis of Hodgkin lymphoma. Chest X-ray posteroanterior view shows mediastinal widening (arrow) suggestive of mediastinal lymphadenopathy.",['Figure 1'],radiology,x_ray,thorax,thorax,frontal,"['thorax', 'radiology', 'frontal', 'x_ray']","['radiology', 'thorax', 'frontal', 'posteroanterior', 'x_ray']",True
file_0037369,PMC4737039_jocmr-08-254-g001_undivided_1_1.webp,PMC4737039_01_jocmr-08-254-g001.jpg,undivided,PMC4737039_01,CC BY,13232,Chest X-ray showing right peri-hilar mass with tracheal compression.,['Fig. 1'],radiology,x_ray,thorax,thorax,frontal,"['thorax', 'radiology', 'frontal', 'x_ray']","['radiology', 'thorax', 'x_ray', 'mass']",True
file_0037375,PMC4737041_jocmr-08-260-g001_undivided_1_1.webp,PMC4737041_01_jocmr-08-260-g001.jpg,undivided,PMC4737041_01,CC BY,12074,Chest X-ray with left-sided pneumothorax and cervical subcutaneous emphysema.,['Fig. 1'],radiology,x_ray,thorax,thorax,frontal,"['thorax', 'radiology', 'frontal', 'x_ray']","['radiology', 'x_ray']",True
file_0037555,PMC4746841_IJNM-31-42-g001_a_1_2.webp,PMC4746841_01_IJNM-31-42-g001.jpg,a,PMC4746841_01,CC BY-NC-SA,8116,Chest X-ray showing multiple nodular lesions in both lungs.,['Figure 1a'],radiology,x_ray,thorax,thorax,frontal,"['thorax', 'radiology', 'frontal', 'x_ray']","['radiology', 'thorax', 'x_ray', 'mass']",True
file_0037601,PMC4748620_ATM-11-79-g001_undivided_1_1.webp,PMC4748620_01_ATM-11-79-g001.jpg,undivided,PMC4748620_01,CC BY-NC-SA,23432,Chest X-ray (posteroanterior view) shows bilateral diffuse micronodular infiltrates.,['Figure 1'],radiology,x_ray,thorax,thorax,frontal,"['thorax', 'radiology', 'frontal', 'x_ray']","['radiology', 'thorax', 'frontal', 'posteroanterior', 'x_ray']",True
file_0037605,PMC4748756_cnd-0006-0001-g01_a_1_2.webp,PMC4748756_01_cnd-0006-0001-g01.jpg,a,PMC4748756_01,CC BY-NC,13636,Chest X-ray . A; Chest X-ray revealed thickened lung marking in both lower lung fields.,['fig. 1a'],radiology,x_ray,thorax,thorax,frontal,"['thorax', 'radiology', 'frontal', 'x_ray']","['radiology', 'thorax', 'x_ray']",True
file_0037809,PMC4752811_ircmj-18-01-26049-g001_A_1_4.webp,PMC4752811_01_ircmj-18-01-26049-g001.jpg,a,PMC4752811_01,CC BY-NC,9262,X-Ray and Computerized Tomography (CT) Scan Results. X-ray showing a tubular shadow in the chest and abdomen.,['Figure 1A and B'],radiology,x_ray,thorax,thorax,frontal,"['thorax', 'radiology', 'frontal', 'x_ray']",['radiology'],True
file_0037822,PMC4752845_PAMJ-22-187-g005_undivided_1_1.webp,PMC4752845_02_PAMJ-22-187-g005.jpg,undivided,PMC4752845_02,CC BY,13296,Aspects of pelvic members with multiple grooves constrictions including the right leading to a large lymphedema.,['Figure 5'],radiology,x_ray,upper_limb,elbow,frontal,"['radiology', 'upper_limb', 'frontal', 'elbow', 'x_ray']",[],True
file_0037866,PMC4754276_kjae-69-88-g002_A_1_2.webp,PMC4754276_01_kjae-69-88-g002.jpg,a,PMC4754276_01,CC BY-NC,7002,(A) Intraoperative chest anterior-posterior (AP) radiograph shows a massive pneumothorax (arrows) in the left lung.,['Fig. 2A'],radiology,x_ray,thorax,thorax,frontal,"['thorax', 'radiology', 'frontal', 'x_ray']","['radiology', 'thorax', 'x_ray']",True
file_0037867,PMC4754276_kjae-69-88-g002_B_2_2.webp,PMC4754276_01_kjae-69-88-g002.jpg,b,PMC4754276_01,CC BY-NC,5860,(B) Chest AP radiograph in the postanesthesia care unit shows complete resolution of the pneumothorax.,['Fig. 2B'],radiology,x_ray,thorax,thorax,frontal,"['thorax', 'radiology', 'frontal', 'x_ray']","['radiology', 'thorax', 'x_ray']",True
file_0038157,PMC4765283_IJABMR-6-73-g001_undivided_1_1.webp,PMC4765283_01_IJABMR-6-73-g001.jpg,undivided,PMC4765283_01,CC BY-NC-SA,13268,Chest X-ray posterior-anterior view showing a non-homogeneous opacity of the right lower zone with large cavity.,['Figure 1'],radiology,x_ray,thorax,thorax,frontal,"['thorax', 'radiology', 'frontal', 'x_ray']","['radiology', 'thorax', 'frontal', 'posteroanterior', 'x_ray', 'mass']",True
file_0038220,PMC4767067_AER-10-154-g001_undivided_1_1.webp,PMC4767067_01_AER-10-154-g001.jpg,undivided,PMC4767067_01,CC BY-NC-SA,14466,Collapsed left lung.,['Figure 1'],radiology,x_ray,thorax,thorax,frontal,"['thorax', 'radiology', 'frontal', 'x_ray']",[],True
file_0038221,PMC4767067_AER-10-154-g002_undivided_1_1.webp,PMC4767067_01_AER-10-154-g002.jpg,undivided,PMC4767067_01,CC BY-NC-SA,13720,X-ray posterior-anterior view: Re-expansion of left lung.,['Figure 2'],radiology,x_ray,thorax,thorax,frontal,"['thorax', 'radiology', 'frontal', 'x_ray']","['radiology', 'frontal', 'posteroanterior', 'x_ray']",True
file_0038224,PMC4767072_AER-10-118-g001_undivided_1_1.webp,PMC4767072_01_AER-10-118-g001.jpg,undivided,PMC4767072_01,CC BY-NC-SA,18012,Chest X-ray showing bilateral eventration of diaphragm.,['Figure 1'],radiology,x_ray,thorax,thorax,frontal,"['thorax', 'radiology', 'frontal', 'x_ray']","['radiology', 'thorax', 'x_ray']",True
file_0038226,PMC4767072_AER-10-118-g003_undivided_1_1.webp,PMC4767072_01_AER-10-118-g003.jpg,undivided,PMC4767072_01,CC BY-NC-SA,4840,Postoperative chest X-ray.,['Figure 3'],radiology,x_ray,thorax,thorax,frontal,"['thorax', 'radiology', 'frontal', 'x_ray']","['radiology', 'thorax', 'x_ray']",True
file_0038248,PMC4769046_PAMJ-22-302-g001_undivided_1_1.webp,PMC4769046_01_PAMJ-22-302-g001.jpg,undivided,PMC4769046_01,CC BY,10116,Chest radiography: superior mediastinal enlargement.,['Figure 1'],radiology,x_ray,thorax,thorax,frontal,"['thorax', 'radiology', 'frontal', 'x_ray']","['radiology', 'thorax', 'x_ray']",True
file_0038348,PMC4772621_cnd-0006-0021-g02_undivided_1_1.webp,PMC4772621_01_cnd-0006-0021-g02.jpg,undivided,PMC4772621_01,CC BY-NC,24132,Removal of the embolized fragment of the haemodialysis catheter from a segmental branch of the left pulmonary artery via an endovascular approach using a loop snare device.,['fig. 2'],radiology,x_ray,thorax,thorax,oblique,"['thorax', 'radiology', 'oblique', 'x_ray']",[],True
file_0038554,PMC4782470_APC-9-53-g001_undivided_1_1.webp,PMC4782470_01_APC-9-53-g001.jpg,undivided,PMC4782470_01,CC BY-NC-SA,19032,Chest X-ray showing mild cardiomegaly and very minimal pulmonary plethora.,[],radiology,x_ray,thorax,thorax,frontal,"['thorax', 'radiology', 'frontal', 'x_ray']","['radiology', 'thorax', 'x_ray']",True
file_0038556,PMC4782470_APC-9-53-g005_undivided_1_1.webp,PMC4782470_01_APC-9-53-g005.jpg,undivided,PMC4782470_01,CC BY-NC-SA,20722,Lateral view aortogram showed a very large 10 mm tubular patent arterial duct which was similar in size to the descending thoracic aorta [Movie 2].,['Figure 4'],radiology,x_ray,thorax,thorax,frontal,"['thorax', 'radiology', 'frontal', 'x_ray']",[],True
file_0038563,PMC4782473_APC-9-68-g001_undivided_1_1.webp,PMC4782473_01_APC-9-68-g001.jpg,undivided,PMC4782473_01,CC BY-NC-SA,9296,Chest radiograph before pericardiectomy showing cardiomegaly and pulmonary venous hypertension.,['Figure 1'],radiology,x_ray,thorax,thorax,frontal,"['thorax', 'radiology', 'frontal', 'x_ray']","['radiology', 'thorax', 'x_ray']",True
file_0038565,PMC4782473_APC-9-68-g004_undivided_1_1.webp,PMC4782473_01_APC-9-68-g004.jpg,undivided,PMC4782473_01,CC BY-NC-SA,10180,Chest radiograph after pericardiectomy showing some decrease in cardiomegaly.,['Figure 4'],radiology,x_ray,thorax,thorax,frontal,"['thorax', 'radiology', 'frontal', 'x_ray']","['radiology', 'thorax', 'x_ray']",True
file_0038637,PMC4784071_JISPCD-6-84-g003_undivided_1_1.webp,PMC4784071_01_JISPCD-6-84-g003.jpg,undivided,PMC4784071_01,CC BY-NC-SA,19218,Chest x-ray exhibiting splayed ribs.,['Figure 3'],radiology,x_ray,thorax,thorax,frontal,"['thorax', 'radiology', 'frontal', 'x_ray']","['radiology', 'thorax', 'x_ray']",True
file_0038650,PMC4784185_NAJMS-8-61-g001_undivided_1_1.webp,PMC4784185_01_NAJMS-8-61-g001.jpg,undivided,PMC4784185_01,CC BY-NC-SA,14598,Chest x-ray PA view: Scimitar vein resembling Turkish sword (arrow).,['Figure 1'],radiology,x_ray,thorax,thorax,frontal,"['thorax', 'radiology', 'frontal', 'x_ray']","['radiology', 'thorax', 'frontal', 'posteroanterior', 'x_ray']",True
file_0038835,PMC4795141_JISP-20-75-g006_undivided_1_1.webp,PMC4795141_01_JISP-20-75-g006.jpg,undivided,PMC4795141_01,CC BY-NC-SA,11214,Chest radiograph with no evidence of secondary malignancy.,['Figure 6'],radiology,x_ray,thorax,thorax,frontal,"['thorax', 'radiology', 'frontal', 'x_ray']","['radiology', 'thorax', 'x_ray']",True
file_0039034,PMC4809332_ott-9-1753Fig1_A_1_2.webp,PMC4809332_01_ott-9-1753Fig1.jpg,a,PMC4809332_01,CC BY-NC,5782,Radiological findings observed on initial visit. . Notes: (A) Chest radiograph revealed right pleural effusion.,['Figure 1'],radiology,x_ray,thorax,thorax,frontal,"['thorax', 'radiology', 'frontal', 'x_ray']","['radiology', 'thorax', 'x_ray']",True
file_0039101,PMC4813072_IJRI-26-40-g003_A_1_2.webp,PMC4813072_01_IJRI-26-40-g003.jpg,a,PMC4813072_01,CC BY-NC-SA,10272,(A) Chest and abdominal Radiograph showing the abnormal position of UVC with tip (black arrow) at D10-D11 level likely in hepatic parenchyma (white arrow). The gas medial to the catheter outlines the umbilical venous recess. Note is made of umbilical artery catheter with tip lying in midline at the level of D10 vertebra (small black arrow). Note is made of reticulonodular shadowing in bilateral lung.,['Figure 3'],radiology,x_ray,thorax,thorax,frontal,"['thorax', 'radiology', 'frontal', 'x_ray']","['radiology', 'x_ray']",True
file_0039138,PMC4815531_ABR-5-42-g002_undivided_1_1.webp,PMC4815531_01_ABR-5-42-g002.jpg,undivided,PMC4815531_01,CC BY-NC-SA,17724,Chest X-ray showed left sided pleural effusion.,['Figure 1'],radiology,x_ray,thorax,thorax,frontal,"['thorax', 'radiology', 'frontal', 'x_ray']","['radiology', 'thorax', 'x_ray']",True
file_0039140,PMC4815531_ABR-5-42-g005_undivided_1_1.webp,PMC4815531_01_ABR-5-42-g005.jpg,undivided,PMC4815531_01,CC BY-NC-SA,15012,Chest X-ray after inter-costal drainage.,['Figure 4'],radiology,x_ray,thorax,thorax,frontal,"['thorax', 'radiology', 'frontal', 'x_ray']","['radiology', 'thorax', 'x_ray']",True
file_0039156,PMC4817203_cvja-27-50-g001_undivided_1_1.webp,PMC4817203_01_cvja-27-50-g001.jpg,undivided,PMC4817203_01,CC BY,33182,Admission AP frontal chest radiograph demonstrating extensive pulmonary oedema as well as widening of the superior mediastinum.,['Fig. 1'],radiology,x_ray,thorax,thorax,frontal,"['thorax', 'radiology', 'frontal', 'x_ray']","['radiology', 'thorax', 'x_ray']",True
file_0039283,PMC4823850_40560_2016_153_Fig1_HTML_a_1_2.webp,PMC4823850_01_40560_2016_153_Fig1_HTML.jpg,a,PMC4823850_01,CC BY,2984,Chest radiograph.,['Fig. 1'],radiology,x_ray,thorax,thorax,frontal,"['thorax', 'radiology', 'frontal', 'x_ray']","['radiology', 'thorax', 'x_ray']",True
file_0039285,PMC4823850_40560_2016_153_Fig2_HTML_a_1_2.webp,PMC4823850_01_40560_2016_153_Fig2_HTML.jpg,a,PMC4823850_01,CC BY,4058,Chest radiographs at ICU admission.,[],radiology,x_ray,thorax,thorax,frontal,"['thorax', 'radiology', 'frontal', 'x_ray']","['radiology', 'thorax', 'x_ray']",True
file_0039386,PMC4831491_JPP-7-41-g001_a_1_2.webp,PMC4831491_01_JPP-7-41-g001.jpg,a,PMC4831491_01,CC BY-NC-SA,1388,(a) Chest radiograph showing pulmonary edema and bilateral pleural effusion.,['Figure 1a'],radiology,x_ray,thorax,thorax,frontal,"['thorax', 'radiology', 'frontal', 'x_ray']","['radiology', 'thorax', 'x_ray']",True
file_0039388,PMC4831491_JPP-7-41-g002_a_1_2.webp,PMC4831491_01_JPP-7-41-g002.jpg,a,PMC4831491_01,CC BY-NC-SA,2262,Chest radiograph.,['Figure 2a and b'],radiology,x_ray,thorax,thorax,frontal,"['thorax', 'radiology', 'frontal', 'x_ray']","['radiology', 'thorax', 'x_ray']",True
file_0039513,PMC4835740_iranjradiol-13-01-21921-g001_undivided_1_1.webp,PMC4835740_01_iranjradiol-13-01-21921-g001.jpg,undivided,PMC4835740_01,CC BY-NC,12548,A 24-year-old man with dyspnea and persistent cough. Postero-anterior (PA) chest radiography revealed a well-marginated homogeneous opacity in the middle right border of the heart margin.,['Figure 1'],radiology,x_ray,thorax,thorax,frontal,"['thorax', 'radiology', 'frontal', 'x_ray']","['radiology', 'thorax', 'x_ray', 'mass']",True
file_0039590,PMC4841938_iranjradiol-13-01-30941-g003_undivided_1_1.webp,PMC4841938_01_iranjradiol-13-01-30941-g003.jpg,undivided,PMC4841938_01,CC BY-NC,19638,"Chest radiography, No active lung lesion is visible.",['Figure 3'],radiology,x_ray,thorax,thorax,frontal,"['thorax', 'radiology', 'frontal', 'x_ray']","['radiology', 'thorax', 'x_ray']",True
file_0040009,PMC4862298_JPN-11-77-g003_undivided_1_1.webp,PMC4862298_01_JPN-11-77-g003.jpg,undivided,PMC4862298_01,CC BY-NC-SA,11294,X-ray chest postero-anterior view showing no evidence of tuberculosis.,['Figure 3'],radiology,x_ray,thorax,thorax,frontal,"['thorax', 'radiology', 'frontal', 'x_ray']","['radiology', 'thorax', 'frontal', 'anteroposterior', 'x_ray']",True
file_0040096,PMC4867975_40557_2016_108_Fig1_HTML_b_1_1.webp,PMC4867975_01_40557_2016_108_Fig1_HTML.jpg,b,PMC4867975_01,CC BY,16352,"Simple chest radiographs. A 6 months before admission, numerous nodules in both lungs were observed. The majority of the nodules were quite dense suggesting calcification. B; Upon admission, newly developed haziness was noted in both lungs suggesting pneumonia, edema, or hemorrhage.",['Fig. 1b'],radiology,x_ray,thorax,thorax,frontal,"['thorax', 'radiology', 'frontal', 'x_ray']","['radiology', 'thorax', 'x_ray', 'mass']",True
file_0040099,PMC4867975_40557_2016_108_Fig5_HTML_undivided_1_1.webp,PMC4867975_01_40557_2016_108_Fig5_HTML.jpg,undivided,PMC4867975_01,CC BY,18376,"Simple chest radiograph after the remission. About 11 months after the remission, there was cleared pneumonic infiltration in both lower lung fields since prior study. Little interval change of underlying pneumoconiosis was seen.",['Fig. 5'],radiology,x_ray,thorax,thorax,frontal,"['thorax', 'radiology', 'frontal', 'x_ray']","['radiology', 'thorax', 'x_ray']",True
file_0040168,PMC4874015_40560_2015_76_Fig2_HTML_undivided_1_1.webp,PMC4874015_01_40560_2015_76_Fig2_HTML.jpg,undivided,PMC4874015_01,CC BY,5802,Patient chest x-ray. Patient lungs are shown to be clear.,['Figure 2'],radiology,x_ray,thorax,thorax,frontal,"['thorax', 'radiology', 'frontal', 'x_ray']","['radiology', 'thorax', 'x_ray']",True
file_0040296,PMC4879862_eplasty16ic18_fig2_undivided_1_1.webp,PMC4879862_01_eplasty16ic18_fig2.jpg,undivided,PMC4879862_01,CC BY,8844,A chest x-ray showing correct endotracheal tube placement and no acute lung pathology.,['Fig 2'],radiology,x_ray,thorax,thorax,frontal,"['thorax', 'radiology', 'frontal', 'x_ray']","['radiology', 'thorax', 'x_ray']",True
file_0040362,PMC4886031_cnd-0006-0032-g01_undivided_1_1.webp,PMC4886031_01_cnd-0006-0032-g01.jpg,undivided,PMC4886031_01,CC BY-NC,31230,Acute pulmonary oedema following rituximab treatment.,['fig. 1'],radiology,x_ray,thorax,thorax,frontal,"['thorax', 'radiology', 'frontal', 'x_ray']",[],True
file_0040372,PMC4887828_omw04403_undivided_1_1.webp,PMC4887828_01_omw04403.jpg,undivided,PMC4887828_01,CC BY-NC,12254,Patient's chest radiograph. There is a pseudo-nodular shadow visible at the left lung hilum (arrow).,[],radiology,x_ray,thorax,thorax,frontal,"['thorax', 'radiology', 'frontal', 'x_ray']","['radiology', 'thorax', 'x_ray', 'mass']",True
file_0040406,PMC4890486_40557_2016_106_Fig1_HTML_undivided_1_1.webp,PMC4890486_01_40557_2016_106_Fig1_HTML.jpg,undivided,PMC4890486_01,CC BY,17230,A chest radiograph. Ground glass opacities are seen in both lower lung fields.,['Fig. 1'],radiology,x_ray,thorax,thorax,frontal,"['thorax', 'radiology', 'frontal', 'x_ray']","['radiology', 'thorax', 'x_ray', 'mass']",True
file_0040411,PMC4894734_PAMJ-23-159-g001_right_1_1.webp,PMC4894734_01_PAMJ-23-159-g001.jpg,right,PMC4894734_01,CC BY,21088,"Chest radiograph shows in the lower zone bronchiectasis changes (white star), dextrocardia (blue arrow) and right-sided gastric bubble (white arrow).",['Figure 1'],radiology,x_ray,thorax,thorax,frontal,"['thorax', 'radiology', 'frontal', 'x_ray']","['radiology', 'x_ray']",True
file_0040563,PMC4900369_ACA-19-169-g001_undivided_1_1.webp,PMC4900369_01_ACA-19-169-g001.jpg,undivided,PMC4900369_01,CC BY-NC-SA,14270,Chest X-ray (posterioranterior view).,['Figure 1'],radiology,x_ray,thorax,thorax,frontal,"['thorax', 'radiology', 'frontal', 'x_ray']","['radiology', 'thorax', 'x_ray']",True
file_0040568,PMC4900373_ACA-19-177-g001_undivided_1_1.webp,PMC4900373_01_ACA-19-177-g001.jpg,undivided,PMC4900373_01,CC BY-NC-SA,13396,Chest roentogram showing - dextrocardia.,['Figure 1'],radiology,x_ray,thorax,thorax,frontal,"['thorax', 'radiology', 'frontal', 'x_ray']",[],True
file_0040579,PMC4900394_ACA-19-158-g001_a_1_2.webp,PMC4900394_03_ACA-19-158-g001.jpg,a,PMC4900394_03,CC BY-NC-SA,11444,Present aortogram of expanding saccular thoracic aneurysm.,['Figure 1a'],radiology,x_ray,thorax,thorax,oblique,"['thorax', 'radiology', 'oblique', 'x_ray']",[],True
file_0040580,PMC4900394_ACA-19-158-g001_b_2_2.webp,PMC4900394_03_ACA-19-158-g001.jpg,b,PMC4900394_03,CC BY-NC-SA,13724,Poststent completion aortogram of repaired saccular thoracic aneurysm.,['Figure 1b'],radiology,x_ray,abdomen,abdomen,sagittal,"['abdomen', 'radiology', 'sagittal', 'x_ray']",[],True
file_0040581,PMC4900394_ACA-19-158-g002_a_1_2.webp,PMC4900394_04_ACA-19-158-g002.jpg,a,PMC4900394_04,CC BY-NC-SA,40496,Present aortogram of penetrating ulcer of the thoracic aorta.,['Figure 2a'],radiology,x_ray,abdomen,abdomen,oblique,"['abdomen', 'radiology', 'oblique', 'x_ray']",[],True
file_0040582,PMC4900394_ACA-19-158-g002_b_2_2.webp,PMC4900394_04_ACA-19-158-g002.jpg,b,PMC4900394_04,CC BY-NC-SA,31924,Poststent completion angiogram of penetrating ulcer of the thoracic aorta.,['Figure 2b'],radiology,x_ray,thorax,thorax,oblique,"['thorax', 'radiology', 'oblique', 'x_ray']","['radiology', 'thorax', 'angiography']",True
file_0040604,PMC4900406_ACA-19-166-g002_a_1_4.webp,PMC4900406_01_ACA-19-166-g002.jpg,a,PMC4900406_01,CC BY-NC-SA,7118,Preoperative chest X-ray showing the skeletal abnormalities of our patient with dwarfism (a and b). Postoperative chest X-ray.,['Figure 2a and b'],radiology,x_ray,thorax,thorax,frontal,"['thorax', 'radiology', 'frontal', 'x_ray']","['radiology', 'thorax', 'x_ray']",True
file_0040605,PMC4900406_ACA-19-166-g002_b_2_4.webp,PMC4900406_01_ACA-19-166-g002.jpg,b,PMC4900406_01,CC BY-NC-SA,7736,Preoperative chest X-ray showing the skeletal abnormalities of our patient with dwarfism (a and b). Postoperative chest X-ray.,['Figure 2a and b'],radiology,x_ray,thorax,thorax,sagittal,"['thorax', 'radiology', 'sagittal', 'x_ray']","['radiology', 'thorax', 'x_ray']",True
file_0040665,PMC4908945_imcrj-9-139Fig1_undivided_1_1.webp,PMC4908945_01_imcrj-9-139Fig1.jpg,undivided,PMC4908945_01,CC BY-NC,10176,Left upper lobe round infiltrate in chest X-ray. . Note: The arrow indicate the cavitary lesion in the lung.,['Figure 1'],radiology,x_ray,thorax,thorax,frontal,"['thorax', 'radiology', 'frontal', 'x_ray']","['radiology', 'thorax', 'x_ray', 'mass']",True
file_0040691,PMC4913963_tcrm-12-975Fig1_A_1_5.webp,PMC4913963_01_tcrm-12-975Fig1.jpg,a,PMC4913963_01,CC BY-NC,6458,"Radiologic features of eosinophilic pneumonia in a 56-year-old woman who took mesalazine for suspected ulcerative colitis. . Notes:. Chest radiograph before admission (June 17, 2015) shows bilateral minor opacity in the upper lung fields.",['Figure 1A and B'],radiology,x_ray,thorax,thorax,frontal,"['thorax', 'radiology', 'frontal', 'x_ray']","['radiology', 'thorax', 'x_ray', 'mass']",True
file_0040694,PMC4913963_tcrm-12-975Fig1_D_4_5.webp,PMC4913963_01_tcrm-12-975Fig1.jpg,d,PMC4913963_01,CC BY-NC,7802,"Radiologic features of eosinophilic pneumonia in a 56-year-old woman who took mesalazine for suspected ulcerative colitis. Bilateral patchy consolidations with interlobular septal thickening in both lungs on CT scan (July 15, 2015).",['Figure 1D'],radiology,x_ray,thorax,thorax,frontal,"['thorax', 'radiology', 'frontal', 'x_ray']",[],True
file_0040719,PMC4913996_tcrm-12-1003Fig1_undivided_1_1.webp,PMC4913996_01_tcrm-12-1003Fig1.jpg,undivided,PMC4913996_01,CC BY-NC,9444,Chest X-rays on venovenous extracorporeal membrane oxygenation (VV-ECMO) before thrombolysis.,['Figure 1'],radiology,x_ray,thorax,thorax,frontal,"['thorax', 'radiology', 'frontal', 'x_ray']","['radiology', 'thorax', 'x_ray']",True
file_0040722,PMC4913996_tcrm-12-1003Fig4_undivided_1_1.webp,PMC4913996_01_tcrm-12-1003Fig4.jpg,undivided,PMC4913996_01,CC BY-NC,10694,"Chest X-rays, 1 week after thrombolysis.",['Figure 4'],radiology,x_ray,thorax,thorax,frontal,"['thorax', 'radiology', 'frontal', 'x_ray']","['radiology', 'thorax', 'x_ray']",True
file_0040723,PMC4913996_tcrm-12-1003Fig5_undivided_1_1.webp,PMC4913996_01_tcrm-12-1003Fig5.jpg,undivided,PMC4913996_01,CC BY-NC,19502,"Chest X-rays, 1 year following DLTx. . Abbreviation: DLTx, double-lung transplantation.",['Figure 5'],radiology,x_ray,thorax,thorax,frontal,"['thorax', 'radiology', 'frontal', 'x_ray']","['radiology', 'thorax', 'x_ray']",True
file_0040800,PMC4929096_40064_2016_2334_Fig1_HTML_a_1_3.webp,PMC4929096_01_40064_2016_2334_Fig1_HTML.jpg,a,PMC4929096_01,CC BY,10050,A; Preoperative frontal X-ray of the right 95. Thoracic scoliosis.,[],radiology,x_ray,thorax,thorax,frontal,"['thorax', 'radiology', 'frontal', 'x_ray']","['radiology', 'thorax', 'x_ray']",True
file_0040844,PMC4929372_crg-0010-0001-g01_undivided_1_1.webp,PMC4929372_01_crg-0010-0001-g01.jpg,undivided,PMC4929372_01,CC BY-NC,25780,Chest X-ray showing the intestine in the left lung field (black arrows).,['fig. 1'],radiology,x_ray,thorax,thorax,frontal,"['thorax', 'radiology', 'frontal', 'x_ray']","['radiology', 'x_ray']",True
file_0040998,PMC4942514_JCHIMP-6-32257-g001_undivided_1_1.webp,PMC4942514_01_JCHIMP-6-32257-g001.jpg,undivided,PMC4942514_01,CC BY-NC,15934,PA erect CXR prior to thoracentesis reveals large left pleural effusion.,['Fig. 1'],radiology,x_ray,thorax,thorax,frontal,"['thorax', 'radiology', 'frontal', 'x_ray']","['radiology', 'thorax', 'x_ray']",True
file_0041000,PMC4942514_JCHIMP-6-32257-g003_undivided_1_1.webp,PMC4942514_01_JCHIMP-6-32257-g003.jpg,undivided,PMC4942514_01,CC BY-NC,16034,AP upright 2 h after thoracentesis with early evidence of reexpansion pulmonary edema.,['Fig. 3'],radiology,x_ray,thorax,thorax,frontal,"['thorax', 'radiology', 'frontal', 'x_ray']",[],True
file_0041001,PMC4942514_JCHIMP-6-32257-g004_undivided_1_1.webp,PMC4942514_01_JCHIMP-6-32257-g004.jpg,undivided,PMC4942514_01,CC BY-NC,20934,AP supine 4 h after thoracentesis with evidence of florid reexpansion pulmonary edema requiring intubation and left internal jugular central venous catheter placement for vasopressor support.,['Fig. 4'],radiology,x_ray,thorax,thorax,frontal,"['thorax', 'radiology', 'frontal', 'x_ray']",[],True
file_0041150,PMC4955046_ijcpd-03-057-g013_undivided_1_1.webp,PMC4955046_02_ijcpd-03-057-g013.jpg,undivided,PMC4955046_02,CC BY,16030,"X-ray PA view chest of the 9-year-old male with cleidocranial dysplasia, showing laterally deficient clavicles.",[],radiology,x_ray,thorax,thorax,frontal,"['thorax', 'radiology', 'frontal', 'x_ray']","['radiology', 'thorax', 'frontal', 'posteroanterior', 'x_ray']",True
file_0041157,PMC4955219_13620_2016_67_Fig1_HTML_undivided_1_1.webp,PMC4955219_01_13620_2016_67_Fig1_HTML.jpg,undivided,PMC4955219_01,CC BY,10976,Chest x-ray of the patient with dense infiltration in the left lower lobe.,['Fig. 1'],radiology,x_ray,thorax,thorax,frontal,"['thorax', 'radiology', 'frontal', 'x_ray']","['radiology', 'thorax', 'x_ray']",True
file_0041161,PMC4955460_AJPS-13-41-g001_undivided_1_1.webp,PMC4955460_01_AJPS-13-41-g001.jpg,undivided,PMC4955460_01,CC BY-NC-SA,9162,Chest X-ray showing the radio-opaque foreign body.,['Figure 1'],radiology,x_ray,thorax,thorax,frontal,"['thorax', 'radiology', 'frontal', 'x_ray']","['radiology', 'thorax', 'x_ray']",True
file_0041168,PMC4955462_AJPS-13-47-g001_undivided_1_1.webp,PMC4955462_02_AJPS-13-47-g001.jpg,undivided,PMC4955462_02,CC BY-NC-SA,9502,Chest X-ray shows bowel loops in left hemithorax and mediastinal shift to right side.,['Figure 1'],radiology,x_ray,thorax,thorax,frontal,"['thorax', 'radiology', 'frontal', 'x_ray']","['radiology', 'x_ray']",True
file_0041172,PMC4955482_AJPS-12-98-g002_undivided_1_1.webp,PMC4955482_01_AJPS-12-98-g002.jpg,undivided,PMC4955482_01,CC BY-NC-SA,12544,"X-ray abdomen and chest antero-posterior view after removal of both ureteric catheters and insertion of bilateral pigtail catheters as percutaneous nephrostomies (arrow head: pigtail catheter in left renal pelvis, thick arrow: pigtail catheter in right renal pelvis).",['Figure 2'],radiology,x_ray,abdomen,abdomen,frontal,"['abdomen', 'radiology', 'frontal', 'x_ray']","['radiology', 'frontal', 'anteroposterior', 'x_ray']",True
file_0041173,PMC4955483_AJPS-12-94-g001_undivided_1_1.webp,PMC4955483_01_AJPS-12-94-g001.jpg,undivided,PMC4955483_01,CC BY-NC-SA,8768,Chest radiography showing right lung opacity with left Mediastinal shift (observation 1) (Up left).,['Figures 1'],radiology,x_ray,thorax,thorax,frontal,"['thorax', 'radiology', 'frontal', 'x_ray']","['radiology', 'thorax', 'x_ray', 'mass']",True
file_0041177,PMC4955483_AJPS-12-94-g006_undivided_1_1.webp,PMC4955483_02_AJPS-12-94-g006.jpg,undivided,PMC4955483_02,CC BY-NC-SA,10522,Chest radiograph (AP) showing right lung opacity (observation 2) (Up left).,['Figure 6'],radiology,x_ray,thorax,thorax,frontal,"['thorax', 'radiology', 'frontal', 'x_ray']","['radiology', 'thorax', 'x_ray', 'mass']",True
file_0041181,PMC4955483_AJPS-12-94-g010_undivided_1_1.webp,PMC4955483_02_AJPS-12-94-g010.jpg,undivided,PMC4955483_02,CC BY-NC-SA,7730,Control post-operative chest X-ray M 16 (observation 2) (Up left).,['Figure 10'],radiology,x_ray,thorax,thorax,frontal,"['thorax', 'radiology', 'frontal', 'x_ray']","['radiology', 'thorax', 'x_ray']",True
file_0041182,PMC4955490_AJPS-12-79-g001_undivided_1_1.webp,PMC4955490_01_AJPS-12-79-g001.jpg,undivided,PMC4955490_01,CC BY-NC-SA,10302,Standing antero posterior thoracic-abdominal X-ray.,['Figure 1'],radiology,x_ray,thorax,thorax,frontal,"['thorax', 'radiology', 'frontal', 'x_ray']","['radiology', 'x_ray']",True
file_0041195,PMC4955502_AJPS-12-76-g001_undivided_1_1.webp,PMC4955502_01_AJPS-12-76-g001.jpg,undivided,PMC4955502_01,CC BY-NC-SA,8436,Chest X-ray taken at initial presentation-showing mass in right hemi-thorax causing mediastinal displacement. Thoracic vertebral anomalies can also be identified.,['Figure 1'],radiology,x_ray,thorax,thorax,frontal,"['thorax', 'radiology', 'frontal', 'x_ray']","['radiology', 'thorax', 'x_ray', 'mass']",True
file_0041205,PMC4955509_AJPS-12-86-g001_undivided_1_1.webp,PMC4955509_01_AJPS-12-86-g001.jpg,undivided,PMC4955509_01,CC BY-NC-SA,11272,Chest X-ray on day 0. Mediastinal shift to the right and coil up sign of the nasogastric tube are shown.,['Figure 1'],radiology,x_ray,thorax,thorax,frontal,"['thorax', 'radiology', 'frontal', 'x_ray']","['radiology', 'thorax', 'x_ray']",True
file_0041281,PMC4959768_imcrj-9-201Fig3_undivided_1_1.webp,PMC4959768_01_imcrj-9-201Fig3.jpg,undivided,PMC4959768_01,CC BY-NC,13848,"A radiograph of the infant suggestive of absence of right radius bone. Notes: The left upper limb was rotated and hence the absence of radius could not be seen. In addition, low-volume lung in the index case with five intercostal spaces and fracture of shaft of the femur were noted.",['Figure 3'],radiology,x_ray,lower_limb,lower_leg,frontal,"['radiology', 'lower_limb', 'frontal', 'x_ray', 'lower_leg']","['radiology', 'x_ray']",True
file_0041476,PMC4976921_ott-9-4815Fig2_A_1_2.webp,PMC4976921_01_ott-9-4815Fig2.jpg,a,PMC4976921_01,CC BY-NC,3748,"The patient's chest X-ray. . Notes: (A) Before treatment, nearly normal.",['Figure 2'],radiology,x_ray,thorax,thorax,frontal,"['thorax', 'radiology', 'frontal', 'x_ray']","['radiology', 'thorax', 'x_ray']",True
file_0041477,PMC4976921_ott-9-4815Fig2_B_2_2.webp,PMC4976921_01_ott-9-4815Fig2.jpg,b,PMC4976921_01,CC BY-NC,4136,The patient's chest X-ray. (B) After treatment. The arrow represents the minimal enlargement of mediastinal lymph node.,['Figure 2'],radiology,x_ray,thorax,thorax,frontal,"['thorax', 'radiology', 'frontal', 'x_ray']","['radiology', 'thorax', 'x_ray']",True
file_0041536,PMC4979327_AMS-6-120-g005_undivided_1_1.webp,PMC4979327_01_AMS-6-120-g005.jpg,undivided,PMC4979327_01,CC BY-NC-SA,7760,Chest X-ray.,[],radiology,x_ray,thorax,thorax,frontal,"['thorax', 'radiology', 'frontal', 'x_ray']","['radiology', 'thorax', 'x_ray']",True
file_0041750,PMC4992389_PAMJ-24-23-g001_undivided_1_1.webp,PMC4992389_01_PAMJ-24-23-g001.jpg,undivided,PMC4992389_01,CC BY,14882,Chest X-ray showing Mediastinal enlargement.,['Figure 1'],radiology,x_ray,thorax,thorax,frontal,"['thorax', 'radiology', 'frontal', 'x_ray']","['radiology', 'thorax', 'x_ray']",True
file_0041807,PMC4996056_icrp_a_1168703_f0001_b_undivided_1_1.webp,PMC4996056_01_icrp_a_1168703_f0001_b.jpg,undivided,PMC4996056_01,CC BY-NC,13148,Hand X-ray showing extensive soft tissue edema of the right hand.,['Figure 1'],radiology,x_ray,upper_limb,hand,frontal,"['radiology', 'upper_limb', 'frontal', 'hand', 'x_ray']","['radiology', 'hand', 'x_ray', 'upper_limb', 'right']",True
file_0041982,PMC4996604_fig-1_undivided_1_1.webp,PMC4996604_01_fig-1.jpg,undivided,PMC4996604_01,CC BY,15326,Chest radiograph shows dextrocardia.,['Fig. 1'],radiology,x_ray,thorax,thorax,frontal,"['thorax', 'radiology', 'frontal', 'x_ray']","['radiology', 'thorax', 'x_ray']",True
file_0042165,PMC5007905_JCIS-6-32-g002_undivided_1_1.webp,PMC5007905_01_JCIS-6-32-g002.jpg,undivided,PMC5007905_01,CC BY-NC-SA,16048,"A 71-year-old man with a history of chronic obstructive pulmonary disease, pulmonary hypertension, and prior pulmonary tuberculosis infection presenting with progressive dyspnea, diagnosed with tuberculosis-associated fibrosing mediastinitis. Chest posteroanterior radiograph showing bilateral peri-hilar soft tissue densities (white arrows) with right apical, pleural thickening and volume loss (black arrow head).",['Figure 1'],radiology,x_ray,thorax,thorax,frontal,"['thorax', 'radiology', 'frontal', 'x_ray']","['radiology', 'frontal', 'posteroanterior', 'x_ray']",True
file_0042366,PMC5016812_JCHIMP-6-31695-g001_undivided_1_1.webp,PMC5016812_01_JCHIMP-6-31695-g001.jpg,undivided,PMC5016812_01,CC BY-NC,10536,Chest radiography showing bilateral pulmonary infiltrates.,['Fig. 1'],radiology,x_ray,thorax,thorax,frontal,"['thorax', 'radiology', 'frontal', 'x_ray']","['radiology', 'thorax', 'x_ray']",True
file_0042405,PMC5019324_ijgm-9-315Fig1_undivided_1_1.webp,PMC5019324_01_ijgm-9-315Fig1.jpg,undivided,PMC5019324_01,CC BY-NC,14278,Chest X-ray of patient showing bilateral lower lobe pulmonary infiltration with right-sided pleural effusion.,['Figure 1'],radiology,x_ray,thorax,thorax,frontal,"['thorax', 'radiology', 'frontal', 'x_ray']","['radiology', 'thorax', 'x_ray']",True
file_0042412,PMC5021647_40064_2016_3270_Fig1_HTML_undivided_1_1.webp,PMC5021647_01_40064_2016_3270_Fig1_HTML.jpg,undivided,PMC5021647_01,CC BY,6276,An antero posterior chest X-ray of the patient with a chest wall schwannoma.,[],radiology,x_ray,thorax,thorax,frontal,"['thorax', 'radiology', 'frontal', 'x_ray']","['radiology', 'thorax', 'x_ray']",True
file_0042441,PMC5024499_40364_2016_72_Fig2_HTML_a_1_2.webp,PMC5024499_01_40364_2016_72_Fig2_HTML.jpg,a,PMC5024499_01,CC BY,3858,Imaging Results: Normal Chest X-Ray.,['Fig. 2'],radiology,x_ray,thorax,thorax,frontal,"['thorax', 'radiology', 'frontal', 'x_ray']","['radiology', 'thorax', 'x_ray']",True
file_0042471,PMC5027129_ircmj-18-07-29800-g001_undivided_1_1.webp,PMC5027129_01_ircmj-18-07-29800-g001.jpg,undivided,PMC5027129_01,CC BY-NC,10016,Hilar Lymphadenopathy on Chest x-ray.,['Figure 1'],radiology,x_ray,thorax,thorax,frontal,"['thorax', 'radiology', 'frontal', 'x_ray']","['radiology', 'thorax', 'x_ray']",True
file_0042658,PMC5051476_JMedLife-02-104-g001_undivided_1_1.webp,PMC5051476_01_JMedLife-02-104-g001.jpg,undivided,PMC5051476_01,CC BY,24168,Preoperative X-ray exam - lung opacity at upper right lobe.,[],radiology,x_ray,thorax,thorax,frontal,"['thorax', 'radiology', 'frontal', 'x_ray']",[],True
file_0042667,PMC5051476_JMedLife-02-104-g005_undivided_1_1.webp,PMC5051476_01_JMedLife-02-104-g005.jpg,undivided,PMC5051476_01,CC BY,14328,Postoperative chest X-ray - complete reexpansion of the right lung.,[],radiology,x_ray,thorax,thorax,frontal,"['thorax', 'radiology', 'frontal', 'x_ray']","['radiology', 'thorax', 'x_ray']",True
file_0042989,PMC5088489_40942_2015_6_Fig3_HTML_undivided_1_1.webp,PMC5088489_01_40942_2015_6_Fig3_HTML.jpg,undivided,PMC5088489_01,CC BY,6434,"Chest X-ray. Chest X-ray showing a suspicion of hilar lymphadenopathy, especially on the left-side.",['Fig. 3'],radiology,x_ray,thorax,thorax,frontal,"['thorax', 'radiology', 'frontal', 'x_ray']","['radiology', 'thorax', 'x_ray']",True
file_0043004,PMC5089153_JCHIMP-6-32131-g001_a_1_2.webp,PMC5089153_01_JCHIMP-6-32131-g001.jpg,a,PMC5089153_01,CC BY-NC,5650,Imaging of chest. X-ray.,['Fig. 1a'],radiology,x_ray,thorax,thorax,frontal,"['thorax', 'radiology', 'frontal', 'x_ray']","['radiology', 'thorax', 'x_ray']",True
file_0043009,PMC5089153_JCHIMP-6-32131-g004_a_1_3.webp,PMC5089153_01_JCHIMP-6-32131-g004.jpg,a,PMC5089153_01,CC BY-NC,2864,Imaging of chest comparing. Pre-treatment.,['Fig. 4'],radiology,x_ray,thorax,thorax,frontal,"['thorax', 'radiology', 'frontal', 'x_ray']",[],True
file_0043069,PMC5093894_JCIS-6-45-g002_undivided_1_1.webp,PMC5093894_01_JCIS-6-45-g002.jpg,undivided,PMC5093894_01,CC BY-NC-SA,34542,"A 76-year-old woman with hypertension and pulmonary embolism presented with dyspnea, fever, and weight loss. Chest X-ray shows previous inflammatory fibrosis, cicatricial bronchiectasis, and volume loss with pleural thickening in the right lung (arrow).",[],radiology,x_ray,thorax,thorax,frontal,"['thorax', 'radiology', 'frontal', 'x_ray']","['radiology', 'thorax', 'x_ray']",True
file_0043149,PMC5101502_cvja-27-e9-g001_undivided_1_1.webp,PMC5101502_01_cvja-27-e9-g001.jpg,undivided,PMC5101502_01,CC BY,19118,Chest X-ray showing cardiac dextroposition and radiopaque right hemithorax.,['Fig. 1'],radiology,x_ray,thorax,thorax,frontal,"['thorax', 'radiology', 'frontal', 'x_ray']","['radiology', 'thorax', 'x_ray']",True
file_0043191,PMC5107664_fig-4_undivided_1_1.webp,PMC5107664_01_fig-4.jpg,undivided,PMC5107664_01,CC BY,17766,Postoperative day 1 chest radiograph reveals large left pneumothorax.,['Fig. 4'],radiology,x_ray,thorax,thorax,frontal,"['thorax', 'radiology', 'frontal', 'x_ray']","['radiology', 'thorax', 'x_ray']",True
file_0043403,PMC5135745_13223_2016_170_Fig1_HTML_undivided_1_1.webp,PMC5135745_01_13223_2016_170_Fig1_HTML.jpg,undivided,PMC5135745_01,CC BY,29662,CXR showing right upper lobe opacity which on HRCT showed central bronchiectasis in right upper lobe anterior segment.,['Fig. 1'],radiology,x_ray,thorax,thorax,frontal,"['thorax', 'radiology', 'frontal', 'x_ray']",['radiology'],True
file_0043599,PMC5161802_JCHIMP-6-33361-g001_undivided_1_1.webp,PMC5161802_01_JCHIMP-6-33361-g001.jpg,undivided,PMC5161802_01,CC BY-NC,26490,Anteroposterior (AP) view of chest X-ray showing extensive subcutaneous emphysema in the chest and neck.,['Fig. 1'],radiology,x_ray,thorax,thorax,frontal,"['thorax', 'radiology', 'frontal', 'x_ray']","['radiology', 'thorax', 'x_ray']",True
file_0043679,PMC517508_1476-0711-3-16-1_undivided_1_1.webp,PMC517508_01_1476-0711-3-16-1.jpg,undivided,PMC517508_01,CC BY,14290,Anteroposterior chest radiograph showing cavitary lesions in both lungs.,[],radiology,x_ray,thorax,thorax,frontal,"['thorax', 'radiology', 'frontal', 'x_ray']","['radiology', 'thorax', 'x_ray', 'mass']",True
file_0043685,PMC5175095_NCI-2-155-g002_undivided_1_1.webp,PMC5175095_01_NCI-2-155-g002.jpg,undivided,PMC5175095_01,CC BY-NC-SA,6592,"On pre-treatment posteroanterior chest radiogram costodiaphragmatic sinuses are not distinctly visualized, high-lying diaphragms, and an enlarged mediastinum were observed.",['Figure 1'],radiology,x_ray,thorax,thorax,frontal,"['thorax', 'radiology', 'frontal', 'x_ray']","['radiology', 'frontal', 'posteroanterior']",True
file_0043692,PMC5175111_NCI-2-227-g001_undivided_1_1.webp,PMC5175111_01_NCI-2-227-g001.jpg,undivided,PMC5175111_01,CC BY-NC-SA,23696,On telecardiogram opacified left lung consistent with pleural effusion.,['Figure 1'],radiology,x_ray,thorax,thorax,frontal,"['thorax', 'radiology', 'frontal', 'x_ray']",[],True
file_0043727,PMC5180434_SNI-7-940-g001_a_1_2.webp,PMC5180434_01_SNI-7-940-g001.jpg,a,PMC5180434_01,CC BY-NC-SA,3314,"Anteroposterior X-ray of the thorax does not show evidence of any pathology, no parahiliar consolidations, and no other variations (a).",[],radiology,x_ray,thorax,thorax,frontal,"['thorax', 'radiology', 'frontal', 'x_ray']","['radiology', 'thorax', 'x_ray']",True
file_0043818,PMC5206467_NCI-3-146-g001_undivided_1_1.webp,PMC5206467_01_NCI-3-146-g001.jpg,undivided,PMC5206467_01,CC BY-NC-SA,10582,Postanterior (PA) chest x-ray.,['Figure 1'],radiology,x_ray,thorax,thorax,frontal,"['thorax', 'radiology', 'frontal', 'x_ray']","['radiology', 'thorax', 'x_ray']",True
file_0043822,PMC5206842_JMAS-13-60-g001_undivided_1_1.webp,PMC5206842_01_JMAS-13-60-g001.jpg,undivided,PMC5206842_01,CC BY-NC-SA,11682,Dextrocardia in the chest X-ray view.,['Figure 1'],radiology,x_ray,thorax,thorax,frontal,"['thorax', 'radiology', 'frontal', 'x_ray']","['radiology', 'thorax', 'x_ray']",True
file_0043931,PMC5220683_ABR-5-205-g001_a_1_2.webp,PMC5220683_01_ABR-5-205-g001.jpg,a,PMC5220683_01,CC BY-NC-SA,2494,(a) Mediastinal widening in the chest X-ray.,['Figure 1a'],radiology,x_ray,thorax,thorax,frontal,"['thorax', 'radiology', 'frontal', 'x_ray']","['radiology', 'thorax', 'x_ray']",True
file_0043981,PMC5223758_jkns-60-1-118f2_B_2_2.webp,PMC5223758_01_jkns-60-1-118f2.jpg,b,PMC5223758_01,CC BY-NC,19898,Angiography. Of case 1. Another lesion on the left upper lung field was already embolized with coils (black arrow; B).,['Fig. 2'],radiology,x_ray,abdomen,abdomen,frontal,"['abdomen', 'radiology', 'frontal', 'x_ray']","['radiology', 'mass', 'angiography']",True
file_0044094,PMC5234201_LI-34-65-g001_undivided_1_1.webp,PMC5234201_01_LI-34-65-g001.jpg,undivided,PMC5234201_01,CC BY-NC-SA,33706,(Case 1) Chest X-ray on admission.,['Figure 1'],radiology,x_ray,thorax,thorax,frontal,"['thorax', 'radiology', 'frontal', 'x_ray']","['radiology', 'thorax', 'x_ray']",True
file_0044096,PMC5234201_LI-34-65-g003_undivided_1_1.webp,PMC5234201_02_LI-34-65-g003.jpg,undivided,PMC5234201_02,CC BY-NC-SA,36638,(Case 2) Chest X-ray on admission.,['Figure 3'],radiology,x_ray,thorax,thorax,frontal,"['thorax', 'radiology', 'frontal', 'x_ray']","['radiology', 'thorax', 'x_ray']",True
file_0044098,PMC5234201_LI-34-65-g005_undivided_1_1.webp,PMC5234201_03_LI-34-65-g005.jpg,undivided,PMC5234201_03,CC BY-NC-SA,19080,(Case 3) Chest X-ray on admission.,[],radiology,x_ray,thorax,thorax,frontal,"['thorax', 'radiology', 'frontal', 'x_ray']","['radiology', 'thorax', 'x_ray']",True
file_0044135,PMC5234291_SNI-7-1096-g001_a_1_4.webp,PMC5234291_01_SNI-7-1096-g001.jpg,a,PMC5234291_01,CC BY-NC-SA,1296,Initial imaging of lesion. (a) Plain films of chest showing knife in the thoracic region.,['Figure 1'],radiology,x_ray,thorax,thorax,frontal,"['thorax', 'radiology', 'frontal', 'x_ray']",[],True
file_0044222,PMC5241848_APC-10-65-g001_undivided_1_1.webp,PMC5241848_01_APC-10-65-g001.jpg,undivided,PMC5241848_01,CC BY-NC-SA,12718,The chest X-ray shows retained guidewire fragment in the right neck measuring 1 cm in length.,['Figure 1'],radiology,x_ray,thorax,thorax,frontal,"['thorax', 'radiology', 'frontal', 'x_ray']","['radiology', 'thorax', 'x_ray']",True
file_0044406,PMC5266184_medi-96-e5865-g014_A_1_2.webp,PMC5266184_01_medi-96-e5865-g014.jpg,a,PMC5266184_01,CC BY,11048,Chest radiographs. (A) At 25 days after birth.,"['Fig. 4A, B']",radiology,x_ray,thorax,thorax,frontal,"['thorax', 'radiology', 'frontal', 'x_ray']","['radiology', 'thorax', 'x_ray']",True
file_0044407,PMC5266184_medi-96-e5865-g014_B_2_2.webp,PMC5266184_01_medi-96-e5865-g014.jpg,b,PMC5266184_01,CC BY,6294,Chest radiographs. (B) At 4 years after birth.,"['Fig. 4A, B']",radiology,x_ray,thorax,thorax,sagittal,"['thorax', 'radiology', 'sagittal', 'x_ray']","['radiology', 'thorax', 'x_ray']",True
file_0044422,PMC5266394_crt-2016-125f1_B_2_2.webp,PMC5266394_01_crt-2016-125f1.jpg,b,PMC5266394_01,CC BY-NC,18492,"(B) Pulmonary angiography, showing a large filling defect in the left pulmonary artery.",['Fig. 1B'],radiology,x_ray,thorax,thorax,oblique,"['thorax', 'radiology', 'oblique', 'x_ray']","['radiology', 'angiography']",True
file_0044469,PMC5267874_PAMJ-24-308-g002_undivided_1_1.webp,PMC5267874_01_PAMJ-24-308-g002.jpg,undivided,PMC5267874_01,CC BY,11924,Chest X-ray revealing infiltrates in both lung fields.,['Figure 2'],radiology,x_ray,thorax,thorax,frontal,"['thorax', 'radiology', 'frontal', 'x_ray']","['radiology', 'thorax', 'x_ray']",True
file_0044489,PMC5268805_PAMJ-25-13-g001_undivided_1_1.webp,PMC5268805_01_PAMJ-25-13-g001.jpg,undivided,PMC5268805_01,CC BY,7430,Chest x-ray showing increase of the cardiac area.,['Figure 1'],radiology,x_ray,thorax,thorax,frontal,"['thorax', 'radiology', 'frontal', 'x_ray']","['radiology', 'thorax', 'x_ray']",True
file_0044493,PMC5270036_ipc-18-1-g001_undivided_1_1.webp,PMC5270036_01_ipc-18-1-g001.jpg,undivided,PMC5270036_01,CC BY-NC-SA,24522,Chest x-ray during initial evaluation demonstrating airspace opacification (arrows) within the superior segment of the right lower lobe.,['Figure 1'],radiology,x_ray,thorax,thorax,frontal,"['thorax', 'radiology', 'frontal', 'x_ray']","['radiology', 'thorax', 'x_ray', 'mass']",True
file_0044497,PMC5270036_ipc-18-1-g005_undivided_1_1.webp,PMC5270036_01_ipc-18-1-g005.jpg,undivided,PMC5270036_01,CC BY-NC-SA,46336,Angiography of the right pulmonary demonstrating a large arteriovenous malformation with multiple feeder vessels.,['figure 5'],radiology,x_ray,abdomen,abdomen,frontal,"['abdomen', 'radiology', 'frontal', 'x_ray']","['radiology', 'angiography']",True
file_0044498,PMC5270036_ipc-18-1-g006_undivided_1_1.webp,PMC5270036_01_ipc-18-1-g006.jpg,undivided,PMC5270036_01,CC BY-NC-SA,40256,Angiography of the right pulmonary artery post-embolization illustrating effective reduction of right-to-left shunt.,[],radiology,x_ray,thorax,thorax,frontal,"['thorax', 'radiology', 'frontal', 'x_ray']",[],True
file_0044526,PMC5279080_medi-96-e5788-g001_A_1_4.webp,PMC5279080_01_medi-96-e5788-g001.jpg,a,PMC5279080_01,CC BY,7250,(A) Chest X-ray showing a micronodular pattern.,['Fig. 1A'],radiology,x_ray,thorax,thorax,frontal,"['thorax', 'radiology', 'frontal', 'x_ray']","['radiology', 'thorax', 'x_ray']",True
file_0044702,PMC5288960_JCIS-7-2-g003_a_1_2.webp,PMC5288960_01_JCIS-7-2-g003.jpg,a,PMC5288960_01,CC BY-NC-SA,27248,"A 63-year-old woman without significant medical history who presented with subacute onset of dyspnea on exertion. (a) Bronchial artery angiogram with contrast injected directly into the bronchial artery under video fluoroscopy shows contrast filling of the bronchial artery aneurysm (black arrow) and simultaneous filling of the pulmonary artery (white arrow). On video fluoroscopy, contrast was noted to flow outward toward the lung periphery.",['Figure 2a and b'],radiology,x_ray,thorax,thorax,oblique,"['thorax', 'radiology', 'oblique', 'x_ray']","['radiology', 'arteriogram', 'x_ray', 'contrast', 'angiography']",True
file_0044737,PMC5290677_ACA-20-100-g002_a_1_2.webp,PMC5290677_01_ACA-20-100-g002.jpg,a,PMC5290677_01,CC BY-NC-SA,18392,Chest X-ray showing misdirected minitracheostomy tube facing upward (arrows).,[],radiology,x_ray,thorax,thorax,frontal,"['thorax', 'radiology', 'frontal', 'x_ray']","['radiology', 'thorax', 'x_ray']",True
file_0044747,PMC5290679_ACA-20-104-g005_undivided_1_1.webp,PMC5290679_01_ACA-20-104-g005.jpg,undivided,PMC5290679_01,CC BY-NC-SA,16044,Chest X-ray showing the course (arrows) of central venous catheter.,['Figure 5'],radiology,x_ray,thorax,thorax,frontal,"['thorax', 'radiology', 'frontal', 'x_ray']","['radiology', 'thorax', 'x_ray']",True
file_0044913,PMC5299833_ACA-20-70-g001_undivided_1_1.webp,PMC5299833_01_ACA-20-70-g001.jpg,undivided,PMC5299833_01,CC BY-NC-SA,11296,Postoperative chest X-ray. The Perceval S valve is shown with its metal cage anchored in the aortic root (white arrows). The dilatation and the calcification are well marked in this figure (red arrows).,[],radiology,x_ray,thorax,thorax,frontal,"['thorax', 'radiology', 'frontal', 'x_ray']","['radiology', 'thorax', 'x_ray']",True
file_0045005,PMC5301104_cro-0010-0001-g03_undivided_1_1.webp,PMC5301104_01_cro-0010-0001-g03.jpg,undivided,PMC5301104_01,CC BY-NC,29502,Chest X-ray showing several non-calcified lung nodules and widened mediastinum due to metastasis to mediastinal lymph nodes.,['Fig 3'],radiology,x_ray,thorax,thorax,frontal,"['thorax', 'radiology', 'frontal', 'x_ray']","['radiology', 'thorax', 'malignant', 'x_ray', 'mass']",True
file_0045048,PMC5301127_cro-0010-0130-g02_undivided_1_1.webp,PMC5301127_01_cro-0010-0130-g02.jpg,undivided,PMC5301127_01,CC BY-NC,17604,Chest X-ray showing dextrocardia and the right subphrenic gas pattern in the stomach.,['Fig. 2'],radiology,x_ray,thorax,thorax,frontal,"['thorax', 'radiology', 'frontal', 'x_ray']","['radiology', 'x_ray']",True
file_0045274,PMC5312202_abd-92-01-0148-gf01_undivided_1_1.webp,PMC5312202_01_abd-92-01-0148-gf01.jpg,undivided,PMC5312202_01,CC BY-NC,10574,"Bull's eye erythematous infiltrated legion on the inner side of the left
thigh.",['Figure 1'],radiology,x_ray,upper_limb,elbow,sagittal,"['radiology', 'upper_limb', 'sagittal', 'elbow', 'x_ray']",[],True
file_0045464,PMC5320815_JNSBM-8-130-g001_undivided_1_1.webp,PMC5320815_01_JNSBM-8-130-g001.jpg,undivided,PMC5320815_01,CC BY-NC-SA,39622,Chest X-ray revealed a left side pleural effusion.,['Figure 1'],radiology,x_ray,thorax,thorax,frontal,"['thorax', 'radiology', 'frontal', 'x_ray']","['radiology', 'thorax', 'x_ray']",True
file_0045478,PMC5322506_BMJ-34-74-g1_undivided_1_1.webp,PMC5322506_01_BMJ-34-74-g1.jpg,undivided,PMC5322506_01,CC BY,7332,Pleural effusion and consolidation on chest X-ray of the patient.,[],radiology,x_ray,thorax,thorax,frontal,"['thorax', 'radiology', 'frontal', 'x_ray']","['radiology', 'thorax', 'x_ray']",True
file_0045521,PMC5325505_PAMJ-25-125-g003_undivided_1_1.webp,PMC5325505_01_PAMJ-25-125-g003.jpg,undivided,PMC5325505_01,CC BY,7310,Chest X-ray at day 1 of surgical intervention. It showed significant regression of pneumoperitoneum (see arrows).,['Figure 3'],radiology,x_ray,thorax,thorax,frontal,"['thorax', 'radiology', 'frontal', 'x_ray']","['radiology', 'thorax', 'x_ray']",True
file_0045686,PMC5337757_IJMS-42-102-g002_undivided_1_1.webp,PMC5337757_01_IJMS-42-102-g002.jpg,undivided,PMC5337757_01,CC BY-NC-SA,10222,Chest radiograph showing increased bronchovascular markings with right hilar prominence.,['figure 2'],radiology,x_ray,thorax,thorax,frontal,"['thorax', 'radiology', 'frontal', 'x_ray']","['radiology', 'thorax', 'x_ray']",True
file_0045784,PMC5341272_AIAN-20-62-g005_a_1_4.webp,PMC5341272_04_AIAN-20-62-g005.jpg,a,PMC5341272_04,CC BY-NC-SA,2392,(a-d) Skeletal findings in our series of patients with Menkes disease. Chest radiograph (a) of Case 2 shows prominence of anterior ends of ribs (black arrows).,['Figure 2a-d'],radiology,x_ray,thorax,thorax,frontal,"['thorax', 'radiology', 'frontal', 'x_ray']","['radiology', 'thorax', 'x_ray']",True
file_0045906,PMC5346945_cro-0010-0169-g01_undivided_1_1.webp,PMC5346945_01_cro-0010-0169-g01.jpg,undivided,PMC5346945_01,CC BY-NC,35812,Chest X-ray showed an abnormal shadow in the left hilum lesion.,['Fig. 1'],radiology,x_ray,thorax,thorax,frontal,"['thorax', 'radiology', 'frontal', 'x_ray']","['radiology', 'thorax', 'x_ray', 'mass']",True
file_0046022,PMC5353471_JCE-27-23-g001_undivided_1_1.webp,PMC5353471_01_JCE-27-23-g001.jpg,undivided,PMC5353471_01,CC BY-NC-SA,11150,Chest X-ray showing pulmonary congestion.,[],radiology,x_ray,thorax,thorax,frontal,"['thorax', 'radiology', 'frontal', 'x_ray']","['radiology', 'thorax', 'x_ray']",True
file_0046057,PMC5356393_DRJ-14-73-g002_b_2_5.webp,PMC5356393_01_DRJ-14-73-g002.jpg,b,PMC5356393_01,CC BY-NC-SA,5486,"Posterior-anterior chest radiograph, showing a normal study.",['Figure 2b'],radiology,x_ray,thorax,thorax,frontal,"['thorax', 'radiology', 'frontal', 'x_ray']","['radiology', 'thorax', 'frontal', 'posteroanterior', 'x_ray']",True
file_0046118,PMC5359997_JCIS-7-11-g006_undivided_1_1.webp,PMC5359997_01_JCIS-7-11-g006.jpg,undivided,PMC5359997_01,CC BY-NC-SA,14480,Chest X-ray (posteroanterior view) of a woman with uterine arteriovenous malformation. She had undergone glue embolization and developed shortness of breath immediately after the procedure. Chest X-ray shows multiple branching patterns of linear radio densities (arrow) scattered in the bilateral lungs and prominent pulmonary bay suggesting glue embolization.,['Figure 5'],radiology,x_ray,thorax,thorax,frontal,"['thorax', 'radiology', 'frontal', 'x_ray']","['radiology', 'frontal', 'posteroanterior', 'x_ray']",True
file_0046162,PMC5364770_IJCIIS-7-65-g001_undivided_1_1.webp,PMC5364770_01_IJCIIS-7-65-g001.jpg,undivided,PMC5364770_01,CC BY-NC-SA,25494,Postprocedure chest X-ray demonstrated proper positions of both right atrial and ventricular leads. No evidence of pleural effusions or pneumothorax were seen.,['Figure 1'],radiology,x_ray,thorax,thorax,frontal,"['thorax', 'radiology', 'frontal', 'x_ray']","['radiology', 'thorax', 'x_ray']",True
file_0046164,PMC5364770_IJCIIS-7-65-g003_undivided_1_1.webp,PMC5364770_01_IJCIIS-7-65-g003.jpg,undivided,PMC5364770_01,CC BY-NC-SA,14598,"Follow-up chest X-ray suggesting erosion of right ventricular lead into the pleural space and into the chest wall. Anatomically, this corresponded to the cutaneous bruising.",['Figure 3'],radiology,x_ray,thorax,thorax,frontal,"['thorax', 'radiology', 'frontal', 'x_ray']","['radiology', 'thorax', 'x_ray']",True
file_0046192,PMC5367451_tcrm-13-341Fig1_undivided_1_1.webp,PMC5367451_01_tcrm-13-341Fig1.jpg,undivided,PMC5367451_01,CC BY-NC,7814,"Left lung atelectasis (during abraxane, last therapy session); white arrow indicates the central mass to the left main bronchus.",['Figures 1'],radiology,x_ray,thorax,thorax,frontal,"['thorax', 'radiology', 'frontal', 'x_ray']",[],True
file_0046194,PMC5367451_tcrm-13-341Fig3_undivided_1_1.webp,PMC5367451_01_tcrm-13-341Fig3.jpg,undivided,PMC5367451_01,CC BY-NC,8072,"After 28 days under afatinib 40 mg (the mass has started to shrink and the left lung to inflate, white arrow).",['Figures 1'],radiology,x_ray,thorax,thorax,frontal,"['thorax', 'radiology', 'frontal', 'x_ray']",[],True
file_0046195,PMC5367451_tcrm-13-341Fig4_undivided_1_1.webp,PMC5367451_01_tcrm-13-341Fig4.jpg,undivided,PMC5367451_01,CC BY-NC,11044,After 65 days from the afatinib 40 mg administration (white arrow indicates the part of the left lower lobe that has been inflated and red arrow indicates the central mass that used to totally block the left lung).,['Figures 1'],radiology,x_ray,thorax,thorax,frontal,"['thorax', 'radiology', 'frontal', 'x_ray']",[],True
file_0046348,PMC5379782_AJNS-12-112-g001_undivided_1_1.webp,PMC5379782_01_AJNS-12-112-g001.jpg,undivided,PMC5379782_01,CC BY-NC-SA,8302,Chest x-ray (October 2011).,[],radiology,x_ray,thorax,thorax,frontal,"['thorax', 'radiology', 'frontal', 'x_ray']","['radiology', 'thorax', 'x_ray']",True
file_0046526,PMC5385770_IJRI-27-33-g001_A_1_4.webp,PMC5385770_01_IJRI-27-33-g001.jpg,a,PMC5385770_01,CC BY-NC-SA,4568,Chest X-ray of a 24-year-old female (A) showing well-defined left hilar mass.,['Figure 1A-D'],radiology,x_ray,thorax,thorax,frontal,"['thorax', 'radiology', 'frontal', 'x_ray']","['radiology', 'thorax', 'x_ray', 'mass']",True
file_0046569,PMC5385992_rbti-29-01-0105-g01_undivided_1_1.webp,PMC5385992_01_rbti-29-01-0105-g01.jpg,undivided,PMC5385992_01,CC BY,10234,Initial chest X-ray.,['Figure 1'],radiology,x_ray,thorax,thorax,frontal,"['thorax', 'radiology', 'frontal', 'x_ray']","['radiology', 'thorax', 'x_ray']",True
file_0046576,PMC5388342_imcrj-10-123Fig1_undivided_1_1.webp,PMC5388342_01_imcrj-10-123Fig1.jpg,undivided,PMC5388342_01,CC BY-NC,10958,Chest X-ray postero-anterior view - bilateral alveolar infiltrates (arrow).,['Figure 1'],radiology,x_ray,thorax,thorax,frontal,"['thorax', 'radiology', 'frontal', 'x_ray']","['radiology', 'thorax', 'frontal', 'anteroposterior', 'x_ray']",True
file_0046577,PMC5388342_imcrj-10-123Fig3_undivided_1_1.webp,PMC5388342_01_imcrj-10-123Fig3.jpg,undivided,PMC5388342_01,CC BY-NC,21428,Resolution of lesions in chest X-ray (arrows).,['Figure 3'],radiology,x_ray,thorax,thorax,frontal,"['thorax', 'radiology', 'frontal', 'x_ray']","['radiology', 'thorax', 'x_ray', 'mass']",True
file_0046634,PMC5394822_JPGM-63-55-g001_undivided_1_1.webp,PMC5394822_01_JPGM-63-55-g001.jpg,undivided,PMC5394822_01,CC BY-NC-SA,24060,Chest X-ray showing a right-sided pleural effusion.,[],radiology,x_ray,thorax,thorax,frontal,"['thorax', 'radiology', 'frontal', 'x_ray']","['radiology', 'thorax', 'x_ray']",True
file_0046636,PMC5394822_JPGM-63-55-g003_undivided_1_1.webp,PMC5394822_01_JPGM-63-55-g003.jpg,undivided,PMC5394822_01,CC BY-NC-SA,17820,Chest X-ray 3 months after stopping imatinib showing resolution of effusion.,['Figure 3'],radiology,x_ray,thorax,thorax,frontal,"['thorax', 'radiology', 'frontal', 'x_ray']","['radiology', 'thorax', 'x_ray']",True
file_0046670,PMC5398109_IJMPO-38-62-g001_undivided_1_1.webp,PMC5398109_01_IJMPO-38-62-g001.jpg,undivided,PMC5398109_01,CC BY-NC-SA,8754,Chest X-ray showing two large nodular opacities along the right heart border.,['Figure 1'],radiology,x_ray,thorax,thorax,frontal,"['thorax', 'radiology', 'frontal', 'x_ray']","['radiology', 'thorax', 'x_ray', 'mass']",True
file_0046684,PMC5398112_IJMPO-38-70-g001_undivided_1_1.webp,PMC5398112_01_IJMPO-38-70-g001.jpg,undivided,PMC5398112_01,CC BY-NC-SA,9224,Massive pneumothorax.,[],radiology,x_ray,thorax,thorax,frontal,"['thorax', 'radiology', 'frontal', 'x_ray']",[],True
file_0046939,PMC5409948_JTHC-12-35-g001_undivided_1_1.webp,PMC5409948_01_JTHC-12-35-g001.jpg,undivided,PMC5409948_01,CC BY,41172,"Fluoroscopic anteroposterior view of the chest before the implantation of a cardiac resynchronization therapy device. There is an old single-chamber permanent pacemaker on the right side. The arrow pointing downward shows a lead implanted 14 years previously, and the arrow pointing upward shows a lead implanted 10 years previously. Both leads are in the right ventricle.",['Figure1'],radiology,x_ray,thorax,thorax,oblique,"['thorax', 'radiology', 'oblique', 'x_ray']",[],True
file_0046940,PMC5409948_JTHC-12-35-g002_undivided_1_1.webp,PMC5409948_01_JTHC-12-35-g002.jpg,undivided,PMC5409948_01,CC BY,50378,"Successful cardiac resynchronization therapy device implantation. The fluoroscopic left anterior oblique view (30 ) of the chest. The arrow pointing downward shows the coronary sinus lead, and the left-hand side arrow shows the new right atrial lead.",['Figure 2'],radiology,x_ray,thorax,thorax,oblique,"['thorax', 'radiology', 'oblique', 'x_ray']","['radiology', 'oblique', 'x_ray']",True
file_0046949,PMC5410121_Tanaffos-15-243-g001_undivided_1_1.webp,PMC5410121_01_Tanaffos-15-243-g001.jpg,undivided,PMC5410121_01,CC BY,12108,Chest X-ray showing three mass-like opacities in the right lung.,['Figure 1'],radiology,x_ray,thorax,thorax,frontal,"['thorax', 'radiology', 'frontal', 'x_ray']","['radiology', 'thorax', 'x_ray', 'mass']",True
file_0046951,PMC5410121_Tanaffos-15-243-g003_undivided_1_1.webp,PMC5410121_01_Tanaffos-15-243-g003.jpg,undivided,PMC5410121_01,CC BY,13636,"Repeat chest X-ray after 4 days of treatment for heart failure, showing clearance of lung field.",['Figure 3'],radiology,x_ray,thorax,thorax,frontal,"['thorax', 'radiology', 'frontal', 'x_ray']","['radiology', 'thorax', 'x_ray']",True
file_0047356,PMC5431708_tcrm-13-629Fig2_A_1_2.webp,PMC5431708_01_tcrm-13-629Fig2.jpg,a,PMC5431708_01,CC BY-NC,20928,Cardiac catheterization. . Notes:. Right pulmonary artery.,['Figure 2'],radiology,x_ray,abdomen,abdomen,frontal,"['abdomen', 'radiology', 'frontal', 'x_ray']",[],True
file_0047357,PMC5431708_tcrm-13-629Fig2_B_2_2.webp,PMC5431708_01_tcrm-13-629Fig2.jpg,b,PMC5431708_01,CC BY-NC,17362,Cardiac catheterization. Left pulmonary artery. Black arrows point to collateral vessels; white arrows point to right and left pulmonary arteries.,['Figure 2'],radiology,x_ray,thorax,thorax,frontal,"['thorax', 'radiology', 'frontal', 'x_ray']",[],True
file_0047414,PMC5436012_cro-0010-0333-g01_undivided_1_1.webp,PMC5436012_01_cro-0010-0333-g01.jpg,undivided,PMC5436012_01,CC BY-NC,35764,Chest X-ray demonstrating multiple lung metastases of sarcoma and a metastasis to the right pleura and left hemopneumothorax.,['Fig. 1'],radiology,x_ray,thorax,thorax,frontal,"['thorax', 'radiology', 'frontal', 'x_ray']","['radiology', 'thorax', 'malignant', 'x_ray', 'mass']",True
file_0047415,PMC5436012_cro-0010-0333-g02_undivided_1_1.webp,PMC5436012_02_cro-0010-0333-g02.jpg,undivided,PMC5436012_02,CC BY-NC,29276,Chest X-ray demonstrating multiple lung metastases of sarcoma and bilateral pneumothorax.,['Fig. 2'],radiology,x_ray,thorax,thorax,frontal,"['thorax', 'radiology', 'frontal', 'x_ray']","['radiology', 'thorax', 'malignant', 'x_ray', 'mass']",True
file_0047587,PMC5437796_JPN-12-72-g003_undivided_1_1.webp,PMC5437796_01_JPN-12-72-g003.jpg,undivided,PMC5437796_01,CC BY-NC-SA,10836,X-ray in the 2nd postoperative week showing right lower lobe pneumonia.,['Figure 3'],radiology,x_ray,thorax,thorax,frontal,"['thorax', 'radiology', 'frontal', 'x_ray']","['radiology', 'x_ray']",True
file_0047603,PMC5437950_f1000research-6-12134-g0003_undivided_1_1.webp,PMC5437950_01_f1000research-6-12134-g0003.jpg,undivided,PMC5437950_01,CC BY,15400,Chest X-ray showing elevated right hemi-diaphragm (white arrow) and right para-hilar mass.,[],radiology,x_ray,thorax,thorax,frontal,"['thorax', 'radiology', 'frontal', 'x_ray']","['radiology', 'thorax', 'x_ray', 'mass']",True
file_0047758,PMC5445650_SNI-8-76-g001_a_1_2.webp,PMC5445650_01_SNI-8-76-g001.jpg,a,PMC5445650_01,CC BY-NC-SA,8162,Chest X-ray from posteroanterior projections.,['Figure 1'],radiology,x_ray,thorax,thorax,frontal,"['thorax', 'radiology', 'frontal', 'x_ray']","['radiology', 'thorax', 'frontal', 'posteroanterior', 'x_ray']",True
file_0047815,PMC5448248_HV-18-26-g001_undivided_1_1.webp,PMC5448248_01_HV-18-26-g001.jpg,undivided,PMC5448248_01,CC BY-NC-SA,23924,"Presenting chest radiograph showing cardiomediastinal silhouette enlargement with mild congestion and pleural opacity on the right chest wall. Annular calcific pericardial ring later seen on echocardiogram, coronary angiography, and computed tomography scan is not well visualized.",['Figure 1'],radiology,x_ray,thorax,thorax,frontal,"['thorax', 'radiology', 'frontal', 'x_ray']",['radiology'],True
file_0047858,PMC5450457_JCIS-7-23-g006_a_1_2.webp,PMC5450457_04_JCIS-7-23-g006.jpg,a,PMC5450457_04,CC BY-NC-SA,4346,"A 79-year-old female with urinary bladder carcinoma diagnosed and resected 7 months previously presented with shortness of breath and focal right-sided wheezing. (a) Chest radiograph (anterior-posterior projection) showing volume loss in the right hemithorax with rightward tracheal deviation and silhouetting of the right heart border and right diaphragm, suggestive of right lower and right middle lobe collapse.",['Figure 5a'],radiology,x_ray,thorax,thorax,frontal,"['thorax', 'radiology', 'frontal', 'x_ray']","['radiology', 'thorax', 'x_ray']",True
file_0047956,PMC5458703_JOCR-7-69-g002_undivided_1_1.webp,PMC5458703_01_JOCR-7-69-g002.jpg,undivided,PMC5458703_01,CC BY-NC-SA,7024,Sitting position chest X-ray with significant pleural effusion of the left side.,['Fig. 2'],radiology,x_ray,thorax,thorax,frontal,"['thorax', 'radiology', 'frontal', 'x_ray']","['radiology', 'thorax', 'x_ray']",True
file_0048337,PMC5473386_Tanaffos-16-76-g001_undivided_1_1.webp,PMC5473386_01_Tanaffos-16-76-g001.jpg,undivided,PMC5473386_01,CC BY,16140,Multiple pulmonary infiltrates associated to bilateral alveolar opacities.,['Figure 1'],radiology,x_ray,thorax,thorax,frontal,"['thorax', 'radiology', 'frontal', 'x_ray']",[],True
file_0048343,PMC5473388_Tanaffos-16-84-g002_undivided_1_1.webp,PMC5473388_01_Tanaffos-16-84-g002.jpg,undivided,PMC5473388_01,CC BY,17642,Chest X ray 2 months after the operation.,['Figure 2'],radiology,x_ray,thorax,thorax,frontal,"['thorax', 'radiology', 'frontal', 'x_ray']",[],True
file_0048344,PMC5473388_Tanaffos-16-84-g003_undivided_1_1.webp,PMC5473388_02_Tanaffos-16-84-g003.jpg,undivided,PMC5473388_02,CC BY,10700,Chest X ray shows the presence of the foreign body in the middle part of the esophagus (arrow).,['Figure 3'],radiology,x_ray,thorax,thorax,frontal,"['thorax', 'radiology', 'frontal', 'x_ray']",[],True
file_0048353,PMC5475435_fped-05-00098-g001_undivided_1_1.webp,PMC5475435_02_fped-05-00098-g001.jpg,undivided,PMC5475435_02,CC BY,20082,Initial CXR after referral to our services. Right hemithorax almost totally opacified with an unusual patterned appearance to the opacity.,['Figures 1'],radiology,x_ray,thorax,thorax,frontal,"['thorax', 'radiology', 'frontal', 'x_ray']","['radiology', 'thorax', 'x_ray', 'mass']",True
file_0048355,PMC5475435_fped-05-00098-g003_undivided_1_1.webp,PMC5475435_02_fped-05-00098-g003.jpg,undivided,PMC5475435_02,CC BY,20508,Most recent CXR post-surgery. The neo-esophagus is apparent at the right mediastinal border.,['Figure 3'],radiology,x_ray,thorax,thorax,frontal,"['thorax', 'radiology', 'frontal', 'x_ray']","['radiology', 'thorax', 'x_ray']",True
file_0048617,PMC5499859_ott-10-3211Fig2_A_1_2.webp,PMC5499859_01_ott-10-3211Fig2.jpg,a,PMC5499859_01,CC BY-NC,3492,Chest X-rays obtained. Before.,['Figures 2A and B'],radiology,x_ray,thorax,thorax,frontal,"['thorax', 'radiology', 'frontal', 'x_ray']","['radiology', 'thorax', 'x_ray']",True
file_0048779,PMC5505678_tcrm-13-843Fig1_undivided_1_1.webp,PMC5505678_01_tcrm-13-843Fig1.jpg,undivided,PMC5505678_01,CC BY-NC,11046,Chest X-ray film immediately after the puncture. . Note: An ~5 mm collapse of the apical portion of the right lung is observed (arrows).,['Figure 1'],radiology,x_ray,thorax,thorax,frontal,"['thorax', 'radiology', 'frontal', 'x_ray']","['radiology', 'thorax', 'x_ray']",True
file_0048939,PMC5522842_fped-05-00161-g001_undivided_1_1.webp,PMC5522842_01_fped-05-00161-g001.jpg,undivided,PMC5522842_01,CC BY,12780,Chest X-ray demonstrating bilateral pulmonary infiltrates caused by pneumocystis pneumonia.,['Figure 1'],radiology,x_ray,thorax,thorax,frontal,"['thorax', 'radiology', 'frontal', 'x_ray']","['radiology', 'thorax', 'x_ray']",True
file_0048949,PMC5523474_SNI-8-138-g001_C_1_1.webp,PMC5523474_01_SNI-8-138-g001.jpg,c,PMC5523474_01,CC BY-NC-SA,17570,"Lateral cervical spine intraoperative X-ray showing good placement of ProDisc-C (Depuy Synthes, West Chester, PA) at initial implantation.",['Figure 1'],radiology,x_ray,neck,neck,frontal,"['neck', 'radiology', 'frontal', 'x_ray']","['radiology', 'neck', 'x_ray']",True
file_0048950,PMC5523474_SNI-8-138-g002_C_1_1.webp,PMC5523474_01_SNI-8-138-g002.jpg,c,PMC5523474_01,CC BY-NC-SA,9960,"Lateral cervical spine X-ray showing a 4-mm anterior protrusion of the ProDisc-C (DePuy Synthes, West Chester, PA, USA) 2 months after the implantation.",['Figure 2'],radiology,x_ray,neck,neck,sagittal,"['neck', 'radiology', 'sagittal', 'x_ray']","['radiology', 'neck', 'x_ray']",True
file_0049096,PMC5538038_f1000research-6-12619-g0004_undivided_1_1.webp,PMC5538038_01_f1000research-6-12619-g0004.jpg,undivided,PMC5538038_01,CC BY,32890,Chest X-ray revealing right sided apical lung lesion.,['Figure 5'],radiology,x_ray,thorax,thorax,frontal,"['thorax', 'radiology', 'frontal', 'x_ray']","['radiology', 'thorax', 'x_ray', 'mass']",True
file_0049337,PMC555568_1471-2482-5-4-1_undivided_1_1.webp,PMC555568_01_1471-2482-5-4-1.jpg,undivided,PMC555568_01,CC BY,7404,Chest radiograph demonstrating no obvious abnormality.,[],radiology,x_ray,thorax,thorax,frontal,"['thorax', 'radiology', 'frontal', 'x_ray']","['radiology', 'thorax', 'x_ray']",True
file_0049359,PMC5560236_tcrm-13-975Fig3_undivided_1_1.webp,PMC5560236_01_tcrm-13-975Fig3.jpg,undivided,PMC5560236_01,CC BY-NC,22342,Chest X-ray after the procedure.,['Figures 2'],radiology,x_ray,thorax,thorax,frontal,"['thorax', 'radiology', 'frontal', 'x_ray']","['radiology', 'thorax', 'x_ray']",True
file_0049433,PMC5566411_imcrj-10-275Fig1_undivided_1_1.webp,PMC5566411_01_imcrj-10-275Fig1.jpg,undivided,PMC5566411_01,CC BY-NC,23516,Chest X-ray showing left sided pleural effusion.,['Figure 1'],radiology,x_ray,thorax,thorax,frontal,"['thorax', 'radiology', 'frontal', 'x_ray']","['radiology', 'thorax', 'x_ray']",True
file_0049526,PMC5569403_SNI-8-178-g003_undivided_1_1.webp,PMC5569403_01_SNI-8-178-g003.jpg,undivided,PMC5569403_01,CC BY-NC-SA,10220,Chest film showing the upward migration of the distal catheter into the stomach and esophagus.,['Figure 3'],radiology,x_ray,thorax,thorax,frontal,"['thorax', 'radiology', 'frontal', 'x_ray']",[],True
file_0049706,PMC5586824_mpp-0023-0083-g01_undivided_1_1.webp,PMC5586824_01_mpp-0023-0083-g01.jpg,undivided,PMC5586824_01,CC BY-NC,10110,Chest X-ray showing coarse reticular infiltration extending from the right hilum to the periphery (arrows).,['fig. 1'],radiology,x_ray,thorax,thorax,frontal,"['thorax', 'radiology', 'frontal', 'x_ray']","['radiology', 'thorax', 'x_ray']",True
file_0050070,PMC5624594_imcrj-10-319Fig3_undivided_1_1.webp,PMC5624594_01_imcrj-10-319Fig3.jpg,undivided,PMC5624594_01,CC BY-NC,16348,"Chest X-ray PA view demonstrating dextrocardia, situs solitus, cardiomegaly and decreased pulmonary vascular markings. . Abbreviations: PA, postero-anterior view; R, right side.",['Figure 3'],radiology,x_ray,thorax,thorax,frontal,"['thorax', 'radiology', 'frontal', 'x_ray']","['radiology', 'thorax', 'frontal', 'x_ray']",True
file_0050288,PMC5648305_imcrj-10-341Fig1_undivided_1_1.webp,PMC5648305_01_imcrj-10-341Fig1.jpg,undivided,PMC5648305_01,CC BY-NC,10548,Nodular opacities in left upper zone periphery on chest X-ray (posteroanterior view).,['Figures 1'],radiology,x_ray,thorax,thorax,frontal,"['thorax', 'radiology', 'frontal', 'x_ray']","['radiology', 'thorax', 'frontal', 'posteroanterior', 'x_ray', 'mass']",True
file_0050289,PMC5648305_imcrj-10-341Fig2_undivided_1_1.webp,PMC5648305_01_imcrj-10-341Fig2.jpg,undivided,PMC5648305_01,CC BY-NC,9876,Nodular opacities in left upper zone periphery on chest X-ray (apical lordotic view).,['Figures 1'],radiology,x_ray,thorax,thorax,frontal,"['thorax', 'radiology', 'frontal', 'x_ray']","['radiology', 'thorax', 'x_ray', 'mass']",True
file_0050305,PMC5651686_RCR2-6-e00278-g001_undivided_1_1.webp,PMC5651686_01_RCR2-6-e00278-g001.jpg,undivided,PMC5651686_01,CC BY-NC,13554,"A chest roentgenogram taken at the patient's initial presentation showing pneumomediastinum, left clavicular fracture, and left pneumothorax. Eight days later, there was complete obstruction of the left lung, as evidenced in a reconstructed coronal view of a chest computed tomography.",['Fig. 1'],radiology,x_ray,thorax,thorax,frontal,"['thorax', 'radiology', 'frontal', 'x_ray']",['radiology'],True
file_0050375,PMC5659859_10-1055-s-0037-1607353-i170328cr-2_undivided_1_1.webp,PMC5659859_01_10-1055-s-0037-1607353-i170328cr-2.jpg,undivided,PMC5659859_01,CC BY,20542,"X-ray showing distended bowel loops in right hemithorax prior to emergency surgery in NICU. NICU, neonatal intensive care unit.",['Fig. 2'],radiology,x_ray,abdomen,abdomen,frontal,"['abdomen', 'radiology', 'frontal', 'x_ray']","['radiology', 'x_ray']",True
file_0050466,PMC5671485_fped-05-00225-g001_undivided_1_1.webp,PMC5671485_01_fped-05-00225-g001.jpg,undivided,PMC5671485_01,CC BY,9774,"Left pane:plain AP radiograph of chest and abdomen with dilated loops of bowel. Central pane:plain left lateral decubitus radiograph of abdomen with dilated bowel loops and no evidence of pneumoperitoneum. Right pane:sequential AP radiograph of abdomen showing fixed dilated ""sentinel"" loops.",['Figure 1'],radiology,x_ray,thorax,thorax,frontal,"['thorax', 'radiology', 'frontal', 'x_ray']","['radiology', 'x_ray']",True
file_0050540,PMC5677950_41525_2017_24_Fig2_HTML_b_2_4.webp,PMC5677950_01_41525_2017_24_Fig2_HTML.jpg,b,PMC5677950_01,CC BY,9572,"Skeletal features of Roifman syndrome in patients 1 and 2. B; Lateral spine X-ray of patient 1 featuring anterior vertebral notching of the lower thoracic vertebrae, and loss of lumbar lordosis.",['Fig. 2'],radiology,x_ray,pelvis,pelvis,frontal,"['pelvis', 'radiology', 'frontal', 'x_ray']","['radiology', 'x_ray']",True
file_0050594,PMC5680998_PAMJ-28-9-g001_undivided_1_1.webp,PMC5680998_01_PAMJ-28-9-g001.jpg,undivided,PMC5680998_01,CC BY,9398,Anterior mediastinal-pulmonary opacity associated with a right pleural.,['Figure 1'],radiology,x_ray,thorax,thorax,frontal,"['thorax', 'radiology', 'frontal', 'x_ray']",[],True
file_0050633,PMC5681744_fped-05-00241-g001_B_2_3.webp,PMC5681744_01_fped-05-00241-g001.jpg,b,PMC5681744_01,CC BY,3316,Images of case 1. Chest X-ray.,['Figure 1B'],radiology,x_ray,thorax,thorax,frontal,"['thorax', 'radiology', 'frontal', 'x_ray']","['radiology', 'thorax', 'x_ray']",True
file_0050746,PMC5694204_tcrm-13-1507Fig1_A_1_3.webp,PMC5694204_01_tcrm-13-1507Fig1.jpg,a,PMC5694204_01,CC BY-NC,4946,Series of chest X-rays:. On admission.,['Figure 1A'],radiology,x_ray,thorax,thorax,frontal,"['thorax', 'radiology', 'frontal', 'x_ray']","['radiology', 'thorax', 'x_ray']",True
file_0050818,PMC5705617_fsurg-04-00071-g001_undivided_1_1.webp,PMC5705617_01_fsurg-04-00071-g001.jpg,undivided,PMC5705617_01,CC BY,35068,Chest X-ray shows a mass in the upper lobe of right lung with displacement of the trachea to the left and elevation of right diaphragm.,['Figure 1'],radiology,x_ray,thorax,thorax,frontal,"['thorax', 'radiology', 'frontal', 'x_ray']","['radiology', 'thorax', 'x_ray', 'mass']",True
file_0050973,PMC5724727_PAMJ-28-70-g001_undivided_1_1.webp,PMC5724727_01_PAMJ-28-70-g001.jpg,undivided,PMC5724727_01,CC BY,1334,Chest X-ray showing gas filled bowel loops in the right hemithorax.,['Figure 1'],radiology,x_ray,thorax,thorax,frontal,"['thorax', 'radiology', 'frontal', 'x_ray']","['radiology', 'x_ray']",True
file_0051333,PMC5738651_ZJCH_A_1404418_F0001_B_undivided_1_1.webp,PMC5738651_01_ZJCH_A_1404418_F0001_B.jpg,undivided,PMC5738651_01,CC BY-NC,19176,Posterior-anterior (PA) chest radiograph demonstrating bilateral infiltrates consistent with eosinophilic pneumonia.,['Figure 1'],radiology,x_ray,thorax,thorax,frontal,"['thorax', 'radiology', 'frontal', 'x_ray']","['radiology', 'thorax', 'frontal', 'posteroanterior', 'x_ray']",True
file_0051424,PMC5749330_Tanaffos-16-166-g001_undivided_1_1.webp,PMC5749330_01_Tanaffos-16-166-g001.jpg,undivided,PMC5749330_01,CC BY,10882,Chest X-Ray radiograph shows right side white lung and mediastinal shifting to the left.,['Figure 1'],radiology,x_ray,thorax,thorax,frontal,"['thorax', 'radiology', 'frontal', 'x_ray']","['radiology', 'thorax', 'x_ray']",True
file_0051427,PMC5749330_Tanaffos-16-166-g003_A_1_2.webp,PMC5749330_01_Tanaffos-16-166-g003.jpg,a,PMC5749330_01,CC BY,15898,(A) Post-operation chest X-ray radiograph showed expanded right side lungs mild pleural effusion and thoracostomy in it.,['Figure 3'],radiology,x_ray,thorax,thorax,frontal,"['thorax', 'radiology', 'frontal', 'x_ray']","['radiology', 'thorax', 'x_ray']",True
file_0051428,PMC5749330_Tanaffos-16-166-g003_B_2_2.webp,PMC5749330_01_Tanaffos-16-166-g003.jpg,b,PMC5749330_01,CC BY,19724,"(B) After one month follow up, chest X-ray radiograph showed a normal pattern.",['Figure 3'],radiology,x_ray,thorax,thorax,frontal,"['thorax', 'radiology', 'frontal', 'x_ray']","['radiology', 'thorax', 'x_ray']",True
file_0051429,PMC5749331_Tanaffos-16-170-g001_undivided_1_1.webp,PMC5749331_01_Tanaffos-16-170-g001.jpg,undivided,PMC5749331_01,CC BY,8520,Herniation of abdominal organs into right hemithorax.,['Figure 1'],radiology,x_ray,thorax,thorax,frontal,"['thorax', 'radiology', 'frontal', 'x_ray']",[],True
file_0051504,PMC5756258_vrf-8-361-g002_undivided_1_1.webp,PMC5756258_01_vrf-8-361-g002.jpg,undivided,PMC5756258_01,CC BY,8260,"Thoracic and abdominal organs were seen normal, the sacrum and hind limbs were normal in venterodorsal radiograph.",['Figs. 1'],radiology,x_ray,thorax,thorax,frontal,"['thorax', 'radiology', 'frontal', 'x_ray']","['radiology', 'x_ray']",True
file_0051565,PMC5760869_LI-35-50-g001_undivided_1_1.webp,PMC5760869_01_LI-35-50-g001.jpg,undivided,PMC5760869_01,CC BY-NC-SA,14570,Chest radiography on admission showing right-sided pleural effusion.,[],radiology,x_ray,thorax,thorax,frontal,"['thorax', 'radiology', 'frontal', 'x_ray']","['radiology', 'thorax', 'x_ray']",True
file_0051567,PMC5760869_LI-35-50-g003_undivided_1_1.webp,PMC5760869_01_LI-35-50-g003.jpg,undivided,PMC5760869_01,CC BY-NC-SA,16512,Chest radiography postpigtail catheter drainage showing incomplete expansion of right lung.,['Figures 3'],radiology,x_ray,thorax,thorax,frontal,"['thorax', 'radiology', 'frontal', 'x_ray']","['radiology', 'thorax', 'x_ray']",True
file_0051578,PMC5760871_LI-35-58-g001_undivided_1_1.webp,PMC5760871_01_LI-35-58-g001.jpg,undivided,PMC5760871_01,CC BY-NC-SA,14084,Roentgenogram of chest demonstrating multilobar pneumonia.,['Figure 1'],radiology,x_ray,thorax,thorax,frontal,"['thorax', 'radiology', 'frontal', 'x_ray']","['radiology', 'thorax', 'x_ray']",True
file_0051582,PMC5760873_LI-35-66-g001_b_2_2.webp,PMC5760873_01_LI-35-66-g001.jpg,b,PMC5760873_01,CC BY-NC-SA,5240,Chest X-ray image showing complete white-out of left lung.,['Figure 1'],radiology,x_ray,thorax,thorax,frontal,"['thorax', 'radiology', 'frontal', 'x_ray']","['radiology', 'thorax', 'x_ray']",True
file_0051589,PMC5760873_LI-35-66-g004_undivided_1_1.webp,PMC5760873_01_LI-35-66-g004.jpg,undivided,PMC5760873_01,CC BY-NC-SA,19636,Chest X-ray showing complete expansion of previously collapsed left lung after starting chemotherapy.,['Figure 4'],radiology,x_ray,thorax,thorax,frontal,"['thorax', 'radiology', 'frontal', 'x_ray']","['radiology', 'thorax', 'x_ray']",True
file_0051597,PMC5760875_LI-35-73-g005_a_1_2.webp,PMC5760875_01_LI-35-73-g005.jpg,a,PMC5760875_01,CC BY-NC-SA,7330,(a) Pulmonary angiogram showing filling defects in the right middle lobe and right lower lobe.,['Figure 3a and b'],radiology,x_ray,thorax,thorax,frontal,"['thorax', 'radiology', 'frontal', 'x_ray']","['radiology', 'angiography']",True
file_0051598,PMC5760875_LI-35-73-g005_b_2_2.webp,PMC5760875_01_LI-35-73-g005.jpg,b,PMC5760875_01,CC BY-NC-SA,7562,(b) Pulmonary angiogram showing filling defects on the left side.,['Figure 3a and b'],radiology,x_ray,abdomen,abdomen,frontal,"['abdomen', 'radiology', 'frontal', 'x_ray']","['radiology', 'angiography']",True
file_0051857,PMC5771369_cjim-9-100-g003_undivided_1_1.webp,PMC5771369_01_cjim-9-100-g003.jpg,undivided,PMC5771369_01,CC BY,12632,Chest x-rays showed mediastinal enlargement and a reticulonodular infiltrate in the middle and lower lungs.,[],radiology,x_ray,thorax,thorax,frontal,"['thorax', 'radiology', 'frontal', 'x_ray']","['radiology', 'thorax', 'x_ray']",True
file_0051863,PMC5771874_CCR3-6-27-g001_A_1_5.webp,PMC5771874_01_CCR3-6-27-g001.jpg,a,PMC5771874_01,CC BY-NC,2300,Chest X-ray.,['Fig. 1A'],radiology,x_ray,thorax,thorax,frontal,"['thorax', 'radiology', 'frontal', 'x_ray']","['radiology', 'thorax', 'x_ray']",True
file_0051872,PMC5771874_CCR3-6-27-g003_A_1_4.webp,PMC5771874_01_CCR3-6-27-g003.jpg,a,PMC5771874_01,CC BY-NC,6452,Images after two cycles of combination chemotherapy: chest X-ray The atelectasis of the right lung disappeared.,['Fig. 3A-D'],radiology,x_ray,thorax,thorax,frontal,"['thorax', 'radiology', 'frontal', 'x_ray']","['radiology', 'thorax', 'x_ray']",True
file_0051944,PMC5772109_ATM-13-55-g002_undivided_1_1.webp,PMC5772109_01_ATM-13-55-g002.jpg,undivided,PMC5772109_01,CC BY-NC-SA,6924,Chest radiography in lateral view showing prominent right ventricle.,[],radiology,x_ray,thorax,thorax,sagittal,"['thorax', 'radiology', 'sagittal', 'x_ray']","['radiology', 'thorax', 'sagittal', 'x_ray']",True
file_0052145,PMC5779778_medi-97-e9667-g002_A_1_4.webp,PMC5779778_01_medi-97-e9667-g002.jpg,a,PMC5779778_01,CC BY,8406,Postoperative CT scan. (A) Chest X-ray was normal.,['Fig. 2A'],radiology,x_ray,thorax,thorax,frontal,"['thorax', 'radiology', 'frontal', 'x_ray']",['radiology'],True
file_0052215,PMC5784280_JLP-10-109-g001_a_1_3.webp,PMC5784280_01_JLP-10-109-g001.jpg,a,PMC5784280_01,CC BY-NC-SA,6084,(a) X-ray chest showing patchy opacity on the left midzone and right paracardiac region (pneumonitis) along with left hilar and right basal infection (alveolar proteinosis).,['Figure 1a'],radiology,x_ray,thorax,thorax,frontal,"['thorax', 'radiology', 'frontal', 'x_ray']","['radiology', 'thorax', 'x_ray', 'mass']",True
file_0052334,PMC5789471_SJA-12-121-g001_undivided_1_1.webp,PMC5789471_01_SJA-12-121-g001.jpg,undivided,PMC5789471_01,CC BY-NC-SA,18142,Chest radiograph showed a near total collapse of the left lung parenchyma.,[],radiology,x_ray,thorax,thorax,frontal,"['thorax', 'radiology', 'frontal', 'x_ray']","['radiology', 'thorax', 'x_ray']",True
file_0052338,PMC5789471_SJA-12-121-g005_undivided_1_1.webp,PMC5789471_01_SJA-12-121-g005.jpg,undivided,PMC5789471_01,CC BY-NC-SA,20408,A chest radiograph showed the resolution of the near total collapse of the left lung parenchyma.,['Figure 5'],radiology,x_ray,thorax,thorax,frontal,"['thorax', 'radiology', 'frontal', 'x_ray']","['radiology', 'thorax', 'x_ray']",True
file_0052340,PMC5789474_SJA-12-131-g001_undivided_1_1.webp,PMC5789474_01_SJA-12-131-g001.jpg,undivided,PMC5789474_01,CC BY-NC-SA,14942,"Chest X-ray suggestive of widened mediastinum (1), bilateral pleural effusion (2), and intercostal drains (3).",['Figure 1'],radiology,x_ray,thorax,thorax,frontal,"['thorax', 'radiology', 'frontal', 'x_ray']","['radiology', 'thorax', 'x_ray']",True
file_0052379,PMC5791489_ACA-21-57-g001_undivided_1_1.webp,PMC5791489_01_ACA-21-57-g001.jpg,undivided,PMC5791489_01,CC BY-NC-SA,16882,Chest radiograph showing VNS device (VNS= Vagal nerve stimulator).,['Figure 1'],radiology,x_ray,thorax,thorax,frontal,"['thorax', 'radiology', 'frontal', 'x_ray']","['radiology', 'thorax', 'x_ray']",True
file_0052392,PMC5791495_ACA-21-71-g002_a_1_2.webp,PMC5791495_01_ACA-21-71-g002.jpg,a,PMC5791495_01,CC BY-NC-SA,7984,Postoperative X-ray imaging of two large exostoses at the base of neck in thoracic outlet.,['Figure 2a'],radiology,x_ray,thorax,thorax,frontal,"['thorax', 'radiology', 'frontal', 'x_ray']","['radiology', 'thorax', 'x_ray']",True
file_0052400,PMC5791498_ACA-21-78-g001_undivided_1_1.webp,PMC5791498_01_ACA-21-78-g001.jpg,undivided,PMC5791498_01,CC BY-NC-SA,14598,Descending aortogram showing no significant aortopulmonary collateral from descending aorta.,['Figure 1'],radiology,x_ray,thorax,thorax,frontal,"['thorax', 'radiology', 'frontal', 'x_ray']",[],True
file_0052401,PMC5791498_ACA-21-78-g002_undivided_1_1.webp,PMC5791498_01_ACA-21-78-g002.jpg,undivided,PMC5791498_01,CC BY-NC-SA,26184,Collaterals from the right subclavian artery. Injection into right subclavian artery in anteroposterior view showing multiple small collaterals (within bigger red circle) towards right upper lobe. Reformation of only distal right upper lobe branch of pulmonary artery seen (within small red circle).,['Figure 2'],radiology,x_ray,thorax,thorax,frontal,"['thorax', 'radiology', 'frontal', 'x_ray']","['radiology', 'frontal', 'anteroposterior']",True
file_0052402,PMC5791498_ACA-21-78-g003_undivided_1_1.webp,PMC5791498_01_ACA-21-78-g003.jpg,undivided,PMC5791498_01,CC BY-NC-SA,29670,"Right modified Blalock-Taussig shunt injection. Injection into right modified Blalock-Taussig shunt showing filling of confluent pulmonary arteries. Right pulmonary artery of moderate size and left PA of good size. Mild narrowing of right PA at RmBTS anastomosis site seen. Right PA upper lobe branch is cut off. Abbreviations: RmBTS- right modified Blalock-Taussig shunt, PA: Pulmonary artery.",['Figure 3'],radiology,x_ray,thorax,thorax,frontal,"['thorax', 'radiology', 'frontal', 'x_ray']",[],True
file_0052403,PMC5791498_ACA-21-78-g004_undivided_1_1.webp,PMC5791498_01_ACA-21-78-g004.jpg,undivided,PMC5791498_01,CC BY-NC-SA,28424,Chest X-ray anteroposterior view showing haziness in the right upper and middle lobes of the lung.,['Figure 4'],radiology,x_ray,thorax,thorax,frontal,"['thorax', 'radiology', 'frontal', 'x_ray']","['radiology', 'thorax', 'frontal', 'anteroposterior', 'x_ray']",True
file_0052404,PMC5791501_ACA-21-85-g001_undivided_1_1.webp,PMC5791501_01_ACA-21-85-g001.jpg,undivided,PMC5791501_01,CC BY-NC-SA,24596,Chest X-ray showing anterior mediastinal mass.,[],radiology,x_ray,thorax,thorax,frontal,"['thorax', 'radiology', 'frontal', 'x_ray']","['radiology', 'thorax', 'x_ray', 'mass']",True
file_0052417,PMC5791506_ACA-21-99-g001_undivided_1_1.webp,PMC5791506_01_ACA-21-99-g001.jpg,undivided,PMC5791506_01,CC BY-NC-SA,18134,Postoperative chest X-ray showing pneumopericardium - air within the pericardial cavity (1) following minimally invasive atrial septal defect closure with intercostal drain tube (2) in situ.,['Figure 1'],radiology,x_ray,thorax,thorax,frontal,"['thorax', 'radiology', 'frontal', 'x_ray']","['radiology', 'thorax', 'x_ray']",True
file_0052455,PMC5793026_IJCCM-22-51-g001_a_1_2.webp,PMC5793026_01_IJCCM-22-51-g001.jpg,a,PMC5793026_01,CC BY-NC-SA,5536,Right Foot edema with peripheral Cyanosis.,['Figure 1'],radiology,x_ray,upper_limb,elbow,sagittal,"['radiology', 'upper_limb', 'sagittal', 'elbow', 'x_ray']",[],True
file_0052685,PMC5803982_APC-11-79-g002_a_1_5.webp,PMC5803982_01_APC-11-79-g002.jpg,a,PMC5803982_01,CC BY-NC-SA,3240,(a) Angiogram in the right lower pulmonary vein depicting severe stenosis (arrow) of the right pulmonary venous confluence.,['Figure 2a'],radiology,x_ray,thorax,thorax,oblique,"['thorax', 'radiology', 'oblique', 'x_ray']","['radiology', 'angiography']",True
file_0052686,PMC5803982_APC-11-79-g002_b_2_5.webp,PMC5803982_01_APC-11-79-g002.jpg,b,PMC5803982_01,CC BY-NC-SA,2980,"(b) Right pulmonary venous confluence being dilated with a 3.5 mm x 15 mm sprinter coronary balloon (Medtronic, Inc. , Minneapolis, MN, USA). Note the tight waist being formed in the center of the balloon.",['Figure 2b'],radiology,x_ray,thorax,thorax,oblique,"['thorax', 'radiology', 'oblique', 'x_ray']",[],True
file_0052687,PMC5803982_APC-11-79-g002_c_3_5.webp,PMC5803982_01_APC-11-79-g002.jpg,c,PMC5803982_01,CC BY-NC-SA,3074,(c) Angiogram of the right common pulmonary venous confluence showing the presence of residual discrete narrowing.,['Figure 2c'],radiology,x_ray,thorax,thorax,oblique,"['thorax', 'radiology', 'oblique', 'x_ray']","['radiology', 'angiography']",True
file_0052688,PMC5803982_APC-11-79-g002_d_4_5.webp,PMC5803982_01_APC-11-79-g002.jpg,d,PMC5803982_01,CC BY-NC-SA,2998,"(d) Right common pulmonary venous confluence being dilated with an 8 mm x 3 cm Opta. Pro Balloon (Cordis, Miami, FL, USA).",['Figure 2d'],radiology,x_ray,thorax,thorax,oblique,"['thorax', 'radiology', 'oblique', 'x_ray']",[],True
file_0052689,PMC5803982_APC-11-79-g002_e_5_5.webp,PMC5803982_01_APC-11-79-g002.jpg,e,PMC5803982_01,CC BY-NC-SA,3062,(e) Final angiogram showing well open segment of the right common pulmonary vein without any residual narrowing.,['Figure 2e'],radiology,x_ray,thorax,thorax,oblique,"['thorax', 'radiology', 'oblique', 'x_ray']","['radiology', 'angiography']",True
file_0052704,PMC5803985_APC-11-89-g001_b_2_2.webp,PMC5803985_01_APC-11-89-g001.jpg,b,PMC5803985_01,CC BY-NC-SA,5316,"Posteroanterior. Views showing a small tubular AD (asterisk) and tiny systemic-to-pulmonary collaterals (white arrow) causing moderate left-to-right shunt that resulted in significant pulmonary artery opacification. Multiple, tortuous fistulous channels were faintly imaged within in the lower lobe of the left lung possibly due to their ""suction"" effect. Ao: Aorta, LPA: Left pulmonary artery, PA: Pulmonary artery.","['Figure 1b', 'Figure 1']",radiology,x_ray,thorax,thorax,frontal,"['thorax', 'radiology', 'frontal', 'x_ray']",['radiology'],True
file_0052705,PMC5803985_APC-11-89-g002_a_1_2.webp,PMC5803985_01_APC-11-89-g002.jpg,a,PMC5803985_01,CC BY-NC-SA,4402,"(a) Aortic angiography after closure of both AD and aortopulmonary collateral with an ADO II-AS (asterisk) and a AVP Type IV (double asterisk), respectively.",['Figure 2'],radiology,x_ray,thorax,thorax,frontal,"['thorax', 'radiology', 'frontal', 'x_ray']","['radiology', 'angiography']",True
file_0052706,PMC5803985_APC-11-89-g002_b_2_2.webp,PMC5803985_01_APC-11-89-g002.jpg,b,PMC5803985_01,CC BY-NC-SA,5958,"(b) After the disappearance of the left-to-right shunt, multiple, large fistulous pulmonary arteriovenous communications (white arrows) became evident angiographically and clinically. Ao: Aorta, LPA: Left pulmonary artery.",['Figure 2'],radiology,x_ray,thorax,thorax,sagittal,"['thorax', 'radiology', 'sagittal', 'x_ray']","['radiology', 'sagittal']",True
file_0052707,PMC5803985_APC-11-89-g003_a_1_2.webp,PMC5803985_01_APC-11-89-g003.jpg,a,PMC5803985_01,CC BY-NC-SA,9156,Pulmonary angiography in posteroanterior.,['Figure 3'],radiology,x_ray,abdomen,abdomen,frontal,"['abdomen', 'radiology', 'frontal', 'x_ray']","['radiology', 'frontal', 'posteroanterior', 'angiography']",True
file_0052708,PMC5803985_APC-11-89-g003_b_2_2.webp,PMC5803985_01_APC-11-89-g003.jpg,b,PMC5803985_01,CC BY-NC-SA,6706,"Lateral. Views showing the complete disappearance of the right-to-left shunt at the left lung lower lobe after deployment of several AVP Type IV devices. Ao: Aorta, LPA: Left pulmonary artery.",['Figure 3'],radiology,x_ray,abdomen,abdomen,oblique,"['abdomen', 'radiology', 'oblique', 'x_ray']",[],True
file_0052732,PMC5804607_40981_2017_96_Fig1_HTML_undivided_1_1.webp,PMC5804607_01_40981_2017_96_Fig1_HTML.jpg,undivided,PMC5804607_01,CC BY,6010,Chest radiograph indicated bilateral pleural effusion and pulmonary congestion.,['Fig. 1'],radiology,x_ray,thorax,thorax,frontal,"['thorax', 'radiology', 'frontal', 'x_ray']","['radiology', 'thorax', 'x_ray']",True
file_0052735,PMC5804607_40981_2017_96_Fig4_HTML_undivided_1_1.webp,PMC5804607_01_40981_2017_96_Fig4_HTML.jpg,undivided,PMC5804607_01,CC BY,5712,Chest radiograph indicated extensive bilateral infiltrates.,[],radiology,x_ray,thorax,thorax,frontal,"['thorax', 'radiology', 'frontal', 'x_ray']","['radiology', 'thorax', 'x_ray']",True
file_0052745,PMC5804616_40981_2017_102_Fig2_HTML_undivided_1_1.webp,PMC5804616_01_40981_2017_102_Fig2_HTML.jpg,undivided,PMC5804616_01,CC BY,7230,Postoperative chest X-ray showed right pneumothorax (arrows). The decrease in radiolucency in the left chest is considered to be due to pleural effusion.,['Fig. 2'],radiology,x_ray,thorax,thorax,frontal,"['thorax', 'radiology', 'frontal', 'x_ray']","['radiology', 'thorax', 'x_ray']",True
file_0052746,PMC5804618_40981_2017_103_Fig1_HTML_undivided_1_1.webp,PMC5804618_01_40981_2017_103_Fig1_HTML.jpg,undivided,PMC5804618_01,CC BY,7052,The chest X-ray shows diffuse consolidation of the left lung due to massive bleeding. A single-lumen endotracheal tube is placed in the right main bronchus.,['Fig. 1'],radiology,x_ray,thorax,thorax,frontal,"['thorax', 'radiology', 'frontal', 'x_ray']","['radiology', 'thorax', 'x_ray']",True
file_0052864,PMC5813663_40981_2017_79_Fig1_HTML_undivided_1_1.webp,PMC5813663_01_40981_2017_79_Fig1_HTML.jpg,undivided,PMC5813663_01,CC BY,5372,Chest X-ray images taken prior to the surgery.,['Figure 1'],radiology,x_ray,thorax,thorax,frontal,"['thorax', 'radiology', 'frontal', 'x_ray']","['radiology', 'thorax', 'x_ray']",True
file_0052879,PMC5813763_40981_2016_68_Fig1_HTML_a_1_2.webp,PMC5813763_01_40981_2016_68_Fig1_HTML.jpg,a,PMC5813763_01,CC BY,7632,A; An original chest X-ray is shown.,['Fig. 1'],radiology,x_ray,thorax,thorax,frontal,"['thorax', 'radiology', 'frontal', 'x_ray']","['radiology', 'thorax', 'x_ray']",True
file_0052957,PMC5820059_10-1055-s-0038-1623537-i170330cr-3_A_1_2.webp,PMC5820059_01_10-1055-s-0038-1623537-i170330cr-3.jpg,a,PMC5820059_01,CC BY,12296,"Postoperative results X-ray. (
A
) Anteroposterior (AP) chest X-ray after Nuss procedure.",['Figs. 3'],radiology,x_ray,thorax,thorax,frontal,"['thorax', 'radiology', 'frontal', 'x_ray']","['radiology', 'thorax', 'x_ray']",True
file_0052958,PMC5820059_10-1055-s-0038-1623537-i170330cr-3_B_2_2.webp,PMC5820059_01_10-1055-s-0038-1623537-i170330cr-3.jpg,b,PMC5820059_01,CC BY,5942,"Postoperative results X-ray. (
B
) Lateral chest X-ray after Nuss procedure. (c) AP chest X-ray after Nuss bar removal 2 years after placement.",['Figs. 3'],radiology,x_ray,thorax,thorax,frontal,"['thorax', 'radiology', 'frontal', 'x_ray']","['radiology', 'thorax', 'x_ray']",True
file_0053055,PMC5820873_AJNS-13-147-g002_a_1_2.webp,PMC5820873_01_AJNS-13-147-g002.jpg,a,PMC5820873_01,CC BY-NC-SA,3814,Posteroanterior chest radiograph demonstrating pacemaker.,['Figure 2'],radiology,x_ray,thorax,thorax,frontal,"['thorax', 'radiology', 'frontal', 'x_ray']","['radiology', 'thorax', 'frontal', 'posteroanterior', 'x_ray']",True
file_0053056,PMC5820873_AJNS-13-147-g002_b_2_2.webp,PMC5820873_01_AJNS-13-147-g002.jpg,b,PMC5820873_01,CC BY-NC-SA,3976,"Posteroanterior chest radiograph demonstrating pacemaker. Corresponds with nonmagnetic resonance imaging compatible device whereas. The new, magnetic resonance imaging compatible pacemaker in place.",['Figure 2'],radiology,x_ray,thorax,thorax,frontal,"['thorax', 'radiology', 'frontal', 'x_ray']",['radiology'],True
file_0053353,PMC5828286_autopsy-08-01e2018004-g02_undivided_1_1.webp,PMC5828286_01_autopsy-08-01e2018004-g02.jpg,undivided,PMC5828286_01,CC BY-NC,15006,Chest x-ray showing expanded cardiothymic silhouette and persistent pneumothorax despite chest tube insertion.,['Figure 2'],radiology,x_ray,thorax,thorax,frontal,"['thorax', 'radiology', 'frontal', 'x_ray']","['radiology', 'thorax', 'x_ray']",True
file_0053501,PMC5836172_cro-0011-0049-g02_a_1_2.webp,PMC5836172_01_cro-0011-0049-g02.jpg,a,PMC5836172_01,CC BY-NC,22098,Chest radiography.,['Figure 2'],radiology,x_ray,thorax,thorax,frontal,"['thorax', 'radiology', 'frontal', 'x_ray']","['radiology', 'thorax', 'x_ray']",True
file_0053528,PMC5836208_cro-0011-0075-g03_right_2_2.webp,PMC5836208_01_cro-0011-0075-g03.jpg,right,PMC5836208_01,CC BY-NC,9674,Diffuse infiltrative shadows were observed in both lung fields (right).,['Fig. 3'],radiology,x_ray,thorax,thorax,frontal,"['thorax', 'radiology', 'frontal', 'x_ray']",[],True
file_0053768,PMC5848591_13030_2018_122_Fig1_HTML_left_1_2.webp,PMC5848591_01_13030_2018_122_Fig1_HTML.jpg,left,PMC5848591_01,CC BY,3888,Chest X-ray and chest CT of case 1 Chest X-ray.,[],radiology,x_ray,thorax,thorax,frontal,"['thorax', 'radiology', 'frontal', 'x_ray']",['radiology'],True
file_0054004,PMC5862910_12254_2018_388_Fig3_HTML_undivided_1_1.webp,PMC5862910_01_12254_2018_388_Fig3_HTML.jpg,undivided,PMC5862910_01,CC BY,18484,Chest X-ray post placement of left hemithorax pigtail catheter with drainage and significant decrease in large left pleural effusion.,['Fig. 3'],radiology,x_ray,thorax,thorax,frontal,"['thorax', 'radiology', 'frontal', 'x_ray']","['radiology', 'thorax', 'x_ray']",True
file_0054059,PMC5864518_10-1055-s-0037-1621707-i170331cr-1_undivided_1_1.webp,PMC5864518_01_10-1055-s-0037-1621707-i170331cr-1.jpg,undivided,PMC5864518_01,CC BY,19426,Chest X-ray showing a lesion in the right hemithorax situated within the right atrial shadow.,['Fig. 1'],radiology,x_ray,thorax,thorax,frontal,"['thorax', 'radiology', 'frontal', 'x_ray']","['radiology', 'thorax', 'x_ray', 'mass']",True
file_0054095,PMC5865551_ott-11-1595Fig5_A_1_1.webp,PMC5865551_01_ott-11-1595Fig5.jpg,a,PMC5865551_01,CC BY-NC,11754,"Chest X-ray. . Note: Left pleural effusion, pleural thickening, and scoliosis were detected. . Abbreviations: R, right; P-A, posteroanterior.",['Figure 5'],radiology,x_ray,thorax,thorax,frontal,"['thorax', 'radiology', 'frontal', 'x_ray']","['radiology', 'thorax', 'frontal', 'posteroanterior', 'x_ray']",True
file_0054543,PMC5894323_IJRI-28-65-g001_right_1_1.webp,PMC5894323_01_IJRI-28-65-g001.jpg,right,PMC5894323_01,CC BY-NC-SA,21456,"Thoraco-abdominal radiograph showing over-distended, right-sided stomach (red arrow) with narrow thoracic cage and short horizontally oriented ribs.",['Figure 1'],radiology,x_ray,thorax,thorax,frontal,"['thorax', 'radiology', 'frontal', 'x_ray']","['radiology', 'x_ray']",True
file_0054544,PMC5894323_IJRI-28-65-g002_undivided_1_1.webp,PMC5894323_01_IJRI-28-65-g002.jpg,undivided,PMC5894323_01,CC BY-NC-SA,14798,"Plain radiograph of the thorax shows a narrow thorax, short, horizontally oriented ribs with expanded anterior ends (yellow arrows), ""handle-bar"" appearance of clavicles (white arrows) along with dextrocardia. Over-distended stomach is seen on the right side of the abdomen (red arrow).",['Figure 2'],radiology,x_ray,thorax,thorax,frontal,"['thorax', 'radiology', 'frontal', 'x_ray']","['radiology', 'x_ray']",True
file_0054640,PMC5903104_cro-0011-0185-g03_a_1_3.webp,PMC5903104_02_cro-0011-0185-g03.jpg,a,PMC5903104_02,CC BY-NC,2594,Case 2 was a 53-year-old male with malignant thymoma who was receiving chemotherapy. A; The initial chest X-ray showed a large mediastinal mass.,['Fig. 3a'],radiology,x_ray,thorax,thorax,frontal,"['thorax', 'radiology', 'frontal', 'x_ray']","['radiology', 'thorax', 'malignant', 'x_ray', 'mass']",True
file_0054748,PMC5905520_imcrj-11-087Fig1_undivided_1_1.webp,PMC5905520_01_imcrj-11-087Fig1.jpg,undivided,PMC5905520_01,CC BY-NC,6182,Chest X-ray showed an infiltrative process in the left lower lung field and a left sided pleural effusion.,['Figure 1'],radiology,x_ray,thorax,thorax,frontal,"['thorax', 'radiology', 'frontal', 'x_ray']","['radiology', 'thorax', 'x_ray']",True
file_0054804,PMC5906769_ZJCH_A_1440854_F0001_B_undivided_1_1.webp,PMC5906769_01_ZJCH_A_1440854_F0001_B.jpg,undivided,PMC5906769_01,CC BY-NC,114398,Chest x-ray: Right lower lobe consolidation with right-side pleural effusion.,['Figure 1'],radiology,x_ray,thorax,thorax,frontal,"['thorax', 'radiology', 'frontal', 'x_ray']","['radiology', 'thorax', 'x_ray']",True
file_0054805,PMC5906769_ZJCH_A_1440854_F0002_B_undivided_1_1.webp,PMC5906769_01_ZJCH_A_1440854_F0002_B.jpg,undivided,PMC5906769_01,CC BY-NC,128936,Chest x-ray: No evidence of active lung disease.,['Figure 2'],radiology,x_ray,thorax,thorax,frontal,"['thorax', 'radiology', 'frontal', 'x_ray']","['radiology', 'thorax', 'x_ray']",True
file_0055052,PMC5932914_IJOEM-22-54-g002_undivided_1_1.webp,PMC5932914_01_IJOEM-22-54-g002.jpg,undivided,PMC5932914_01,CC BY-NC-SA,14082,Chest X-ray PA view on admission.,['Figure 2'],radiology,x_ray,thorax,thorax,frontal,"['thorax', 'radiology', 'frontal', 'x_ray']","['radiology', 'thorax', 'frontal', 'posteroanterior', 'x_ray']",True
file_0055094,PMC5936485_tcrm-14-811Fig1_A_1_2.webp,PMC5936485_01_tcrm-14-811Fig1.jpg,a,PMC5936485_01,CC BY-NC,6418,Pictures of chest radiographs during ECMO therapy. . Note:. Two hours post ECMO.,['Figure 1A'],radiology,x_ray,thorax,thorax,frontal,"['thorax', 'radiology', 'frontal', 'x_ray']","['radiology', 'thorax', 'x_ray']",True
file_0055095,PMC5936485_tcrm-14-811Fig1_B_2_2.webp,PMC5936485_01_tcrm-14-811Fig1.jpg,b,PMC5936485_01,CC BY-NC,6776,"Pictures of chest radiographs during ECMO therapy. 6 days post ECMO. . Abbreviation: ECMO, extracorporeal membrane oxygenation.",['Figure 1B'],radiology,x_ray,thorax,thorax,frontal,"['thorax', 'radiology', 'frontal', 'x_ray']","['radiology', 'thorax', 'x_ray']",True
file_0055133,PMC5938895_SNI-9-93-g002_a_1_4.webp,PMC5938895_01_SNI-9-93-g002.jpg,a,PMC5938895_01,CC BY-NC-SA,6880,Imaging of multiple pulmonary nodules in the left lower and upper lobe seen on lateral.,['Figure 2'],radiology,x_ray,thorax,thorax,sagittal,"['thorax', 'radiology', 'sagittal', 'x_ray']",[],True
file_0055140,PMC5939033_JCIS-8-17-g003_a_1_4.webp,PMC5939033_01_JCIS-8-17-g003.jpg,a,PMC5939033_01,CC BY-NC-SA,5796,(a and b) Chest X-ray and coronal computed tomography reformation demonstrating the right pectoralis muscle flap (*) and Clagett window (arrow).,['Figure 2'],radiology,x_ray,thorax,thorax,frontal,"['thorax', 'radiology', 'frontal', 'x_ray']",['radiology'],True
file_0055238,PMC5943883_medi-97-e9344-g001_undivided_1_1.webp,PMC5943883_01_medi-97-e9344-g001.jpg,undivided,PMC5943883_01,CC BY,41154,The posteroanterior chest x-ray demonstrating abnormal left heart border.,['Fig. 1'],radiology,x_ray,thorax,thorax,frontal,"['thorax', 'radiology', 'frontal', 'x_ray']","['radiology', 'thorax', 'frontal', 'posteroanterior', 'x_ray']",True
file_0055361,PMC5957066_idr-11-701Fig1_undivided_1_1.webp,PMC5957066_01_idr-11-701Fig1.jpg,undivided,PMC5957066_01,CC BY-NC,13636,Chest X-ray at the onset of pneumonitis. . Note: Chest X-ray did not show major abnormal shadows.,['Figure 1'],radiology,x_ray,thorax,thorax,frontal,"['thorax', 'radiology', 'frontal', 'x_ray']","['radiology', 'thorax', 'x_ray']",True
file_0055399,PMC5960230_Tanaffos-16-245-g001_A_1_2.webp,PMC5960230_01_Tanaffos-16-245-g001.jpg,a,PMC5960230_01,CC BY,19770,Chest X ray: left sided perihilar opacity.,['Figure 1A'],radiology,x_ray,thorax,thorax,frontal,"['thorax', 'radiology', 'frontal', 'x_ray']",[],True
file_0055485,PMC5965012_HV-19-27-g003_undivided_1_1.webp,PMC5965012_01_HV-19-27-g003.jpg,undivided,PMC5965012_01,CC BY-NC-SA,21216,Chest X-ray with displacement of ventricular lead in the right ventricle and twisted lead near generator.,['Figure 3'],radiology,x_ray,thorax,thorax,frontal,"['thorax', 'radiology', 'frontal', 'x_ray']","['radiology', 'thorax', 'x_ray']",True
file_0055616,PMC5973320_tacg-11-069Fig1_D_4_5.webp,PMC5973320_01_tacg-11-069Fig1.jpg,d,PMC5973320_01,CC BY-NC,2882,"Patient phenotype and postmortem X-rays. (D, E) Postmortem X-ray. Lateral and frontal views showing deficient mineralization of the calvaria and vertebral bodies, unossified sacrum, hypoplastic thorax, and markedly short and beaded ribs with flared and spurred ends.",['Figure 1'],radiology,x_ray,head,head,sagittal,"['head', 'radiology', 'sagittal', 'x_ray']","['radiology', 'x_ray']",True
file_0055617,PMC5973320_tacg-11-069Fig1_E_5_5.webp,PMC5973320_01_tacg-11-069Fig1.jpg,e,PMC5973320_01,CC BY-NC,2722,"Patient phenotype and postmortem X-rays. (D, E) Postmortem X-ray. Lateral and frontal views showing deficient mineralization of the calvaria and vertebral bodies, unossified sacrum, hypoplastic thorax, and markedly short and beaded ribs with flared and spurred ends.",['Figure 1'],radiology,x_ray,abdomen,abdomen,axial,"['abdomen', 'radiology', 'axial', 'x_ray']","['radiology', 'x_ray']",True
file_0055824,PMC5982497_JPN-13-78-g001_undivided_1_1.webp,PMC5982497_01_JPN-13-78-g001.jpg,undivided,PMC5982497_01,CC BY-NC-SA,34232,Chest x-ray showing shunt breakage at clavicular level and the tip of the shunt dislodged in the pulmonary artery.,['Figure 1'],radiology,x_ray,thorax,thorax,frontal,"['thorax', 'radiology', 'frontal', 'x_ray']","['radiology', 'thorax', 'x_ray']",True
file_0055825,PMC5982497_JPN-13-78-g002_undivided_1_1.webp,PMC5982497_01_JPN-13-78-g002.jpg,undivided,PMC5982497_01,CC BY-NC-SA,29918,Chest x-ray showing the retrieval of the VA shunt through the femoral vein.,['Figure 2'],radiology,x_ray,thorax,thorax,frontal,"['thorax', 'radiology', 'frontal', 'x_ray']","['radiology', 'thorax', 'x_ray']",True
file_0055857,PMC5987074_PAMJ-29-57-g001_undivided_1_1.webp,PMC5987074_01_PAMJ-29-57-g001.jpg,undivided,PMC5987074_01,CC BY,27380,The patient's chest X-ray.,[],radiology,x_ray,thorax,thorax,frontal,"['thorax', 'radiology', 'frontal', 'x_ray']","['radiology', 'thorax', 'x_ray']",True
file_0055886,PMC5989252_PAMJ-28-240-g001_undivided_1_1.webp,PMC5989252_01_PAMJ-28-240-g001.jpg,undivided,PMC5989252_01,CC BY,14008,Thorax X-ray at the arrival.,['Figure 1'],radiology,x_ray,thorax,thorax,frontal,"['thorax', 'radiology', 'frontal', 'x_ray']","['radiology', 'thorax', 'x_ray']",True
file_0055954,PMC5991269_SNI-9-113-g002_undivided_1_1.webp,PMC5991269_01_SNI-9-113-g002.jpg,undivided,PMC5991269_01,CC BY-NC-SA,22050,Postoperative plain thoracic X-ray (lateral view) showing vertebral body cage placement and posterior construct with fixation at T6-T7 and T10-T11.,['Figure 2'],radiology,x_ray,thorax,thorax,sagittal,"['thorax', 'radiology', 'sagittal', 'x_ray']","['radiology', 'thorax', 'sagittal', 'x_ray']",True
file_0055955,PMC5991269_SNI-9-113-g003_a_1_2.webp,PMC5991269_01_SNI-9-113-g003.jpg,a,PMC5991269_01,CC BY-NC-SA,9530,"At 1-year follow-up, imaging of thoracic spine. Plain lateral X-ray.",['Figure 3'],radiology,x_ray,thorax,thorax,frontal,"['thorax', 'radiology', 'frontal', 'x_ray']","['radiology', 'thorax', 'x_ray']",True
file_0056081,PMC5996915_fped-06-00116-g0001_b_2_2.webp,PMC5996915_01_fped-06-00116-g0001.jpg,b,PMC5996915_01,CC BY,7870,Postoperative x-rays. Of the index patient. Arrowheads mark the pneumothorax in (b).,['Figure 1b'],radiology,x_ray,thorax,thorax,frontal,"['thorax', 'radiology', 'frontal', 'x_ray']","['radiology', 'x_ray']",True
file_0056103,PMC5998281_ZJCH_A_1466601_F0003_B_undivided_1_1.webp,PMC5998281_01_ZJCH_A_1466601_F0003_B.jpg,undivided,PMC5998281_01,CC BY,17214,Chest radiograph done on day 6 shows improvement in bilateral infiltrates.,['Figure 3'],radiology,x_ray,thorax,thorax,frontal,"['thorax', 'radiology', 'frontal', 'x_ray']","['radiology', 'thorax', 'x_ray']",True
file_0056104,PMC5998281_ZJCH_A_1466601_F0004_B_undivided_1_1.webp,PMC5998281_01_ZJCH_A_1466601_F0004_B.jpg,undivided,PMC5998281_01,CC BY,13264,Chest radiograph done after discharge showed resolution of pulmonary infiltrates.,['Figure 4'],radiology,x_ray,thorax,thorax,frontal,"['thorax', 'radiology', 'frontal', 'x_ray']","['radiology', 'thorax', 'x_ray']",True
file_0056109,PMC5998285_ZJCH_A_1472514_F0001_PB_left_1_2.webp,PMC5998285_01_ZJCH_A_1472514_F0001_PB.jpg,left,PMC5998285_01,CC BY,9054,Chest X-ray showing large right pneumothorax with collapsed lung (left).,['Figure 1'],radiology,x_ray,thorax,thorax,frontal,"['thorax', 'radiology', 'frontal', 'x_ray']","['radiology', 'thorax', 'x_ray']",True
file_0056110,PMC5998285_ZJCH_A_1472514_F0001_PB_right_2_2.webp,PMC5998285_01_ZJCH_A_1472514_F0001_PB.jpg,right,PMC5998285_01,CC BY,9280,Recurrence of right pneumothorax three weeks after the patient's initial presentation (right).,['Figure 1'],radiology,x_ray,thorax,thorax,frontal,"['thorax', 'radiology', 'frontal', 'x_ray']",[],True
file_0056135,PMC6000673_zgfazz-13-1-84-1_undivided_1_1.webp,PMC6000673_01_zgfazz-13-1-84-1.jpg,undivided,PMC6000673_01,CC BY,17248,Chest X-ray and CT-scan of thor.,['Fig 1'],radiology,x_ray,thorax,thorax,frontal,"['thorax', 'radiology', 'frontal', 'x_ray']",['radiology'],True
file_0056154,PMC6001145_40248_2018_132_Fig1_HTML_undivided_1_1.webp,PMC6001145_01_40248_2018_132_Fig1_HTML.jpg,undivided,PMC6001145_01,CC BY,8626,"The chest radiograph revealed a mass in the left upper lung, bilateral pleural effusions and cardiac enlargement.",['Fig. 1'],radiology,x_ray,thorax,thorax,frontal,"['thorax', 'radiology', 'frontal', 'x_ray']","['radiology', 'thorax', 'x_ray', 'mass']",True
file_0056158,PMC6002801_cvja-29-e10-g001_A_1_2.webp,PMC6002801_01_cvja-29-e10-g001.jpg,a,PMC6002801_01,CC BY,4746,Anterior-posterior chest X-ray. A: At presentation showing enlargement of the mediastinum.,['Fig. 1A'],radiology,x_ray,thorax,thorax,frontal,"['thorax', 'radiology', 'frontal', 'x_ray']","['radiology', 'thorax', 'x_ray']",True
file_0056159,PMC6002801_cvja-29-e10-g001_B_2_2.webp,PMC6002801_01_cvja-29-e10-g001.jpg,b,PMC6002801_01,CC BY,5234,Anterior-posterior chest X-ray. B: On day 11 of hospitalisation showing bilateral interstitial heterogeneous opacities.,['Fig. 1B'],radiology,x_ray,thorax,thorax,frontal,"['thorax', 'radiology', 'frontal', 'x_ray']","['radiology', 'thorax', 'x_ray', 'mass']",True
file_0056179,PMC6008903_cvja-29-e9-g004_undivided_1_1.webp,PMC6008903_01_cvja-29-e9-g004.jpg,undivided,PMC6008903_01,CC BY,14090,Chest X-ray of patient 3 showing a mildly increased cardiothoracic ratio and clear lung fields.,['Fig. 4'],radiology,x_ray,thorax,thorax,frontal,"['thorax', 'radiology', 'frontal', 'x_ray']","['radiology', 'thorax', 'x_ray']",True
file_0056427,PMC6027982_can-12-841fig3_undivided_1_1.webp,PMC6027982_01_can-12-841fig3.jpg,undivided,PMC6027982_01,CC BY,28906,"Panitumumab-induced fatal ILD. Chest X-ray on day 17 of admission, showing further deterioration.",['Figures 2'],radiology,x_ray,thorax,thorax,frontal,"['thorax', 'radiology', 'frontal', 'x_ray']","['radiology', 'thorax', 'x_ray']",True
file_0056432,PMC6029008_JCIS-8-24-g002_a_1_3.webp,PMC6029008_01_JCIS-8-24-g002.jpg,a,PMC6029008_01,CC BY-NC-SA,2392,"A 59-year-old Caucasian female presents with epigastric pain, jaundice, vomiting and constipation. (a) Erect chest radiograph reveals dilated hollow viscus (yellow arrow) beside the stomach (red arrow).",['Figure 1a and b'],radiology,x_ray,thorax,thorax,frontal,"['thorax', 'radiology', 'frontal', 'x_ray']","['radiology', 'x_ray']",True
file_0056501,PMC6036524_emerg-6-e29-g001_left_1_2.webp,PMC6036524_02_emerg-6-e29-g001.jpg,left,PMC6036524_02,CC BY-NC,5996,Anterior posterior chest radiograph.,['figure 1'],radiology,x_ray,thorax,thorax,frontal,"['thorax', 'radiology', 'frontal', 'x_ray']","['radiology', 'thorax', 'x_ray']",True
file_0056503,PMC6036524_emerg-6-e29-g002_undivided_1_1.webp,PMC6036524_04_emerg-6-e29-g002.jpg,undivided,PMC6036524_04,CC BY-NC,13960,Anterior posterior chest radiograph on day 3.,['figure 2'],radiology,x_ray,thorax,thorax,frontal,"['thorax', 'radiology', 'frontal', 'x_ray']","['radiology', 'thorax', 'x_ray']",True
file_0056547,PMC6041817_ZECR_A_1495982_F0002_B_undivided_1_1.webp,PMC6041817_01_ZECR_A_1495982_F0002_B.jpg,undivided,PMC6041817_01,CC BY-NC,54282,Initial chest x-ray with a left-sided pneumothorax (on the left) and a subsequent chest x-ray after placement of the tube (on the right).,['Figure 2'],radiology,x_ray,thorax,thorax,frontal,"['thorax', 'radiology', 'frontal', 'x_ray']","['radiology', 'thorax', 'x_ray']",True
file_0056567,PMC6044367_imcrj-11-151Fig4_undivided_1_1.webp,PMC6044367_01_imcrj-11-151Fig4.jpg,undivided,PMC6044367_01,CC BY-NC,130750,The chest X-ray showed no evidence of pulmonary involvement.,['Figure 4'],radiology,x_ray,thorax,thorax,frontal,"['thorax', 'radiology', 'frontal', 'x_ray']","['radiology', 'thorax', 'x_ray']",True
file_0056570,PMC6045491_10-1055-s-0038-1666795-i170340cr-2_undivided_1_1.webp,PMC6045491_01_10-1055-s-0038-1666795-i170340cr-2.jpg,undivided,PMC6045491_01,CC BY,26526,Chest X-ray showing an intrathoracic gas bubble compatible with stomach.,['Fig. 2'],radiology,x_ray,thorax,thorax,frontal,"['thorax', 'radiology', 'frontal', 'x_ray']","['radiology', 'x_ray']",True
file_0056571,PMC6045491_10-1055-s-0038-1666795-i170340cr-3_undivided_1_1.webp,PMC6045491_01_10-1055-s-0038-1666795-i170340cr-3.jpg,undivided,PMC6045491_01,CC BY,20504,Upper gastrointestinal contrast study confirming the complete herniation of the stomach into the left thorax.,['Fig. 3'],radiology,x_ray,thorax,thorax,frontal,"['thorax', 'radiology', 'frontal', 'x_ray']","['radiology', 'contrast']",True
file_0056635,PMC6054767_oajc-9-057Fig1_B_2_8.webp,PMC6054767_01_oajc-9-057Fig1.jpg,b,PMC6054767_01,CC BY-NC,4248,"(B) AP radiograph (X-ray) of the chest. This was initially reported as normal, but closer assessment of the right mid-zone shows the radiopaque contraceptive implant which was initially incorrectly interpreted as a prominent bronchovascular marking given its relatively short, linear outline (black arrow). On subsequent appreciation by the radiologists of the short, tubular shape of the Nexplanon. Implant, the foreign body was immediately identified.",['Figure 1B'],radiology,x_ray,thorax,thorax,frontal,"['thorax', 'radiology', 'frontal', 'x_ray']","['radiology', 'thorax', 'x_ray']",True
file_0056636,PMC6054767_oajc-9-057Fig1_C_3_8.webp,PMC6054767_01_oajc-9-057Fig1.jpg,c,PMC6054767_01,CC BY-NC,4448,(C) Judkins right (JR4) catheter positioned in the right pulmonary artery with the contraceptive implant visualized on fluoroscopy (black arrow).,['Figure 1C and D'],radiology,x_ray,thorax,thorax,oblique,"['thorax', 'radiology', 'oblique', 'x_ray']","['radiology', 'x_ray']",True
file_0056637,PMC6054767_oajc-9-057Fig1_D_4_8.webp,PMC6054767_01_oajc-9-057Fig1.jpg,d,PMC6054767_01,CC BY-NC,3878,(D) Selective pulmonary angiography confirms the intravascular placement of the foreign body (black arrow) in a branch of the right lower lobe pulmonary artery.,['Figure 1C and D'],radiology,x_ray,thorax,thorax,oblique,"['thorax', 'radiology', 'oblique', 'x_ray']","['radiology', 'angiography']",True
file_0056638,PMC6054767_oajc-9-057Fig1_E_5_8.webp,PMC6054767_01_oajc-9-057Fig1.jpg,e,PMC6054767_01,CC BY-NC,4866,"(E, F) AP and lateral fluoroscopy views demonstrating the utilization of a gooseneck snare to extract the foreign body from the pulmonary artery (black arrows). A straight-ended Terumo (Terumo Corporation, Tokyo, Japan) guidewire was utilized for support.",['Figure 1E-H'],radiology,x_ray,thorax,thorax,oblique,"['thorax', 'radiology', 'oblique', 'x_ray']","['radiology', 'x_ray']",True
file_0056639,PMC6054767_oajc-9-057Fig1_F_6_8.webp,PMC6054767_01_oajc-9-057Fig1.jpg,f,PMC6054767_01,CC BY-NC,3756,"(E, F) AP and lateral fluoroscopy views demonstrating the utilization of a gooseneck snare to extract the foreign body from the pulmonary artery (black arrows). A straight-ended Terumo (Terumo Corporation, Tokyo, Japan) guidewire was utilized for support.",['Figure 1E-H'],radiology,x_ray,thorax,thorax,oblique,"['thorax', 'radiology', 'oblique', 'x_ray']","['radiology', 'x_ray']",True
file_0056662,PMC6057565_PAMJ-29-149-g002_undivided_1_1.webp,PMC6057565_01_PAMJ-29-149-g002.jpg,undivided,PMC6057565_01,CC BY,9892,Chest X-ray showed pulmonary edema.,['Figure 2'],radiology,x_ray,thorax,thorax,frontal,"['thorax', 'radiology', 'frontal', 'x_ray']","['radiology', 'thorax', 'x_ray']",True
file_0056668,PMC6057575_PAMJ-29-138-g001_undivided_1_1.webp,PMC6057575_02_PAMJ-29-138-g001.jpg,undivided,PMC6057575_02,CC BY,7922,"Chest X-ray revealed aberrations, showing bilateral discrete shadowing, similar to atypical pneumonia.",['Figure 1'],radiology,x_ray,thorax,thorax,frontal,"['thorax', 'radiology', 'frontal', 'x_ray']","['radiology', 'thorax', 'x_ray']",True
file_0056957,PMC6087531_Tanaffos-17-62-g001_undivided_1_1.webp,PMC6087531_01_Tanaffos-17-62-g001.jpg,undivided,PMC6087531_01,CC BY,10412,Large lobulated lesions in both the lung lobes in the chest radiography.,['Figure 1'],radiology,x_ray,thorax,thorax,frontal,"['thorax', 'radiology', 'frontal', 'x_ray']","['radiology', 'thorax', 'x_ray', 'mass']",True
file_0057105,PMC6105336_10-1055-s-0038-1667357-i180396cr-1_undivided_1_1.webp,PMC6105336_01_10-1055-s-0038-1667357-i180396cr-1.jpg,undivided,PMC6105336_01,CC BY,16604,"Chest X-ray at presentation (this image is provided by courtesy of Pediatric Clinic, Fachkrankenhaus Hubertusburg, Wermsdorf, Sachsen, Germany).",['Fig. 1'],radiology,x_ray,thorax,thorax,frontal,"['thorax', 'radiology', 'frontal', 'x_ray']","['radiology', 'thorax', 'x_ray']",True
file_0057107,PMC6105336_10-1055-s-0038-1667357-i180396cr-3_undivided_1_1.webp,PMC6105336_01_10-1055-s-0038-1667357-i180396cr-3.jpg,undivided,PMC6105336_01,CC BY,88684,Chest X-ray at 1-year of age with no signs of diaphragmatic hernia.,['Fig. 3'],radiology,x_ray,thorax,thorax,frontal,"['thorax', 'radiology', 'frontal', 'x_ray']","['radiology', 'thorax', 'x_ray']",True
file_0057366,PMC6134406_imcrj-11-205Fig1_undivided_1_1.webp,PMC6134406_01_imcrj-11-205Fig1.jpg,undivided,PMC6134406_01,CC BY-NC,9494,First fluoroscopy. . Notes: Normal motion in prosthetic aortic valve leaflets; fixation of one leaflet of the prosthetic pulmonary valve was observed.,['Figure 1'],radiology,x_ray,thorax,thorax,oblique,"['thorax', 'radiology', 'oblique', 'x_ray']","['radiology', 'x_ray']",True
file_0057368,PMC6134406_imcrj-11-205Fig3_undivided_1_1.webp,PMC6134406_01_imcrj-11-205Fig3.jpg,undivided,PMC6134406_01,CC BY-NC,11754,Third fluoroscopy. . Notes: Twelve hours after second reteplase injection: good and symmetrical opening of the prosthetic pulmonary valve leaflets was observed.,['Figure 3'],radiology,x_ray,thorax,thorax,oblique,"['thorax', 'radiology', 'oblique', 'x_ray']","['radiology', 'x_ray']",True
file_0057448,PMC6141742_fped-06-00248-g0001_A_1_6.webp,PMC6141742_02_fped-06-00248-g0001.jpg,a,PMC6141742_02,CC BY,5604,Clinical record of the patient with CGD. Chest X-ray from the first hospitalization at 3 months of age.,[],radiology,x_ray,thorax,thorax,frontal,"['thorax', 'radiology', 'frontal', 'x_ray']","['radiology', 'thorax', 'x_ray']",True
file_0057641,PMC6161692_fped-06-00245-g0001_undivided_1_1.webp,PMC6161692_01_fped-06-00245-g0001.jpg,undivided,PMC6161692_01,CC BY,17486,"Chest x-ray, prior to commencing treatment.",['Figures 1'],radiology,x_ray,thorax,thorax,frontal,"['thorax', 'radiology', 'frontal', 'x_ray']","['radiology', 'thorax', 'x_ray']",True
file_0057727,PMC6171728_f1000research-7-16481-g0001_undivided_1_1.webp,PMC6171728_01_f1000research-7-16481-g0001.jpg,undivided,PMC6171728_01,CC BY,24610,Chest X-ray showing right posterior mediastinal mass suggestive of a cyst (April 2017).,['Figure 2'],radiology,x_ray,thorax,thorax,frontal,"['thorax', 'radiology', 'frontal', 'x_ray']","['radiology', 'thorax', 'x_ray', 'mass']",True
file_0057952,PMC6195231_PAMJ-30-121-g001_undivided_1_1.webp,PMC6195231_02_PAMJ-30-121-g001.jpg,undivided,PMC6195231_02,CC BY,19374,"Postero-anterior chest X-rays showing bilateral diffuse nodular infiltrates, similar to miliary TB.",[],radiology,x_ray,thorax,thorax,frontal,"['thorax', 'radiology', 'frontal', 'x_ray']","['radiology', 'thorax', 'x_ray', 'mass']",True
file_0057953,PMC6195231_PAMJ-30-121-g002_undivided_1_1.webp,PMC6195231_02_PAMJ-30-121-g002.jpg,undivided,PMC6195231_02,CC BY,14482,"Lateral chest X-rays showing bilateral diffuse nodular infiltrates, similar to miliary TB.",[],radiology,x_ray,thorax,thorax,sagittal,"['thorax', 'radiology', 'sagittal', 'x_ray']","['radiology', 'thorax', 'x_ray', 'mass']",True
file_0058049,PMC6197951_gr1_undivided_1_1.webp,PMC6197951_01_gr1.jpg,undivided,PMC6197951_01,CC BY,27616,The site and injury pattern of the stabbing (Upper panel). Chest X-ray revealed a clear lung field without pneumothorax (Lower panel).,[],radiology,x_ray,thorax,thorax,frontal,"['thorax', 'radiology', 'frontal', 'x_ray']","['radiology', 'thorax', 'x_ray']",True
file_0058102,PMC6202047_tcrm-14-2013Fig1_A_1_2.webp,PMC6202047_01_tcrm-14-2013Fig1.jpg,a,PMC6202047_01,CC BY-NC,3848,Chest X-ray on arrival.,['Figure 1A'],radiology,x_ray,thorax,thorax,frontal,"['thorax', 'radiology', 'frontal', 'x_ray']","['radiology', 'thorax', 'x_ray']",True
file_0058220,PMC6214340_imcrj-11-297Fig1_L_1_1.webp,PMC6214340_01_imcrj-11-297Fig1.jpg,l,PMC6214340_01,CC BY-NC,17624,"Posteroanterior chest radiograph showing hyperinflated left lung with reduced right lung volume. . Note: There is also decreased vascularity and hilum not well visualized on the right hemithorax (RH). . Abbreviations: L, left; T, trachea, RH, right hilum.",['Figure 1'],radiology,x_ray,thorax,thorax,frontal,"['thorax', 'radiology', 'frontal', 'x_ray']","['radiology', 'thorax', 'frontal', 'posteroanterior', 'x_ray']",True
file_0058362,PMC6223390_ott-11-7787Fig5_A_1_4.webp,PMC6223390_01_ott-11-7787Fig5.jpg,a,PMC6223390_01,CC BY-NC,5440,The examination images and pathology of the recurrent tumors. . Notes: (A and B) Mammography (MLO) showing the large tumors on the right chest and the normal left breast.,['Figure 5A-C'],radiology,x_ray,breast,breast,oblique,"['breast', 'radiology', 'oblique', 'x_ray', 'mammography']","['radiology', 'x_ray', 'mass']",True
file_0058363,PMC6223390_ott-11-7787Fig5_B_2_4.webp,PMC6223390_01_ott-11-7787Fig5.jpg,b,PMC6223390_01,CC BY-NC,7292,The examination images and pathology of the recurrent tumors. . Notes: (A and B) Mammography (MLO) showing the large tumors on the right chest and the normal left breast.,['Figure 5A-C'],radiology,x_ray,breast,breast,oblique,"['breast', 'radiology', 'oblique', 'x_ray', 'mammography']","['radiology', 'x_ray', 'mass']",True
file_0058477,PMC6235474_PAMJ-30-171-g002_undivided_1_1.webp,PMC6235474_01_PAMJ-30-171-g002.jpg,undivided,PMC6235474_01,CC BY,8262,Chest radiograph of index case.,['Figure 2'],radiology,x_ray,thorax,thorax,frontal,"['thorax', 'radiology', 'frontal', 'x_ray']","['radiology', 'thorax', 'x_ray']",True
file_0058634,PMC6251238_JCIS-8-44-g005_undivided_1_1.webp,PMC6251238_01_JCIS-8-44-g005.jpg,undivided,PMC6251238_01,CC BY-NC-SA,18618,Peripherally inserted central catheter line catheter tip (blue arrow) venogram within the coronary sinus (red arrow) showing the right atrium and the main pulmonary artery truck (green arrow).,['Figure 3'],radiology,x_ray,upper_limb,forearm,sagittal,"['radiology', 'upper_limb', 'sagittal', 'forearm', 'x_ray']","['radiology', 'venogram', 'angiography']",True
file_0058673,PMC6252175_ijotm-9-140-g001_undivided_1_1.webp,PMC6252175_01_ijotm-9-140-g001.jpg,undivided,PMC6252175_01,CC BY,25116,Normal chest x-ray at the time of initial presentation.,['Fig 1'],radiology,x_ray,thorax,thorax,frontal,"['thorax', 'radiology', 'frontal', 'x_ray']","['radiology', 'thorax', 'x_ray']",True
file_0058899,PMC6262945_SNI-9-230-g004_undivided_1_1.webp,PMC6262945_01_SNI-9-230-g004.jpg,undivided,PMC6262945_01,CC BY-NC-SA,20062,AP CXR status post pacemaker placement.,['Figure 4'],radiology,x_ray,thorax,thorax,frontal,"['thorax', 'radiology', 'frontal', 'x_ray']","['radiology', 'thorax', 'x_ray']",True
file_0059074,PMC6280629_gr1_undivided_1_1.webp,PMC6280629_01_gr1.jpg,undivided,PMC6280629_01,CC BY,10444,Chest x-ray reveled cavity at left side with pleural effusion.,['Fig. 1'],radiology,x_ray,thorax,thorax,frontal,"['thorax', 'radiology', 'frontal', 'x_ray']","['radiology', 'thorax', 'x_ray']",True
file_0059090,PMC6282109_cvja-29-e2-g001_B_2_2.webp,PMC6282109_01_cvja-29-e2-g001.jpg,b,PMC6282109_01,CC BY,4060,"A chest X-ray showing the left heart venous drainage tube (white arrow), the arterial perfusion tube (white dotted arrow), the right heart venous drainage tube (black arrow), and the arterial perfusion tube (black dotted arrow).",['Fig. 1'],radiology,x_ray,thorax,thorax,frontal,"['thorax', 'radiology', 'frontal', 'x_ray']","['radiology', 'thorax', 'x_ray']",True
file_0059095,PMC6282426_ZECR_A_1552065_F0001_B_undivided_1_1.webp,PMC6282426_01_ZECR_A_1552065_F0001_B.jpg,undivided,PMC6282426_01,CC BY-NC,129466,Chest X-ray often reveal bilateral symmetrical opacities centrally in mid and lower lung zones and sometimes reticular markings. Segmental atelectasis may occur due to obstruction. In chronic cases of PAP focal fibrosis may occur.,['Figure 1'],radiology,x_ray,thorax,thorax,frontal,"['thorax', 'radiology', 'frontal', 'x_ray']",[],True
file_0059192,PMC6289061_fimmu-09-02766-g0001_C_3_4.webp,PMC6289061_02_fimmu-09-02766-g0001.jpg,c,PMC6289061_02,CC BY,4200,"(C) A chest X-ray 8 days after the onset of illness, showing diffuse alveolar involvement with a miliary pattern of pulmonary opacities.",[],radiology,x_ray,thorax,thorax,frontal,"['thorax', 'radiology', 'frontal', 'x_ray']","['radiology', 'thorax', 'x_ray', 'mass']",True
file_0059217,PMC6292345_ZJCH_A_1536239_F0001_PB_undivided_1_1.webp,PMC6292345_01_ZJCH_A_1536239_F0001_PB.jpg,undivided,PMC6292345_01,CC BY-NC,15650,Unremarkable CXR with no hilar lymphadenopathy.,['Figure 1'],radiology,x_ray,thorax,thorax,frontal,"['thorax', 'radiology', 'frontal', 'x_ray']","['radiology', 'thorax', 'x_ray']",True
file_0059224,PMC6292348_ZJCH_A_1539057_F0003_PB_undivided_1_1.webp,PMC6292348_01_ZJCH_A_1539057_F0003_PB.jpg,undivided,PMC6292348_01,CC BY-NC,21096,Gallium scan: Large region of intense focal uptake midline abdomen compatible with mesenteric (blue arrows) and retroperitoneal lymphadenopathy (white arrows). No abnormal lung uptake is seen.,['Figure 1'],radiology,x_ray,abdomen,abdomen,occlusal,"['abdomen', 'radiology', 'occlusal', 'x_ray']","['radiology', 'abdomen', 'nuclear_medicine']",True
file_0059304,PMC6295296_PAMJ-30-230-g001_undivided_1_1.webp,PMC6295296_01_PAMJ-30-230-g001.jpg,undivided,PMC6295296_01,CC BY,9398,Thoracic radiography with pneumoperitoneum.,[],radiology,x_ray,thorax,thorax,frontal,"['thorax', 'radiology', 'frontal', 'x_ray']","['radiology', 'thorax', 'x_ray']",True
file_0059438,PMC6302415_40748_2018_95_Fig3_HTML_undivided_1_1.webp,PMC6302415_01_40748_2018_95_Fig3_HTML.jpg,undivided,PMC6302415_01,CC BY,11650,Chest X-ray depicting free abdominal air due to gastric perforation.,['Fig. 3'],radiology,x_ray,thorax,thorax,frontal,"['thorax', 'radiology', 'frontal', 'x_ray']","['radiology', 'x_ray']",True
file_0059466,PMC6305431_fphys-09-01816-g001_undivided_1_1.webp,PMC6305431_01_fphys-09-01816-g001.jpg,undivided,PMC6305431_01,CC BY,24902,Anatomical placement of 16-electrode array: conventional radiography of the thoracic/lumbar spine displays the position of 16-electrode array (vertebral levels T11-L1).,['Figure 1'],radiology,x_ray,thorax,thorax,ultrasound_view,"['thorax', 'radiology', 'ultrasound_view', 'x_ray']","['radiology', 'thorax', 'x_ray']",True
file_0059613,PMC6319526_42155_2018_27_Fig7_HTML_undivided_1_1.webp,PMC6319526_04_42155_2018_27_Fig7_HTML.jpg,undivided,PMC6319526_04,CC BY,14632,Pulmonary angiography before embolization of PAVMs in the right lung with two feeding arteries.,['Fig. 7'],radiology,x_ray,abdomen,abdomen,frontal,"['abdomen', 'radiology', 'frontal', 'x_ray']","['radiology', 'angiography']",True
file_0059628,PMC6319534_42155_2018_7_Fig4_HTML_b_2_2.webp,PMC6319534_01_42155_2018_7_Fig4_HTML.jpg,b,PMC6319534_01,CC BY,9888,B: Pulmonary Angiogram demonstrating the stent in a segmental pulmonary arterial branch.,[],radiology,x_ray,abdomen,abdomen,sagittal,"['abdomen', 'radiology', 'sagittal', 'x_ray']","['radiology', 'angiography']",True
file_0059648,PMC6319539_42155_2018_39_Fig4_HTML_b_2_3.webp,PMC6319539_01_42155_2018_39_Fig4_HTML.jpg,b,PMC6319539_01,CC BY,6478,Amplatzer plug placement (arrows) via trans-jugular to occlude the right gonadal vein (b) to simultaneously reduce AVF-outflow and avoid pulmonary embolism.,[],radiology,x_ray,abdomen,abdomen,oblique,"['abdomen', 'radiology', 'oblique', 'x_ray']",[],True
file_0059742,PMC6322178_JIAPS-24-72-g001_a_1_2.webp,PMC6322178_01_JIAPS-24-72-g001.jpg,a,PMC6322178_01,CC BY-NC-SA,4174,(a) Chest X-ray showing well-defined homogenous opacity in the left hemithorax (white arrow).,[],radiology,x_ray,thorax,thorax,frontal,"['thorax', 'radiology', 'frontal', 'x_ray']","['radiology', 'thorax', 'x_ray', 'mass']",True
file_0059903,PMC6329250_SJA-13-69-g001_undivided_1_1.webp,PMC6329250_01_SJA-13-69-g001.jpg,undivided,PMC6329250_01,CC BY-NC-SA,8188,Chest roentgenogram taken at the first visit.,['Figure 1'],radiology,x_ray,thorax,thorax,frontal,"['thorax', 'radiology', 'frontal', 'x_ray']","['radiology', 'thorax', 'x_ray']",True
file_0059946,PMC6330790_LI-36-66-g001_a_1_2.webp,PMC6330790_01_LI-36-66-g001.jpg,a,PMC6330790_01,CC BY-NC-SA,5062,(a) Preoperative chest radiograph showing bilateral extensive reticulonodular opacities obscuring cardiac borders.,['Figure 1'],radiology,x_ray,thorax,thorax,frontal,"['thorax', 'radiology', 'frontal', 'x_ray']","['radiology', 'thorax', 'x_ray', 'mass']",True
file_0059952,PMC6330970_imcrj-12-009Fig1_right_1_1.webp,PMC6330970_01_imcrj-12-009Fig1.jpg,right,PMC6330970_01,CC BY-NC,19200,"Chest radiograph demonstrating enlarged central pulmonary arteries and diminished peripheral pulmonary vascular marking. . Abbreviations: AP, anterior-posterior; R, right.",['Figure 1'],radiology,x_ray,thorax,thorax,frontal,"['thorax', 'radiology', 'frontal', 'x_ray']","['radiology', 'thorax', 'x_ray']",True
file_0060025,PMC6333069_CCR3-7-27-g001_undivided_1_1.webp,PMC6333069_01_CCR3-7-27-g001.jpg,undivided,PMC6333069_01,CC BY,12664,"Chest X-ray of the infant at presentation, showing a large intrathoracic radiopaque mass occupying the right hemithorax.",['Figure 1'],radiology,x_ray,thorax,thorax,frontal,"['thorax', 'radiology', 'frontal', 'x_ray']","['radiology', 'thorax', 'x_ray', 'mass']",True
file_0060331,PMC6341862_ATM-14-94-g005_undivided_1_1.webp,PMC6341862_01_ATM-14-94-g005.jpg,undivided,PMC6341862_01,CC BY-NC-SA,11824,Posttransplant chest X-ray.,['Figure 5'],radiology,x_ray,thorax,thorax,frontal,"['thorax', 'radiology', 'frontal', 'x_ray']","['radiology', 'thorax', 'x_ray']",True
file_0060367,PMC6343381_APC-12-60-g004_bottom_2_2.webp,PMC6343381_01_APC-12-60-g004.jpg,bottom,PMC6343381_01,CC BY-NC-SA,11282,"Echocardiogram. After fenestrated covered stent placement. Top: Contrast now flows through the inferior vena cava stent and into the branch pulmonary arteries. The fenestration is patent with filling of the hepatic vein, but only the inferior vena cava-connecting hepatic vein has opacified. The interlobar connections and anomalous atrial-draining hepatic vein have not filled secondary to flow restriction through the controlled fenestration. Bottom: The inferior vena cava and stent (*) are widely patent with red fenestration flow visible into the hepatic vein.",[],radiology,x_ray,thorax,thorax,oblique,"['thorax', 'radiology', 'oblique', 'x_ray']",[],True
file_0060399,PMC6344186_medi-98-e13850-g003_A_1_3.webp,PMC6344186_01_medi-98-e13850-g003.jpg,a,PMC6344186_01,CC BY,7658,"Post-delivery X-ray:. Small, and ,narrow thorax (arrows).",['Fig. 3A-C'],radiology,x_ray,thorax,thorax,frontal,"['thorax', 'radiology', 'frontal', 'x_ray']","['radiology', 'thorax', 'x_ray']",True
file_0060411,PMC6344195_medi-98-e13855-g001_A_1_6.webp,PMC6344195_01_medi-98-e13855-g001.jpg,a,PMC6344195_01,CC BY-NC,4428,(A) Chest radiograph before the Nuss procedure.,['Fig. 1A'],radiology,x_ray,thorax,thorax,frontal,"['thorax', 'radiology', 'frontal', 'x_ray']","['radiology', 'thorax', 'x_ray']",True
file_0060412,PMC6344195_medi-98-e13855-g001_B_2_6.webp,PMC6344195_01_medi-98-e13855-g001.jpg,b,PMC6344195_01,CC BY-NC,6320,(B) Immediate postoperative chest radiograph.,['Fig. 1B'],radiology,x_ray,thorax,thorax,frontal,"['thorax', 'radiology', 'frontal', 'x_ray']","['radiology', 'thorax', 'x_ray']",True
file_0060413,PMC6344195_medi-98-e13855-g001_C_3_6.webp,PMC6344195_01_medi-98-e13855-g001.jpg,c,PMC6344195_01,CC BY-NC,6084,(C) Whole spine radiograph revealed a thoracic curve at four weeks' follow-up postoperatively.,['Figs. 1C'],radiology,x_ray,thorax,thorax,frontal,"['thorax', 'radiology', 'frontal', 'x_ray']","['radiology', 'thorax', 'x_ray']",True
file_0060424,PMC6344917_rjy364f01_undivided_1_1.webp,PMC6344917_01_rjy364f01.jpg,undivided,PMC6344917_01,CC BY-NC,12222,Chest radiograph on postoperative Day 12 after pancreatectomy A chest radiograph showing a right-sided sub-massive pleural effusion.,['Fig. 1'],radiology,x_ray,thorax,thorax,frontal,"['thorax', 'radiology', 'frontal', 'x_ray']","['radiology', 'thorax', 'x_ray']",True
file_0060436,PMC6344922_rjy334f01_undivided_1_1.webp,PMC6344922_01_rjy334f01.jpg,undivided,PMC6344922_01,CC BY-NC,26548,"7.4.18: XR abdomen acute complete w/chest: dilated small bowel loops in LUQ, air fluid levels in right mid abdomen, paucity of large bowel gas, suggestive of small bowel obstruction, suggestion of free air.",[],radiology,x_ray,abdomen,abdomen,frontal,"['abdomen', 'radiology', 'frontal', 'x_ray']",[],True
file_0060441,PMC6344923_rjz009f01_undivided_1_1.webp,PMC6344923_01_rjz009f01.jpg,undivided,PMC6344923_01,CC BY-NC,22020,Erect chest radiograph on postoperative day 2 suggestive of small bowel ileus.,['Fig. 1'],radiology,x_ray,abdomen,abdomen,frontal,"['abdomen', 'radiology', 'frontal', 'x_ray']","['radiology', 'x_ray']",True
file_0060442,PMC6344923_rjz009f02_undivided_1_1.webp,PMC6344923_01_rjz009f02.jpg,undivided,PMC6344923_01,CC BY-NC,33800,Erect chest radiograph on day 5 more consistent with small bowel obstruction.,['Figs 2'],radiology,x_ray,thorax,thorax,frontal,"['thorax', 'radiology', 'frontal', 'x_ray']","['radiology', 'x_ray']",True
file_0060518,PMC6348789_SAJC-8-17-g001_undivided_1_1.webp,PMC6348789_01_SAJC-8-17-g001.jpg,undivided,PMC6348789_01,CC BY-NC-SA,6472,Large mass left hemithorax with complete collapse of left lung and mediastinal shift to the right.,['Figure 1'],radiology,x_ray,thorax,thorax,frontal,"['thorax', 'radiology', 'frontal', 'x_ray']",[],True
file_0060521,PMC6348789_SAJC-8-17-g004_undivided_1_1.webp,PMC6348789_01_SAJC-8-17-g004.jpg,undivided,PMC6348789_01,CC BY-NC-SA,6076,Postoperative day 7 Chest X-ray showing fairly expanded lung with mediastinum in normal position.,['Figure 4'],radiology,x_ray,thorax,thorax,frontal,"['thorax', 'radiology', 'frontal', 'x_ray']","['radiology', 'thorax', 'x_ray']",True
file_0060535,PMC6349695_fonc-09-00004-g0002_A_1_10.webp,PMC6349695_02_fonc-09-00004-g0002.jpg,a,PMC6349695_02,CC BY,4228,Case 2 (A-C) Chest X-ray and computed tomography (CT) before nivolumab administration. Primary lung cancer lesion (circle) and a small amount of pericardial effusion are detected.,['Figures 2A-C'],radiology,x_ray,thorax,thorax,frontal,"['thorax', 'radiology', 'frontal', 'x_ray']",['radiology'],True
file_0060536,PMC6349695_fonc-09-00004-g0002_B_2_10.webp,PMC6349695_02_fonc-09-00004-g0002.jpg,b,PMC6349695_02,CC BY,3542,Case 2 (A-C) Chest X-ray and computed tomography (CT) before nivolumab administration. Primary lung cancer lesion (circle) and a small amount of pericardial effusion are detected.,['Figures 2A-C'],radiology,x_ray,thorax,thorax,frontal,"['thorax', 'radiology', 'frontal', 'x_ray']",['radiology'],True
file_0060537,PMC6349695_fonc-09-00004-g0002_C_3_10.webp,PMC6349695_02_fonc-09-00004-g0002.jpg,c,PMC6349695_02,CC BY,3606,Case 2 (A-C) Chest X-ray and computed tomography (CT) before nivolumab administration. Primary lung cancer lesion (circle) and a small amount of pericardial effusion are detected.,['Figures 2A-C'],radiology,x_ray,thorax,thorax,frontal,"['thorax', 'radiology', 'frontal', 'x_ray']",['radiology'],True
file_0060589,PMC6350427_ACA-22-97-g001_a_1_4.webp,PMC6350427_01_ACA-22-97-g001.jpg,a,PMC6350427_01,CC BY-NC-SA,4128,(a) Chest X-ray showing extensive bilateral subcutaneous emphysema in a postoperative patient of coronary artery bypass grafting surgery.,['Figure 1'],radiology,x_ray,thorax,thorax,frontal,"['thorax', 'radiology', 'frontal', 'x_ray']","['radiology', 'thorax', 'x_ray']",True
file_0060601,PMC6350433_ACA-22-86-g001_undivided_1_1.webp,PMC6350433_01_ACA-22-86-g001.jpg,undivided,PMC6350433_01,CC BY-NC-SA,22542,Preoperative chest X-ray.,['Figure 1'],radiology,x_ray,thorax,thorax,frontal,"['thorax', 'radiology', 'frontal', 'x_ray']","['radiology', 'thorax', 'x_ray']",True
file_0060603,PMC6350434_ACA-22-92-g001_undivided_1_1.webp,PMC6350434_01_ACA-22-92-g001.jpg,undivided,PMC6350434_01,CC BY-NC-SA,13450,"Chest X-ray posteroanterior view, arrow showing asymmetrical cardiomegaly.",['Figure 1'],radiology,x_ray,thorax,thorax,frontal,"['thorax', 'radiology', 'frontal', 'x_ray']","['radiology', 'thorax', 'frontal', 'posteroanterior', 'x_ray']",True
file_0060657,PMC6351394_gr1_undivided_1_1.webp,PMC6351394_01_gr1.jpg,undivided,PMC6351394_01,CC BY,52978,Initial chest x-ray posterior anterior view showed right apical pneumothorax with air fluid level and a collapsed lung.,['Fig. 1'],radiology,x_ray,thorax,thorax,frontal,"['thorax', 'radiology', 'frontal', 'x_ray']","['radiology', 'thorax', 'frontal', 'anteroposterior', 'x_ray']",True
file_0060658,PMC6351394_gr2_undivided_1_1.webp,PMC6351394_01_gr2.jpg,undivided,PMC6351394_01,CC BY,63954,Chest x-ray post thoracostomy tube insertion showed right pneumothorax and opacity.,['Fig. 2'],radiology,x_ray,thorax,thorax,frontal,"['thorax', 'radiology', 'frontal', 'x_ray']","['radiology', 'thorax', 'x_ray', 'mass']",True
file_0060760,PMC6355105_omy136f01_undivided_1_1.webp,PMC6355105_01_omy136f01.jpg,undivided,PMC6355105_01,CC BY-NC,11708,Chest X-ray showing right-sided pleural effusion.,['Fig. 1'],radiology,x_ray,thorax,thorax,frontal,"['thorax', 'radiology', 'frontal', 'x_ray']","['radiology', 'thorax', 'x_ray']",True
file_0060840,PMC6358340_medi-98-e14194-g001_A_1_3.webp,PMC6358340_01_medi-98-e14194-g001.jpg,a,PMC6358340_01,CC BY-NC,5660,Chest X-rays in a critically ill neonate with PHMD receiving ECMO and CRRT therapy. Notes:. Before ECMO therapy.,['Fig. 1A'],radiology,x_ray,thorax,thorax,frontal,"['thorax', 'radiology', 'frontal', 'x_ray']","['radiology', 'thorax', 'x_ray']",True
file_0060841,PMC6358340_medi-98-e14194-g001_B_2_3.webp,PMC6358340_01_medi-98-e14194-g001.jpg,b,PMC6358340_01,CC BY-NC,6092,Chest X-rays in a critically ill neonate with PHMD receiving ECMO and CRRT therapy. Seven hours after initiation of ECMO.,['Fig. 1B'],radiology,x_ray,thorax,thorax,frontal,"['thorax', 'radiology', 'frontal', 'x_ray']","['radiology', 'thorax', 'x_ray']",True
file_0060842,PMC6358340_medi-98-e14194-g001_C_3_3.webp,PMC6358340_01_medi-98-e14194-g001.jpg,c,PMC6358340_01,CC BY-NC,5366,"Chest X-rays in a critically ill neonate with PHMD receiving ECMO and CRRT therapy. Decannulation of ECMO. CRRT = continuous renal replacement therapy, ECMO = extracorporeal membrane oxygenation, PHMD = pulmonary hyaline membrane disease.",['Fig. 1C'],radiology,x_ray,thorax,thorax,frontal,"['thorax', 'radiology', 'frontal', 'x_ray']","['radiology', 'x_ray']",True
file_0060951,PMC6360499_ipc-20-1-g001_undivided_1_1.webp,PMC6360499_01_ipc-20-1-g001.jpg,undivided,PMC6360499_01,CC BY-NC-SA,19784,"Chest X-ray (postero-anterior view) of case 1 showing cardiomegaly, large homogenous opacity in left hemithorax.",['figure 1'],radiology,x_ray,thorax,thorax,frontal,"['thorax', 'radiology', 'frontal', 'x_ray']","['radiology', 'thorax', 'frontal', 'anteroposterior', 'x_ray', 'mass']",True
file_0060955,PMC6360499_ipc-20-1-g006_undivided_1_1.webp,PMC6360499_02_ipc-20-1-g006.jpg,undivided,PMC6360499_02,CC BY-NC-SA,21478,Chest X-ray postero-anterior view of case 2 showing homogenous opacity to right of sternum.,['figure 6'],radiology,x_ray,thorax,thorax,frontal,"['thorax', 'radiology', 'frontal', 'x_ray']","['radiology', 'thorax', 'frontal', 'anteroposterior', 'x_ray', 'mass']",True
file_0061182,PMC6370014_medi-98-e13874-g001_A_1_2.webp,PMC6370014_01_medi-98-e13874-g001.jpg,a,PMC6370014_01,CC BY-NC,6644,Lateral chest radiograph.,['Fig. 1'],radiology,x_ray,thorax,thorax,sagittal,"['thorax', 'radiology', 'sagittal', 'x_ray']","['radiology', 'thorax', 'x_ray']",True
file_0061211,PMC6370146_medi-98-e14198-g004_A_1_2.webp,PMC6370146_01_medi-98-e14198-g004.jpg,a,PMC6370146_01,CC BY-NC,13028,(A) PA X-ray image of the thoracic spine obtained postoperatively.,['Fig. 4A and B'],radiology,x_ray,thorax,thorax,frontal,"['thorax', 'radiology', 'frontal', 'x_ray']","['radiology', 'thorax', 'x_ray']",True
file_0061212,PMC6370146_medi-98-e14198-g004_B_2_2.webp,PMC6370146_01_medi-98-e14198-g004.jpg,b,PMC6370146_01,CC BY-NC,9014,(B) Lateral X-ray image of the thoracic spine obtained postoperatively. PA = posteroanterior.,['Fig. 4A and B'],radiology,x_ray,thorax,thorax,frontal,"['thorax', 'radiology', 'frontal', 'x_ray']","['radiology', 'thorax', 'frontal', 'posteroanterior', 'x_ray']",True
file_0061327,PMC6375025_IJN-29-42-g001_undivided_1_1.webp,PMC6375025_01_IJN-29-42-g001.jpg,undivided,PMC6375025_01,CC BY-NC-SA,12854,Chest X ray showing the course of dialysis catheter. The catheter has perforated the left innominate vein and the tip is lying in the mediastenum.,['Figure 1'],radiology,x_ray,thorax,thorax,frontal,"['thorax', 'radiology', 'frontal', 'x_ray']",[],True
file_0061328,PMC6375025_IJN-29-42-g002_undivided_1_1.webp,PMC6375025_01_IJN-29-42-g002.jpg,undivided,PMC6375025_01,CC BY-NC-SA,15686,Chest X ray showing the position of the stent graft (arrow). Also seen is a right IJV tunneled catheter which was placed on a later date.,['Figure 2'],radiology,x_ray,thorax,thorax,frontal,"['thorax', 'radiology', 'frontal', 'x_ray']",[],True
file_0061331,PMC6375731_10-1055-s-0038-1661416-i1800028cr-1_undivided_1_1.webp,PMC6375731_01_10-1055-s-0038-1661416-i1800028cr-1.jpg,undivided,PMC6375731_01,CC BY,11072,Posteroanterior chest X-ray showed increase in density in the lower zone of the right hemithorax.,['Fig. 1'],radiology,x_ray,thorax,thorax,frontal,"['thorax', 'radiology', 'frontal', 'x_ray']","['radiology', 'thorax', 'frontal', 'posteroanterior', 'x_ray']",True
file_0061334,PMC6376157_gr1_undivided_1_1.webp,PMC6376157_01_gr1.jpg,undivided,PMC6376157_01,CC BY,17616,"Chest radiography showing subcutaneous emphysema of the neck, mediastinal emphysema, and subdiaphragmatic free air (red arrows).",['Fig. 1'],radiology,x_ray,thorax,thorax,frontal,"['thorax', 'radiology', 'frontal', 'x_ray']","['radiology', 'thorax', 'x_ray']",True
file_0061415,PMC6380140_JPGM-65-44-g001_a_1_2.webp,PMC6380140_01_JPGM-65-44-g001.jpg,a,PMC6380140_01,CC BY-NC-SA,6440,(a) A chest X-ray conducted in the emergency department revealed cardiomegaly and patchy airspace consolidations with infiltrations in the right lung field.,['Figure 1a'],radiology,x_ray,thorax,thorax,frontal,"['thorax', 'radiology', 'frontal', 'x_ray']","['radiology', 'thorax', 'x_ray']",True
file_0061416,PMC6380140_JPGM-65-44-g001_b_2_2.webp,PMC6380140_01_JPGM-65-44-g001.jpg,b,PMC6380140_01,CC BY-NC-SA,6312,"(b) One year later, another chest X-ray revealed normal heart size without visible airspace consolidations.",['Figure 1b'],radiology,x_ray,thorax,thorax,frontal,"['thorax', 'radiology', 'frontal', 'x_ray']","['radiology', 'thorax', 'x_ray']",True
file_0061470,PMC6381877_cro-0012-0091-g01_a_1_2.webp,PMC6381877_01_cro-0012-0091-g01.jpg,a,PMC6381877_01,CC BY-NC,20136,Chest X-ray and chest CT images before initial EGFR-TKI treatment. (a) Chest X-ray image showed a right hilar mass followed by lymphangitic carcinomatosis in the right lower lung field.,"['Fig. 1a, b']",radiology,x_ray,thorax,thorax,frontal,"['thorax', 'radiology', 'frontal', 'x_ray']",['radiology'],True
file_0061472,PMC6381877_cro-0012-0091-g02_a_1_2.webp,PMC6381877_01_cro-0012-0091-g02.jpg,a,PMC6381877_01,CC BY-NC,18918,Chest X-ray and chest CT images after 28 days of gefitinib therapy. (a) Chest X-ray image showed the increased right hilar mass and the worsened lymphangitic carcinomatosis.,"['Fig. 2a, b']",radiology,x_ray,thorax,thorax,frontal,"['thorax', 'radiology', 'frontal', 'x_ray']",['radiology'],True
file_0061545,PMC6382906_AJC-21-46-g001_undivided_1_1.webp,PMC6382906_01_AJC-21-46-g001.jpg,undivided,PMC6382906_01,CC BY-NC-SA,48110,Balloon angioplasty performed on the left pulmonary artery stenosis is observed.,['Fig. 1'],radiology,x_ray,thorax,thorax,frontal,"['thorax', 'radiology', 'frontal', 'x_ray']",[],True
file_0061616,PMC6385824_rbccv-34-01-0104-g01_a_1_3.webp,PMC6385824_01_rbccv-34-01-0104-g01.jpg,a,PMC6385824_01,CC BY,9254,"Chest X- rays of cases 1 and 2. Case 1: (a) Normal post-operative chest
X-ray 17 years after surgery.",['Figure 1A'],radiology,x_ray,thorax,thorax,frontal,"['thorax', 'radiology', 'frontal', 'x_ray']","['radiology', 'thorax', 'x_ray']",True
file_0061617,PMC6385824_rbccv-34-01-0104-g01_b_2_3.webp,PMC6385824_01_rbccv-34-01-0104-g01.jpg,b,PMC6385824_01,CC BY,5168,"Chest X- rays of cases 1 and 2. Case 2: (b) Pre-operative chest X-ray
showing marked cardiomegaly.",['Figure 1B'],radiology,x_ray,thorax,thorax,frontal,"['thorax', 'radiology', 'frontal', 'x_ray']","['radiology', 'thorax', 'x_ray']",True
file_0061618,PMC6385824_rbccv-34-01-0104-g01_c_3_3.webp,PMC6385824_01_rbccv-34-01-0104-g01.jpg,c,PMC6385824_01,CC BY,3290,Chest X- rays of cases 1 and 2. (c) Normal post-operative chest X-ray.,['Figure 1C'],radiology,x_ray,thorax,thorax,frontal,"['thorax', 'radiology', 'frontal', 'x_ray']","['radiology', 'thorax', 'x_ray']",True
file_0061629,PMC6385839_rbccv-34-01-0085-g01_undivided_1_1.webp,PMC6385839_01_rbccv-34-01-0085-g01.jpg,undivided,PMC6385839_01,CC BY,16054,"Posterior-Anterior (PA) chest X-ray. There is an ill-defined opacity in
the right lower lung zone, with some degree of fine reticulation,
extending to the lung periphery (Kerley B lines).",['Figure 1'],radiology,x_ray,thorax,thorax,frontal,"['thorax', 'radiology', 'frontal', 'x_ray']","['radiology', 'thorax', 'frontal', 'posteroanterior', 'x_ray', 'mass']",True
file_0061649,PMC6388424_CAS-11-195_F1_undivided_1_1.webp,PMC6388424_01_CAS-11-195_F1.jpg,undivided,PMC6388424_01,CC BY-NC,15718,Anteroposterior view chest X-ray showing a space-occupying lesion in the left lower hemithorax with a significantly raised left hemidiaphragm.,['Fig. 1'],radiology,x_ray,thorax,thorax,frontal,"['thorax', 'radiology', 'frontal', 'x_ray']","['radiology', 'thorax', 'frontal', 'anteroposterior', 'x_ray', 'mass']",True
file_0062075,PMC6417304_AJNS-14-314-g001_undivided_1_1.webp,PMC6417304_01_AJNS-14-314-g001.jpg,undivided,PMC6417304_01,CC BY-NC-SA,25244,Chest X-ray of metastatic pulmonary meningioma.,['Figure 1'],radiology,x_ray,thorax,thorax,frontal,"['thorax', 'radiology', 'frontal', 'x_ray']","['radiology', 'thorax', 'malignant', 'x_ray', 'mass']",True
file_0062118,PMC6417330_AJNS-14-211-g011_a_1_2.webp,PMC6417330_03_AJNS-14-211-g011.jpg,a,PMC6417330_03,CC BY-NC-SA,7424,(a) Preoperative chest X-ray posteroanterior view showing clear lung fields.,['Figure 11a and b'],radiology,x_ray,thorax,thorax,frontal,"['thorax', 'radiology', 'frontal', 'x_ray']","['radiology', 'thorax', 'frontal', 'posteroanterior', 'x_ray']",True
file_0062119,PMC6417330_AJNS-14-211-g011_b_2_2.webp,PMC6417330_03_AJNS-14-211-g011.jpg,b,PMC6417330_03,CC BY-NC-SA,4206,(b) Bilateral lung infiltrates in the setting of adult respiratory distress syndrome.,['Figure 11a and b'],radiology,x_ray,thorax,thorax,frontal,"['thorax', 'radiology', 'frontal', 'x_ray']",[],True
file_0062192,PMC6419477_fmed-06-00038-g0001_undivided_1_1.webp,PMC6419477_01_fmed-06-00038-g0001.jpg,undivided,PMC6419477_01,CC BY,14466,Chest radiograph immediately following syncopal episode and hypoxia.,['Figure 1'],radiology,x_ray,thorax,thorax,frontal,"['thorax', 'radiology', 'frontal', 'x_ray']","['radiology', 'thorax', 'x_ray']",True
file_0062299,PMC6432824_1003_Fig1_undivided_1_1.webp,PMC6432824_01_1003_Fig1.jpg,undivided,PMC6432824_01,CC BY-NC,14106,Admission chest x-ray showing bilateral consolidation.,['Fig. 1'],radiology,x_ray,thorax,thorax,frontal,"['thorax', 'radiology', 'frontal', 'x_ray']","['radiology', 'thorax', 'x_ray']",True
file_0062322,PMC6433936_fgene-10-00206-g0002_c_3_4.webp,PMC6433936_01_fgene-10-00206-g0002.jpg,c,PMC6433936_01,CC BY,11406,"Father patient, edema in right lower limb could be detected; the left lower limb became normal post plastic surgery.","['Figures 2c,d']",radiology,x_ray,lower_limb,ankle,frontal,"['radiology', 'lower_limb', 'frontal', 'x_ray', 'ankle']",[],True
file_0062408,PMC6443318_rbti-31-01-0106-g02_undivided_1_1.webp,PMC6443318_01_rbti-31-01-0106-g02.jpg,undivided,PMC6443318_01,CC BY,35184,"Anteroposterior chest X-ray obtained while the patient was in
bed.",['Figure 2'],radiology,x_ray,thorax,thorax,frontal,"['thorax', 'radiology', 'frontal', 'x_ray']","['radiology', 'thorax', 'x_ray']",True
file_0062421,PMC6444971_AER-13-184-g003_undivided_1_1.webp,PMC6444971_01_AER-13-184-g003.jpg,undivided,PMC6444971_01,CC BY-NC-SA,13924,"Chest radiography on postoperative day 13. Pneumothorax and pneumomediastinum are resolved, but residual subcutaneous emphysema is still noted in the net and left chest wall.",['Figure 3'],radiology,x_ray,thorax,thorax,frontal,"['thorax', 'radiology', 'frontal', 'x_ray']","['radiology', 'thorax', 'x_ray']",True
file_0062505,PMC6450228_JCE-29-23-g001_c_3_4.webp,PMC6450228_01_JCE-29-23-g001.jpg,c,PMC6450228_01,CC BY-NC-SA,8760,(c) Coronary-pulmonary fistula from the mid segment of the left anterior descending coronary artery (arrow).,['Figure 1c'],radiology,x_ray,thorax,thorax,oblique,"['thorax', 'radiology', 'oblique', 'x_ray']",[],True
file_0062506,PMC6450228_JCE-29-23-g001_d_4_4.webp,PMC6450228_01_JCE-29-23-g001.jpg,d,PMC6450228_01,CC BY-NC-SA,8452,(d) Coronary-pulmonary fistula from the right coronary artery (arrow).,['Figure 1d'],radiology,x_ray,thorax,thorax,oblique,"['thorax', 'radiology', 'oblique', 'x_ray']",[],True
file_0062507,PMC6450229_JCE-29-20-g001_undivided_1_1.webp,PMC6450229_01_JCE-29-20-g001.jpg,undivided,PMC6450229_01,CC BY-NC-SA,12494,Chest X-ray showing asymmetric lobar opacities.,['Figure 1'],radiology,x_ray,thorax,thorax,frontal,"['thorax', 'radiology', 'frontal', 'x_ray']","['radiology', 'thorax', 'x_ray', 'mass']",True
file_0062716,PMC6462151_PAMJ-31-95-g001_undivided_1_1.webp,PMC6462151_02_PAMJ-31-95-g001.jpg,undivided,PMC6462151_02,CC BY,28436,Chest X ray: bilateral alveolar opacities.,['Figure 1'],radiology,x_ray,thorax,thorax,frontal,"['thorax', 'radiology', 'frontal', 'x_ray']",[],True
file_0062754,PMC6463652_40248_2019_177_Fig2_HTML_undivided_1_1.webp,PMC6463652_01_40248_2019_177_Fig2_HTML.jpg,undivided,PMC6463652_01,CC BY,12840,"Chest X-ray showing bilateral pleural thickening in the upper and middle lung fields. The lung volume was reduced and reticulonodular shadows extended from the sub-pleura to deep inside the lungs, suggesting pulmonary fibrosis. The tracheal bifurcation was widened by traction of the upper lobes.",['Fig. 2'],radiology,x_ray,thorax,thorax,frontal,"['thorax', 'radiology', 'frontal', 'x_ray']","['radiology', 'thorax', 'x_ray']",True
file_0062830,PMC6467035_IJRI-29-94-g001_undivided_1_1.webp,PMC6467035_01_IJRI-29-94-g001.jpg,undivided,PMC6467035_01,CC BY-NC-SA,9424,Anteroposterior radiograph of the chest showing granular opacities in both lungs consistent with Respiratory distress syndrome.,['Figure 1'],radiology,x_ray,thorax,thorax,frontal,"['thorax', 'radiology', 'frontal', 'x_ray']","['radiology', 'frontal', 'anteroposterior']",True
file_0062831,PMC6467035_IJRI-29-94-g002_A_1_2.webp,PMC6467035_01_IJRI-29-94-g002.jpg,a,PMC6467035_01,CC BY-NC-SA,3050,"(A) Anteroposterior radiograph of the chest, 2 hours after birth shows development of pneumopericardium/pneumomediastinum (black arrows).",['Figure 2A and B'],radiology,x_ray,thorax,thorax,frontal,"['thorax', 'radiology', 'frontal', 'x_ray']","['radiology', 'frontal', 'anteroposterior']",True
file_0062835,PMC6467035_IJRI-29-94-g005_B_2_2.webp,PMC6467035_01_IJRI-29-94-g005.jpg,b,PMC6467035_01,CC BY-NC-SA,3950,"Lateral. Radiographs of the chest, after advancing a Bentson wire (black arrows), shows the wire in good position coursing through the pericardial/mediastinal space.",['Figure 5A and B'],radiology,x_ray,thorax,thorax,frontal,"['thorax', 'radiology', 'frontal', 'x_ray']","['radiology', 'thorax', 'x_ray']",True
file_0062847,PMC6467038_IJRI-29-77-g001_undivided_1_1.webp,PMC6467038_01_IJRI-29-77-g001.jpg,undivided,PMC6467038_01,CC BY-NC-SA,19624,Chest X-ray on the day of admission showing vast subcutaneous emphysema. Pneumothorax and pneumomediastinum are obscured by the extensive subcutaneous air.,['Figure 1'],radiology,x_ray,thorax,thorax,frontal,"['thorax', 'radiology', 'frontal', 'x_ray']","['radiology', 'thorax', 'x_ray']",True
file_0062848,PMC6467038_IJRI-29-77-g003_undivided_1_1.webp,PMC6467038_01_IJRI-29-77-g003.jpg,undivided,PMC6467038_01,CC BY-NC-SA,13630,Chest X-ray showing significant resolution of subcutaneous emphysema after 7 days.,['Figure 3'],radiology,x_ray,thorax,thorax,frontal,"['thorax', 'radiology', 'frontal', 'x_ray']","['radiology', 'thorax', 'x_ray']",True
file_0062871,PMC6467954_fmed-06-00065-g0001_A_1_2.webp,PMC6467954_01_fmed-06-00065-g0001.jpg,a,PMC6467954_01,CC BY,6024,(A) Anterior-Posterior chest radiograph on hospital day 1 showing diffuse consolidative airspace disease. Radiograph was taken immediately following ECMO cannulation after transfer to our tertiary care facility.,[],radiology,x_ray,thorax,thorax,frontal,"['thorax', 'radiology', 'frontal', 'x_ray']","['radiology', 'thorax', 'x_ray']",True
file_0062872,PMC6467954_fmed-06-00065-g0001_B_2_2.webp,PMC6467954_01_fmed-06-00065-g0001.jpg,b,PMC6467954_01,CC BY,7498,(B) Anterior-Posterior chest radiograph on hospital day 12 (4 days prior to discharge) showing decreased opacification of both the middle and lower lung zones with marked improvement of degree of airspace disease.,[],radiology,x_ray,thorax,thorax,frontal,"['thorax', 'radiology', 'frontal', 'x_ray']","['radiology', 'thorax', 'x_ray', 'mass']",True
file_0062990,PMC6477464_cro-0012-0131-g03_b_2_2.webp,PMC6477464_01_cro-0012-0131-g03.jpg,b,PMC6477464_01,CC BY-NC,7768,Follow-up post-operative images. (b) Cervicothoracic spine X-ray considered from the lateral view. Both images demonstrate status post complete T1 vertebra distraction with debulking of proven giant cell tumor by histopathology with applied anterior and posterior fixation hardwares.,['Fig. 3'],radiology,x_ray,neck,neck,frontal,"['neck', 'radiology', 'frontal', 'x_ray']",[],True
file_0063085,PMC6481263_ijccm-23-47-g001_undivided_1_1.webp,PMC6481263_01_ijccm-23-47-g001.jpg,undivided,PMC6481263_01,CC BY,13582,Chest X-ray of case 1 showing pulmonary hemorrhage.,['Fig. 1'],radiology,x_ray,thorax,thorax,frontal,"['thorax', 'radiology', 'frontal', 'x_ray']","['radiology', 'thorax', 'x_ray']",True
file_0063087,PMC6481266_ijccm-23-51-g002_undivided_1_1.webp,PMC6481266_01_ijccm-23-51-g002.jpg,undivided,PMC6481266_01,CC BY,17138,Chest X-ray AP view showing bilateral intercostal draining chest tubes.,['Fig. 2'],radiology,x_ray,thorax,thorax,frontal,"['thorax', 'radiology', 'frontal', 'x_ray']","['radiology', 'thorax', 'frontal', 'anteroposterior', 'x_ray']",True
file_0063146,PMC6487369_gr1_A_1_3.webp,PMC6487369_01_gr1.jpg,a,PMC6487369_01,CC BY,3218,Diagnosis progress. . A. Chest x-ray - left pleural effusion.,['Fig. 1A'],radiology,x_ray,thorax,thorax,frontal,"['thorax', 'radiology', 'frontal', 'x_ray']","['radiology', 'thorax', 'x_ray']",True
file_0063331,PMC6496995_JETS-12-58-g001_undivided_1_1.webp,PMC6496995_01_JETS-12-58-g001.jpg,undivided,PMC6496995_01,CC BY-NC-SA,25100,"Chest X-ray showing subcutaneous emphysema, pneumomediastinum (suspicious), the tip of the endotracheal tube in the right bronchus, and the overinflated tube cuff.",['Figure 1'],radiology,x_ray,thorax,thorax,frontal,"['thorax', 'radiology', 'frontal', 'x_ray']","['radiology', 'thorax', 'x_ray']",True
file_0063414,PMC6499096_1087_Fig4_undivided_1_1.webp,PMC6499096_01_1087_Fig4.jpg,undivided,PMC6499096_01,CC BY-NC,14268,Thoracic x-ray showing hyperostosis at the proximal extremities of the clavicles and in some sterno-costal joints.,[],radiology,x_ray,thorax,thorax,frontal,"['thorax', 'radiology', 'frontal', 'x_ray']","['radiology', 'thorax', 'x_ray']",True
file_0063837,PMC6529672_IDR-12-1277-g0001_A_1_3.webp,PMC6529672_01_IDR-12-1277-g0001.jpg,a,PMC6529672_01,CC BY-NC,4254,Chest radiograph and chest HRCT scan on admission. (A) showed patchy shadows in the right lung (arrows) and the lower left lung (arrow).,['Figure 1A'],radiology,x_ray,thorax,thorax,frontal,"['thorax', 'radiology', 'frontal', 'x_ray']",['radiology'],True
file_0063909,PMC6533102_10-1055-s-0039-1688771-i180432cr-1_A_1_2.webp,PMC6533102_01_10-1055-s-0039-1688771-i180432cr-1.jpg,a,PMC6533102_01,CC BY,4806,"A
) Chest X-ray of the patient showing pneumothorax on right side.",['Fig. 1A'],radiology,x_ray,thorax,thorax,frontal,"['thorax', 'radiology', 'frontal', 'x_ray']","['radiology', 'thorax', 'x_ray']",True
file_0064030,PMC6542490_1115_Fig1_undivided_1_1.webp,PMC6542490_01_1115_Fig1.jpg,undivided,PMC6542490_01,CC BY-NC,12486,Chest X-ray showing an enlargement of the mediastinum.,['Fig. 1'],radiology,x_ray,thorax,thorax,frontal,"['thorax', 'radiology', 'frontal', 'x_ray']","['radiology', 'thorax', 'x_ray']",True
file_0064225,PMC6556755_gr1_undivided_1_1.webp,PMC6556755_01_gr1.jpg,undivided,PMC6556755_01,CC BY,10244,Chest X Ray showing dextrocardia with stomach fundic gas shadow on Right side.,['Fig. 1'],radiology,x_ray,thorax,thorax,frontal,"['thorax', 'radiology', 'frontal', 'x_ray']",[],True
file_0064282,PMC6559978_TPA-54-57-g001_undivided_1_1.webp,PMC6559978_01_TPA-54-57-g001.jpg,undivided,PMC6559978_01,CC BY-NC-SA,47264,Atresic enlarged upper esophagus as a sign of esophageal atresia on lung radiography (arrow).,['Fig. 1'],radiology,x_ray,thorax,thorax,frontal,"['thorax', 'radiology', 'frontal', 'x_ray']","['radiology', 'x_ray']",True
file_0064335,PMC6560984_PAMJ-32-82-g001_undivided_1_1.webp,PMC6560984_01_PAMJ-32-82-g001.jpg,undivided,PMC6560984_01,CC BY,73938,Chest X-ray showing moderate cardiomegaly with mild vascular engorgement with perivascular cuffing.,['Figure 1'],radiology,x_ray,thorax,thorax,frontal,"['thorax', 'radiology', 'frontal', 'x_ray']","['radiology', 'thorax', 'x_ray']",True
file_0064430,PMC6563758_fped-07-00221-g0002_b_2_2.webp,PMC6563758_01_fped-07-00221-g0002.jpg,b,PMC6563758_01,CC BY,9240,(b) Chest X-ray post-ECMO.,['Figure 2b'],radiology,x_ray,thorax,thorax,frontal,"['thorax', 'radiology', 'frontal', 'x_ray']","['radiology', 'thorax', 'x_ray']",True
file_0064491,PMC6580309_gr1_undivided_1_1.webp,PMC6580309_01_gr1.jpg,undivided,PMC6580309_01,CC BY,13756,Preoperative chest radiograph clearly demonstrating mediastinal loops of bowel.,['Fig. 1'],radiology,x_ray,thorax,thorax,sagittal,"['thorax', 'radiology', 'sagittal', 'x_ray']","['radiology', 'thorax', 'x_ray']",True
file_0064494,PMC6580310_gr1_undivided_1_1.webp,PMC6580310_01_gr1.jpg,undivided,PMC6580310_01,CC BY,13798,A computed tomographic scan of the chest shows an anterior mediastinal mass.,['Fig. 1'],radiology,x_ray,thorax,thorax,frontal,"['thorax', 'radiology', 'frontal', 'x_ray']",[],True
file_0064549,PMC6584906_gr2_A_1_2.webp,PMC6584906_01_gr2.jpg,a,PMC6584906_01,CC BY,10584,"AP and lateral X-ray views of the infant chest and abdomen. A: AP X-ray view of infant's chest and abdomen showing accessory foot from the right gluteal region having rudimentary 2 metatarsals and phalanges (2 toes), duplication of labia and a fused sacral vertebral body.",[],radiology,x_ray,abdomen,abdomen,frontal,"['abdomen', 'radiology', 'frontal', 'x_ray']","['radiology', 'x_ray']",True
file_0064550,PMC6584906_gr2_B_2_2.webp,PMC6584906_01_gr2.jpg,b,PMC6584906_01,CC BY,7186,AP and lateral X-ray views of the infant chest and abdomen. B: lateral X-ray view of infant's chest and abdomen showing accessory foot from the right gluteal region having rudimentary 2 metatarsals and phalanges (2 toes) and fused sacral vertebral body.,[],radiology,x_ray,head,head,sagittal,"['head', 'radiology', 'sagittal', 'x_ray']","['radiology', 'x_ray']",True
file_0064649,PMC6586085_ZJCH_A_1608140_F0001_B_undivided_1_1.webp,PMC6586085_01_ZJCH_A_1608140_F0001_B.jpg,undivided,PMC6586085_01,CC BY-NC,18590,Chest x rays from admission showing bilateral interstitial infiltrates (1A) and from 2 weeks showing complete resolution (1B).,[],radiology,x_ray,thorax,thorax,frontal,"['thorax', 'radiology', 'frontal', 'x_ray']",[],True
file_0064845,PMC6593920_NCI-6-192-g002_left_1_1.webp,PMC6593920_01_NCI-6-192-g002.jpg,left,PMC6593920_01,CC BY-NC-SA,20102,Chest X-ray demonstrating dextrocardia and left-sided chest wall deformities.,['Fig. 2'],radiology,x_ray,thorax,thorax,frontal,"['thorax', 'radiology', 'frontal', 'x_ray']","['radiology', 'thorax', 'x_ray']",True
file_0064883,PMC6598396_fped-07-00255-g0001_A_1_6.webp,PMC6598396_02_fped-07-00255-g0001.jpg,a,PMC6598396_02,CC BY,5548,(A) Chest X-ray image exhibiting increased bronchoalveolar infiltration over the right lung field.,[],radiology,x_ray,thorax,thorax,frontal,"['thorax', 'radiology', 'frontal', 'x_ray']","['radiology', 'thorax', 'x_ray']",True
file_0064887,PMC6598396_fped-07-00255-g0001_E_5_6.webp,PMC6598396_02_fped-07-00255-g0001.jpg,e,PMC6598396_02,CC BY,8220,(E) Mother's chest X-ray image exhibiting a miliary TB pattern.,['Figure 1E'],radiology,x_ray,thorax,thorax,frontal,"['thorax', 'radiology', 'frontal', 'x_ray']","['radiology', 'thorax', 'x_ray']",True
file_0064934,PMC6600041_gr1_undivided_1_1.webp,PMC6600041_01_gr1.jpg,undivided,PMC6600041_01,CC BY,14270,Chest X-ray after chest drainage revealed a right PTX and bilateral bullous lesions at the lung apex.,['Fig. 1'],radiology,x_ray,thorax,thorax,frontal,"['thorax', 'radiology', 'frontal', 'x_ray']","['radiology', 'thorax', 'x_ray', 'mass']",True
file_0064940,PMC6600041_gr5_undivided_1_1.webp,PMC6600041_01_gr5.jpg,undivided,PMC6600041_01,CC BY,34114,Chest X-ray showing multinumber chest tubes due to repeated bilateral PTX.,['Fig. 5'],radiology,x_ray,thorax,thorax,frontal,"['thorax', 'radiology', 'frontal', 'x_ray']","['radiology', 'thorax', 'x_ray']",True
file_0064962,PMC6604449_13569_2019_120_Fig1_HTML_b_2_2.webp,PMC6604449_01_13569_2019_120_Fig1_HTML.jpg,b,PMC6604449_01,CC BY,21000,Initial radiography of Lesions. B; T1 MRI of the chest showing the T9 pathologic fracture (arrow).,['Fig. 1b'],radiology,x_ray,upper_limb,shoulder,frontal,"['radiology', 'upper_limb', 'frontal', 'shoulder', 'x_ray']",['radiology'],True
file_0065084,PMC6609783_gr3_a_1_4.webp,PMC6609783_01_gr3.jpg,a,PMC6609783_01,CC BY,6496,A; Chest X-ray showed a cavity-lesion in the right middle field.,['Fig. 3a'],radiology,x_ray,thorax,thorax,frontal,"['thorax', 'radiology', 'frontal', 'x_ray']","['radiology', 'thorax', 'x_ray', 'mass']",True
file_0065163,PMC6614545_gr4_undivided_1_1.webp,PMC6614545_01_gr4.jpg,undivided,PMC6614545_01,CC BY,18706,Afteroperative chest X-ray: formed right diaphragmatic dome at the seventh intercostal space.,['Fig. 4'],radiology,x_ray,thorax,thorax,frontal,"['thorax', 'radiology', 'frontal', 'x_ray']","['radiology', 'thorax', 'x_ray']",True
file_0065165,PMC6614753_gr1_undivided_1_1.webp,PMC6614753_01_gr1.jpg,undivided,PMC6614753_01,CC BY,15634,Opacity at the left hemithorax with evidence of effusion.,[],radiology,x_ray,thorax,thorax,frontal,"['thorax', 'radiology', 'frontal', 'x_ray']",[],True
file_0065362,PMC6646529_fvets-06-00237-g0003_undivided_1_1.webp,PMC6646529_01_fvets-06-00237-g0003.jpg,undivided,PMC6646529_01,CC BY,19190,Repeat ventrodorsal thoracic radiographs following thoracostomy tube removal. There is marked improvement in pulmonary contusions with persistence of a heavy coalescing mixed interstitial and alveolar pattern persisting diffusely in the right hemithorax. Pneumothorax (arrows) also persistent.,['Figure 3'],radiology,x_ray,thorax,thorax,frontal,"['thorax', 'radiology', 'frontal', 'x_ray']","['radiology', 'thorax', 'x_ray']",True
file_0065420,PMC6660579_gr2_undivided_1_1.webp,PMC6660579_01_gr2.jpg,undivided,PMC6660579_01,CC BY,10480,Chest x-ray shows the ovalization of the tracheal lumen (arrow).,['Fig. 2'],radiology,x_ray,thorax,thorax,frontal,"['thorax', 'radiology', 'frontal', 'x_ray']","['radiology', 'thorax', 'x_ray']",True
file_0065523,PMC6671875_autopsy-03-01063-g03_undivided_1_1.webp,PMC6671875_01_autopsy-03-01063-g03.jpg,undivided,PMC6671875_01,CC BY-NC,6986,"- Posterior-to-anterior chest radiography showing air entrapment in the right hemithorax, with a chest tube inserted, mediastinal shift to the left, with no trachea deviation. Pneumopericardium (arrow) is represented by a thin air layer detaching the pericardium.",['Figure 3'],radiology,x_ray,thorax,thorax,frontal,"['thorax', 'radiology', 'frontal', 'x_ray']","['radiology', 'thorax', 'x_ray']",True
file_0065539,PMC6671883_autopsy-03-01005-g01_undivided_1_1.webp,PMC6671883_01_autopsy-03-01005-g01.jpg,undivided,PMC6671883_01,CC BY-NC,15962,- Complete opacification of the right hemithorax. Note obliteration of ipsilateral main bronchus and foci of perihilar alveolar opacity on the left lung.,['Figure 1'],radiology,x_ray,thorax,thorax,frontal,"['thorax', 'radiology', 'frontal', 'x_ray']",[],True
file_0065587,PMC6676783_AJLM-8-783-g002_undivided_1_1.webp,PMC6676783_01_AJLM-8-783-g002.jpg,undivided,PMC6676783_01,CC BY,24342,Plain X-ray demonstrating unremarkable features of the chest.,['Figure 2'],radiology,x_ray,thorax,thorax,frontal,"['thorax', 'radiology', 'frontal', 'x_ray']","['radiology', 'thorax', 'x_ray']",True
file_0065948,PMC6702892_JCIS-9-7-g001_undivided_1_1.webp,PMC6702892_01_JCIS-9-7-g001.jpg,undivided,PMC6702892_01,CC BY-NC-SA,8482,Chest X-ray revealed a large soft-tissue opacity over the medial aspect of the left upper zone.,['Figure 1'],radiology,x_ray,thorax,thorax,frontal,"['thorax', 'radiology', 'frontal', 'x_ray']","['radiology', 'thorax', 'x_ray', 'mass']",True
file_0066136,PMC6716019_fcvm-06-00124-g0001_B_2_8.webp,PMC6716019_01_fcvm-06-00124-g0001.jpg,b,PMC6716019_01,CC BY,2316,"(B,C) Chest radiograph and 12-leads-electrocardiogram obtained on the admission day.",['Figure 1B'],radiology,x_ray,thorax,thorax,frontal,"['thorax', 'radiology', 'frontal', 'x_ray']",[],True
file_0066420,PMC6735298_ZJCH_A_1640017_F0003_B_undivided_1_1.webp,PMC6735298_01_ZJCH_A_1640017_F0003_B.jpg,undivided,PMC6735298_01,CC BY-NC,22530,"Chest x-ray shows moderate right effusion, hazy opacities at the right lung base and vague ground glass changes in the left lung base.",[],radiology,x_ray,thorax,thorax,frontal,"['thorax', 'radiology', 'frontal', 'x_ray']","['radiology', 'thorax', 'x_ray', 'mass']",True
file_0066425,PMC6735351_ZJCH_A_1634409_F0001_OC_undivided_1_1.webp,PMC6735351_01_ZJCH_A_1634409_F0001_OC.jpg,undivided,PMC6735351_01,CC BY-NC,12356,Chest X ray before thoracentesis. It shows large right-sided pleural effusion.,['Figure 1'],radiology,x_ray,thorax,thorax,frontal,"['thorax', 'radiology', 'frontal', 'x_ray']",[],True
file_0066427,PMC6735351_ZJCH_A_1634409_F0003_OC_undivided_1_1.webp,PMC6735351_01_ZJCH_A_1634409_F0003_OC.jpg,undivided,PMC6735351_01,CC BY-NC,6872,"Post thoracentesis chest X-ray. It shows improvement in the right-sided pleural effusion, and absence of consolidation.",['Figure 3'],radiology,x_ray,thorax,thorax,sagittal,"['thorax', 'radiology', 'sagittal', 'x_ray']","['radiology', 'thorax', 'x_ray']",True
file_0066600,PMC6742866_JOCR-9-34-g002_a_1_3.webp,PMC6742866_01_JOCR-9-34-g002.jpg,a,PMC6742866_01,CC BY-NC-SA,3058,Lateral view of cervical and thoracic vertebra (a and b) showing flowing wax appearance of osteophytes.,['Fig. 2'],radiology,x_ray,neck,neck,sagittal,"['neck', 'radiology', 'sagittal', 'x_ray']","['radiology', 'sagittal']",True
file_0066601,PMC6742866_JOCR-9-34-g002_b_2_3.webp,PMC6742866_01_JOCR-9-34-g002.jpg,b,PMC6742866_01,CC BY-NC-SA,3990,Lateral view of cervical and thoracic vertebra (a and b) showing flowing wax appearance of osteophytes.,['Fig. 2'],radiology,x_ray,thorax,thorax,sagittal,"['thorax', 'radiology', 'sagittal', 'x_ray']","['radiology', 'sagittal']",True
file_0066797,PMC6744745_SNI-10-155-g001_a_1_3.webp,PMC6744745_01_SNI-10-155-g001.jpg,a,PMC6744745_01,CC BY-NC-SA,4592,"Pre-operative imaging,. Lateral thoracic X-ray, shows normal kyphosis.",['Figure 1'],radiology,x_ray,thorax,thorax,sagittal,"['thorax', 'radiology', 'sagittal', 'x_ray']","['radiology', 'thorax', 'x_ray']",True
file_0066800,PMC6744745_SNI-10-155-g002_a_1_3.webp,PMC6744745_01_SNI-10-155-g002.jpg,a,PMC6744745_01,CC BY-NC-SA,7156,"Intra and post-operative portable chest X-rays;. OR - X-ray shows right-sided TPT, and ,shrinkage of right lung (white arrows).",['Figure 2a'],radiology,x_ray,thorax,thorax,frontal,"['thorax', 'radiology', 'frontal', 'x_ray']","['radiology', 'thorax', 'x_ray']",True
file_0066801,PMC6744745_SNI-10-155-g002_b_2_3.webp,PMC6744745_01_SNI-10-155-g002.jpg,b,PMC6744745_01,CC BY-NC-SA,7140,"X-ray in OR, with a chest tube, the right lung is shrunken yet (white arrows), the tip of the chest tube is kinked, but a few minutes later, it was replaced.",['Figure 2b'],radiology,x_ray,thorax,thorax,frontal,"['thorax', 'radiology', 'frontal', 'x_ray']","['radiology', 'thorax', 'x_ray']",True
file_0066802,PMC6744745_SNI-10-155-g002_c_3_3.webp,PMC6744745_01_SNI-10-155-g002.jpg,c,PMC6744745_01,CC BY-NC-SA,8460,"A few days later, the lung is expanded and no pneumothorax is seen.",['Figure 2c'],radiology,x_ray,thorax,thorax,frontal,"['thorax', 'radiology', 'frontal', 'x_ray']",[],True
file_0066813,PMC6744752_SNI-10-118-g001_undivided_1_1.webp,PMC6744752_01_SNI-10-118-g001.jpg,undivided,PMC6744752_01,CC BY-NC-SA,22156,Initial placement of the thoracic epidural paddle at the T10-T11 vertebrae.,['Figure 1'],radiology,x_ray,abdomen,abdomen,frontal,"['abdomen', 'radiology', 'frontal', 'x_ray']",[],True
file_0066981,PMC6744810_SNI-10-129-g005_d_4_4.webp,PMC6744810_01_SNI-10-129-g005.jpg,d,PMC6744810_01,CC BY-NC-SA,8660,"(d) Chest radiography centered on the clavicle. Inside the dotted white circle, note the inflated balloon and catheter fragment at the level of the right common carotid's origin. White arrow shows the tip of the guide catheter at the level of the right brachiocephalic trunk.",['Figure 5'],radiology,x_ray,thorax,thorax,oblique,"['thorax', 'radiology', 'oblique', 'x_ray']","['radiology', 'thorax', 'x_ray']",True
file_0067271,PMC6774650_1218_Fig2_undivided_1_1.webp,PMC6774650_01_1218_Fig2.jpg,undivided,PMC6774650_01,CC BY-NC,21668,Chest x-ray showing homogeneous hypotransparency in the medial third of the left lung field.,[],radiology,x_ray,thorax,thorax,frontal,"['thorax', 'radiology', 'frontal', 'x_ray']","['radiology', 'thorax', 'x_ray']",True
file_0067322,PMC6777179_PWKI-15-37681-g001_A_1_4.webp,PMC6777179_01_PWKI-15-37681-g001.jpg,a,PMC6777179_01,CC BY-NC-SA,18508,A - The pulmonary angiography shows left pulmonary artery stenosis.,[],radiology,x_ray,thorax,thorax,oblique,"['thorax', 'radiology', 'oblique', 'x_ray']","['radiology', 'angiography']",True
file_0067323,PMC6777179_PWKI-15-37681-g001_B_2_4.webp,PMC6777179_01_PWKI-15-37681-g001.jpg,b,PMC6777179_01,CC BY-NC-SA,8736,"B - The covered stent (CP 8ZIG 45 mm, NuMED) was implanted in the pulmonary artery. Reverse flow is visible in the azygos vein.",['Figure 1 B'],radiology,x_ray,thorax,thorax,oblique,"['thorax', 'radiology', 'oblique', 'x_ray']",[],True
file_0067325,PMC6777179_PWKI-15-37681-g001_D_4_4.webp,PMC6777179_01_PWKI-15-37681-g001.jpg,d,PMC6777179_01,CC BY-NC-SA,7812,"D - The final angiography reveals almost complete resolution of the in-stent thrombus and restoration of the circulation to segmental arteries of the left pulmonary artery. SVC - superior vena cava, AV - azygos vein, RPA - right pulmonary artery, LPA - left pulmonary artery.",['Figure 1 D'],radiology,x_ray,abdomen,abdomen,frontal,"['abdomen', 'radiology', 'frontal', 'x_ray']","['radiology', 'angiography']",True
file_0067490,PMC6792362_1678-9946-rimtsp-61-S1678-9946201961058-gf03_undivided_1_1.webp,PMC6792362_01_1678-9946-rimtsp-61-S1678-9946201961058-gf03.jpg,undivided,PMC6792362_01,CC BY-NC,27000,"Chest x-ray showing nodules with predominantly central distribution affecting both lungs, some with signs of cavitation and bilateral perihilar reticular infiltrate.",['Figure 3'],radiology,x_ray,thorax,thorax,frontal,"['thorax', 'radiology', 'frontal', 'x_ray']","['radiology', 'thorax', 'x_ray', 'mass']",True
file_0067520,PMC6795681_fvets-06-00352-g0001_A_1_3.webp,PMC6795681_01_fvets-06-00352-g0001.jpg,a,PMC6795681_01,CC BY,8264,Marked mixed pulmonary pattern with diffuse radiographic lesions in a 7-month-old Miniature Poodle presented with respiratory decompensation while receiving appropriate antimicrobials. Right.,['Figure 1'],radiology,x_ray,thorax,thorax,sagittal,"['thorax', 'radiology', 'sagittal', 'x_ray']",[],True
file_0067521,PMC6795681_fvets-06-00352-g0001_B_2_3.webp,PMC6795681_01_fvets-06-00352-g0001.jpg,b,PMC6795681_01,CC BY,11896,"Marked mixed pulmonary pattern with diffuse radiographic lesions in a 7-month-old Miniature Poodle presented with respiratory decompensation while receiving appropriate antimicrobials. Left lateral radiographic projections showing bilateral diffuse lesions characterized by marked diffuse small airway thickening (white arrow), peribronchial cuffing and multifocal alveolar pattern (*) with air bronchograms (arrowheads). Incidentally, intra-thoracic tracheal luminal diameter (doubleheaded arrows) varied on average 28% between both lateral projections suggesting dynamic tracheal collapse. The tracheal bifurcation and principal bronchus were narrowed on the left lateral projection.",['Figure 1'],radiology,x_ray,thorax,thorax,sagittal,"['thorax', 'radiology', 'sagittal', 'x_ray']","['radiology', 'sagittal']",True
file_0067522,PMC6795681_fvets-06-00352-g0001_C_3_3.webp,PMC6795681_01_fvets-06-00352-g0001.jpg,c,PMC6795681_01,CC BY,8124,"Marked mixed pulmonary pattern with diffuse radiographic lesions in a 7-month-old Miniature Poodle presented with respiratory decompensation while receiving appropriate antimicrobials. (C) On the ventrodorsal projection, the left cranial lung lobe is completely opacified (*) and the cardiac silhouette is shifted to the left (long horizontal arrow). The lesions are centered around the lobar and segmental bronchi (short arrows) and decrease in severity toward the periphery. The left caudal lung lobe (LCd; flared arrows) is the second most severely affected lobe after the left cranial lobe.",['Figure 1'],radiology,x_ray,thorax,thorax,sagittal,"['thorax', 'radiology', 'sagittal', 'x_ray']",[],True
file_0067531,PMC6795681_fvets-06-00352-g0004_A_1_3.webp,PMC6795681_01_fvets-06-00352-g0004.jpg,a,PMC6795681_01,CC BY,11988,"Five years post left cranial lobectomy, radiographic lesions were still present especially in the left caudal lung lobe of a 6-year-old Miniature poodle. (A) Left lateral projection showing several areas of increased opacity in the cranioventral, caudoventral and caudodorsal lung field (arrows). In the caudodorsal lung field, a large bronchus (arrowhead) is dilated and does not taper as it extends toward the periphery indicating bronchiectasis. In the more severe opacified areas, small air bronchograms are seen (white arrow).",['Figure 4'],radiology,x_ray,thorax,thorax,sagittal,"['thorax', 'radiology', 'sagittal', 'x_ray']","['radiology', 'sagittal']",True
file_0067532,PMC6795681_fvets-06-00352-g0004_B_2_3.webp,PMC6795681_01_fvets-06-00352-g0004.jpg,b,PMC6795681_01,CC BY,22084,"Five years post left cranial lobectomy, radiographic lesions were still present especially in the left caudal lung lobe of a 6-year-old Miniature poodle. (B) Right lateral projection revealing radiographic lesions (black and white arrows) similar to those on the left and most prominent in the caudodorsal lung field. They are less extensive in the ventral aspect of the thorax in comparison to the left lateral view. Note that some lesions maybe less distinct due to motion artifact.",['Figure 4'],radiology,x_ray,thorax,thorax,sagittal,"['thorax', 'radiology', 'sagittal', 'x_ray']","['radiology', 'sagittal']",True
file_0067533,PMC6795681_fvets-06-00352-g0004_C_3_3.webp,PMC6795681_01_fvets-06-00352-g0004.jpg,c,PMC6795681_01,CC BY,9856,"Five years post left cranial lobectomy, radiographic lesions were still present especially in the left caudal lung lobe of a 6-year-old Miniature poodle. (C) As expected following left cranial lobectomy, leftward mediastinal shift remains visible (black arrow) on the ventrodorsal projection. The borders of the left caudal lobe appear retracted (arrowhead) and the lung lobe is increased in opacity. Lesions are most severe centrally and less extensive toward the periphery. Similarly, radiographic opacity is increased (white arrows) surrounding major lobar structures (vessels and bronchus) of the right lung and gradually diminish in periphery of the lung.",['Figure 4'],radiology,x_ray,thorax,thorax,sagittal,"['thorax', 'radiology', 'sagittal', 'x_ray']",[],True
file_0067730,PMC6806250_EXCLI-18-893-g-001_undivided_1_1.webp,PMC6806250_02_EXCLI-18-893-g-001.jpg,undivided,PMC6806250_02,CC BY,11680,"Chest X-ray scan revealed a tumor shadow in the right hilar area, an invasive shadow in the left middle and lower lung fields, and pleural effusion on both sides.","['Figure 1', 'Fig. 1']",radiology,x_ray,thorax,thorax,frontal,"['thorax', 'radiology', 'frontal', 'x_ray']","['radiology', 'thorax', 'x_ray', 'mass']",True
file_0067791,PMC6814917_PAMJ-33-259-g001_undivided_1_1.webp,PMC6814917_01_PAMJ-33-259-g001.jpg,undivided,PMC6814917_01,CC BY,7306,"An anteroposterior chest x-ray showing the path of the guidewire through the inferior vena cava, right atrium, the superior vena cava, the innominate vein and into the left internal Jugular vein. The pelvic x-ray showing the tip of the guidewire in the pelvis (right femoral vein).",['Figure 1'],radiology,x_ray,thorax,thorax,frontal,"['thorax', 'radiology', 'frontal', 'x_ray']","['radiology', 'x_ray']",True
file_0067793,PMC6814919_PAMJ-33-256-g001_undivided_1_1.webp,PMC6814919_01_PAMJ-33-256-g001.jpg,undivided,PMC6814919_01,CC BY,15166,"Preoperative erect chest x-ray of case 1 showing an irregularly shaped homogenous opacity in the right lower zone, loss of the right hemidiaphragmatic contour, a chest tube and minimal subcutaneous emphysema. Preoperative chest CT scan of case 1 showing a complete rupture of right hemidiaphragm with herniated liver with capsular laceration.",[],radiology,x_ray,thorax,thorax,frontal,"['thorax', 'radiology', 'frontal', 'x_ray']",['radiology'],True
file_0067814,PMC6815478_PAMJ-33-327-g001_undivided_1_1.webp,PMC6815478_02_PAMJ-33-327-g001.jpg,undivided,PMC6815478_02,CC BY,44586,Chest radiography (X-ray) showing abundant right thorax effusion.,['Figure 1'],radiology,x_ray,thorax,thorax,frontal,"['thorax', 'radiology', 'frontal', 'x_ray']","['radiology', 'thorax', 'x_ray']",True
file_0067833,PMC6815506_PAMJ-33-287-g003_undivided_1_1.webp,PMC6815506_01_PAMJ-33-287-g003.jpg,undivided,PMC6815506_01,CC BY,15390,A repeat chest x-ray after 48 hours showing adequate re-expansion.,['Figure 3'],radiology,x_ray,thorax,thorax,frontal,"['thorax', 'radiology', 'frontal', 'x_ray']","['radiology', 'thorax', 'x_ray']",True
file_0067935,PMC6823622_fped-07-00444-g0002_A_1_2.webp,PMC6823622_02_fped-07-00444-g0002.jpg,a,PMC6823622_02,CC BY,4942,"Anteroposterior . Even if in (A) the venous cannula seems to have a correct position, lateral chest X-ray reveals that the tip (c) of the venous cannula lies posteriorly to the heart.",['Figure 2'],radiology,x_ray,thorax,thorax,frontal,"['thorax', 'radiology', 'frontal', 'x_ray']","['radiology', 'thorax', 'x_ray']",True
file_0067936,PMC6823622_fped-07-00444-g0002_B_2_2.webp,PMC6823622_02_fped-07-00444-g0002.jpg,b,PMC6823622_02,CC BY,2010,"Lateral. Chest X-ray: Drainage cannula (12 French) inserted in the jugular vein (a), inflow cannula (8 French) inserted in the carotid artery (b), and cannula tip (c).",['Figure 2'],radiology,x_ray,thorax,thorax,frontal,"['thorax', 'radiology', 'frontal', 'x_ray']","['radiology', 'thorax', 'x_ray']",True
file_0068033,PMC6831730_gr1_a_1_2.webp,PMC6831730_01_gr1.jpg,a,PMC6831730_01,CC BY,12304,"A. Chest X-ray showing an enlarged mediastinal shadow, left atelectasis, and pleural effusion.",['Fig. 1a'],radiology,x_ray,thorax,thorax,frontal,"['thorax', 'radiology', 'frontal', 'x_ray']","['radiology', 'thorax', 'x_ray']",True
file_0068035,PMC6831730_gr2_undivided_1_1.webp,PMC6831730_01_gr2.jpg,undivided,PMC6831730_01,CC BY,14696,Chest X-ray three months post-chemotherapy showing tumor reduction.,['Fig. 2'],radiology,x_ray,thorax,thorax,frontal,"['thorax', 'radiology', 'frontal', 'x_ray']","['radiology', 'thorax', 'x_ray', 'mass']",True
file_0068097,PMC6837769_SAJR-23-1733-g001_a_1_2.webp,PMC6837769_01_SAJR-23-1733-g001.jpg,a,PMC6837769_01,CC BY,8202,"Frontal chest radiograph (CXR):. Initial CXR on presentation demonstrates complete opacification of the left hemithorax with resultant mediastinal shift to the right, and ,cut-off of the left main bronchus (black arrow).",['Figure 1a and b'],radiology,x_ray,thorax,thorax,frontal,"['thorax', 'radiology', 'frontal', 'x_ray']","['radiology', 'thorax', 'x_ray', 'mass']",True
file_0068098,PMC6837769_SAJR-23-1733-g001_b_2_2.webp,PMC6837769_01_SAJR-23-1733-g001.jpg,b,PMC6837769_01,CC BY,9548,CXR post left chest wall/pleural biopsy. Left pneumothorax (white arrow) with the left intercostal drain in-situ (black arrow). Associated surgical emphysema of the left chest wall (white stars).,['Figure 1a and b'],radiology,x_ray,thorax,thorax,frontal,"['thorax', 'radiology', 'frontal', 'x_ray']","['radiology', 'thorax', 'x_ray']",True
file_0068146,PMC6837811_SAJR-22-1326-g003_undivided_1_1.webp,PMC6837811_01_SAJR-22-1326-g003.jpg,undivided,PMC6837811_01,CC BY,15768,Postero-anterior radiograph of the upper chest shows aplasia of lateral two-thirds of both clavicles (white arrows) and a bell-shaped thorax.,['Figure 3'],radiology,x_ray,thorax,thorax,frontal,"['thorax', 'radiology', 'frontal', 'x_ray']","['radiology', 'thorax', 'x_ray']",True
file_0068239,PMC6839014_gr1_I_1_1.webp,PMC6839014_01_gr1.jpg,i,PMC6839014_01,CC BY,22060,I) Preoperative sagittal T1 weighted magnetic resonance imaging showing a hypointense lesion with dorsal extrusion in T5 and less than 50% vertebral body collapse. . II) Sagittal computed tomography scan showing expansile irregular osteolytic lesion of T5 vertebral body and involvement of the anterior and posterior wall. . III) Lateral thoracic radiography after decompression of T5 and dorsal instrumented stabilization of T4-T6.,['Fig. 1'],radiology,x_ray,thorax,thorax,sagittal,"['thorax', 'radiology', 'sagittal', 'x_ray']",['radiology'],True
file_0068277,PMC6849062_acc-2016-00164f1_A_1_3.webp,PMC6849062_02_acc-2016-00164f1.jpg,a,PMC6849062_02,CC BY-NC,13150,"A chest X-ray revealing a massive pleural effusion in the right thoracic
cavity (A).",[],radiology,x_ray,thorax,thorax,frontal,"['thorax', 'radiology', 'frontal', 'x_ray']","['radiology', 'thorax', 'x_ray']",True
file_0068280,PMC6849062_acc-2016-00164f2_A_1_2.webp,PMC6849062_02_acc-2016-00164f2.jpg,a,PMC6849062_02,CC BY-NC,11546,"(A) A chest X-ray showing localized effusions in the right pleural cavity
just before discharge.",['Figure 2A'],radiology,x_ray,thorax,thorax,frontal,"['thorax', 'radiology', 'frontal', 'x_ray']","['radiology', 'thorax', 'x_ray']",True
file_0068281,PMC6849062_acc-2016-00164f2_B_2_2.webp,PMC6849062_02_acc-2016-00164f2.jpg,b,PMC6849062_02,CC BY-NC,11766,"(B) There was no aggravating chylothorax in a
follow-up chest X-ray 9 months after discharge.",['Figure 2B'],radiology,x_ray,thorax,thorax,frontal,"['thorax', 'radiology', 'frontal', 'x_ray']","['radiology', 'thorax', 'x_ray']",True
file_0068418,PMC6859058_PAMJ-34-51-g003_undivided_1_1.webp,PMC6859058_02_PAMJ-34-51-g003.jpg,undivided,PMC6859058_02,CC BY,4300,Chest X-ray showing metastasis and pleurisy on the left.,['Figure 3'],radiology,x_ray,thorax,thorax,frontal,"['thorax', 'radiology', 'frontal', 'x_ray']","['radiology', 'thorax', 'malignant', 'x_ray', 'mass']",True
file_0068472,PMC6864328_gr1_undivided_1_1.webp,PMC6864328_01_gr1.jpg,undivided,PMC6864328_01,CC BY,12062,Chest X-ray showing mass in superior mediastinum.,['Fig. 1'],radiology,x_ray,thorax,thorax,frontal,"['thorax', 'radiology', 'frontal', 'x_ray']","['radiology', 'thorax', 'x_ray', 'mass']",True
file_0068477,PMC6864329_gr2_A_1_3.webp,PMC6864329_01_gr2.jpg,a,PMC6864329_01,CC BY,4134,"A, Postoperative anteroposterior chest radiograph showing two pectus bars in place.",['Fig. 2A'],radiology,x_ray,thorax,thorax,frontal,"['thorax', 'radiology', 'frontal', 'x_ray']","['radiology', 'thorax', 'x_ray']",True
file_0068478,PMC6864329_gr2_B_2_3.webp,PMC6864329_01_gr2.jpg,b,PMC6864329_01,CC BY,6162,"B, Posteroranterior and lateral chest radiographs showing bar slippage.","['Fig. 2B, C']",radiology,x_ray,thorax,thorax,frontal,"['thorax', 'radiology', 'frontal', 'x_ray']","['radiology', 'thorax', 'x_ray']",True
file_0068479,PMC6864329_gr2_C_3_3.webp,PMC6864329_01_gr2.jpg,c,PMC6864329_01,CC BY,3972,"C, Anteroposterior chest radiograph after removal of slipped bar.","['Fig. 2B, C']",radiology,x_ray,thorax,thorax,frontal,"['thorax', 'radiology', 'frontal', 'x_ray']","['radiology', 'thorax', 'x_ray']",True
file_0068494,PMC6867963_fped-07-00468-g0001_undivided_1_1.webp,PMC6867963_01_fped-07-00468-g0001.jpg,undivided,PMC6867963_01,CC BY,16880,"Chest x-ray at clinical onset of symptoms, consistent with diffuse alveolar hemorrhage (DAH). There can be observed infiltrative opacification pattern mainly seen in the mid zones with apical sparing suggestive for impaired pulmonary microcirculation. There can be noticed areas of subdiaphragmatic air due to laparoscopy.",['Figure 1'],radiology,x_ray,thorax,thorax,frontal,"['thorax', 'radiology', 'frontal', 'x_ray']","['radiology', 'thorax', 'x_ray', 'mass']",True
file_0068496,PMC6867963_fped-07-00468-g0003_undivided_1_1.webp,PMC6867963_01_fped-07-00468-g0003.jpg,undivided,PMC6867963_01,CC BY,17582,Chest x-ray after 48 h showing both lungs clear of significant parenchymal opacities and no signs of pleural effusions.,['Figure 3'],radiology,x_ray,thorax,thorax,frontal,"['thorax', 'radiology', 'frontal', 'x_ray']","['radiology', 'thorax', 'x_ray']",True
file_0068581,PMC6879981_gr2_B_2_3.webp,PMC6879981_01_gr2.jpg,b,PMC6879981_01,CC BY,26552,Preoperative radiographs of a 24-year-old woman with cleidocranial dysplasia. . B. A chest radiograph shows a bell-shaped thoracic cage and abnormally positioned clavicles.,['Fig. 2B'],radiology,x_ray,thorax,thorax,frontal,"['thorax', 'radiology', 'frontal', 'x_ray']","['radiology', 'thorax', 'x_ray']",True
file_0068625,PMC6882387_abc-113-03-0438-g01_undivided_1_1.webp,PMC6882387_01_abc-113-03-0438-g01.jpg,undivided,PMC6882387_01,CC BY,4144,Chest X-Ray of the patient.,[],radiology,x_ray,thorax,thorax,sagittal,"['thorax', 'radiology', 'sagittal', 'x_ray']","['radiology', 'thorax', 'x_ray']",True
file_0068664,PMC6882685_10-1055-s-0039-3400475-i190500cr-1_undivided_1_1.webp,PMC6882685_01_10-1055-s-0039-3400475-i190500cr-1.jpg,undivided,PMC6882685_01,CC BY,28560,Full body X-rays showing opacities in the right hemithorax and air bronchogram.,['Fig. 1'],radiology,x_ray,thorax,thorax,frontal,"['thorax', 'radiology', 'frontal', 'x_ray']","['radiology', 'thorax', 'x_ray', 'mass']",True
file_0068798,PMC6886636_1262_Fig2_undivided_1_1.webp,PMC6886636_01_1262_Fig2.jpg,undivided,PMC6886636_01,CC BY-NC,10822,Chest x-ray showing no abnormalities.,['Fig. 2'],radiology,x_ray,thorax,thorax,frontal,"['thorax', 'radiology', 'frontal', 'x_ray']","['radiology', 'thorax', 'x_ray']",True
file_0068799,PMC6886637_1295_Fig1_undivided_1_1.webp,PMC6886637_01_1295_Fig1.jpg,undivided,PMC6886637_01,CC BY-NC,8618,1A: Chest radiograph (CXR) at patient's admission with bilateral air-space consolidation and interstitial infiltrates. . 1B: Follow-up CXR at 12 weeks showing resolution of the previous parenchymal abnormalities.,[],radiology,x_ray,thorax,thorax,frontal,"['thorax', 'radiology', 'frontal', 'x_ray']","['radiology', 'thorax', 'x_ray']",True
file_0068818,PMC6890189_IMCRJ-12-367-g0002_undivided_1_1.webp,PMC6890189_01_IMCRJ-12-367-g0002.jpg,undivided,PMC6890189_01,CC BY-NC,15132,X-ray AP and lateral view of the neck showing increase in prevertebral shadow at 4th cervical vertebral region. Cervical lordosis is lost. Diffuse pulmonary infiltrates present.,['Figure 2'],radiology,x_ray,neck,neck,sagittal,"['neck', 'radiology', 'sagittal', 'x_ray']","['radiology', 'neck', 'sagittal', 'x_ray']",True
file_0068880,PMC6901962_fneur-10-01236-g0002_A_1_5.webp,PMC6901962_01_fneur-10-01236-g0002.jpg,a,PMC6901962_01,CC BY,17108,Thoracic radiograph and PET-CT findings of the patient. (A) Chest X-ray showed a round soft tissue mass (arrow) in the upper-mid mediastinum and infiltrating right lung field.,['Figure 2A'],radiology,x_ray,thorax,thorax,frontal,"['thorax', 'radiology', 'frontal', 'x_ray']",['radiology'],True
file_0068888,PMC6904297_fped-07-00500-g0002_undivided_1_1.webp,PMC6904297_01_fped-07-00500-g0002.jpg,undivided,PMC6904297_01,CC BY,11344,Chest X-Ray showing pulmonary infiltrates and cardiomegaly.,['Figure 2'],radiology,x_ray,thorax,thorax,frontal,"['thorax', 'radiology', 'frontal', 'x_ray']","['radiology', 'thorax', 'x_ray']",True
file_0068901,PMC6907415_1678-9946-rimtsp-61-S1678-9946201961063-gf01_undivided_1_1.webp,PMC6907415_01_1678-9946-rimtsp-61-S1678-9946201961063-gf01.jpg,undivided,PMC6907415_01,CC BY-NC,18860,"Chest x-ray taken on the third day of hospitalization showing areas of
confluent peribronchial consolidation.",['Figure 1'],radiology,x_ray,thorax,thorax,frontal,"['thorax', 'radiology', 'frontal', 'x_ray']","['radiology', 'thorax', 'x_ray']",True
file_0068972,PMC6911679_SNI-10-232-g003_a_1_2.webp,PMC6911679_01_SNI-10-232-g003.jpg,a,PMC6911679_01,CC BY-NC-SA,6018,(a) Postoperative anteroposterior and lateral thoracic X-rays demonstrating a short T6-T9 fusion construct.,['Figure 3a and b'],radiology,x_ray,thorax,thorax,frontal,"['thorax', 'radiology', 'frontal', 'x_ray']","['radiology', 'thorax', 'x_ray']",True
file_0068973,PMC6911679_SNI-10-232-g003_b_2_2.webp,PMC6911679_01_SNI-10-232-g003.jpg,b,PMC6911679_01,CC BY-NC-SA,7162,(b) Postoperative lateral X-rays of the thoracic spine demonstrating short fusion of the thoracic spine.,['Figure 3a and b'],radiology,x_ray,lower_limb,foot,frontal,"['radiology', 'lower_limb', 'frontal', 'x_ray', 'foot']",[],True
file_0069152,PMC6929411_fped-07-00506-g0002_D_4_4.webp,PMC6929411_03_fped-07-00506-g0002.jpg,d,PMC6929411_03,CC BY,6086,Transcatheter closure of ASD shown by transthoracic color Doppler echocardiography. (D) X-ray examination of left anterior oblique position after interventional closure showed that the occluder was fixed and the shape was normal (see arrow).,"['Figures 2C,D']",radiology,x_ray,head,head,oblique,"['head', 'radiology', 'oblique', 'x_ray']",['radiology'],True
file_0069251,PMC6936927_1340_Fig1_A_1_2.webp,PMC6936927_01_1340_Fig1.jpg,a,PMC6936927_01,CC BY-NC,5252,"Bilateral infiltrates of the lower lung fields, compatible with pulmonary oedema, during the initial episode of acute heart failure. Supine position).",['Fig. 1A'],radiology,x_ray,thorax,thorax,frontal,"['thorax', 'radiology', 'frontal', 'x_ray']",[],True
file_0069287,PMC6944459_med-15-008-g001_A_1_3.webp,PMC6944459_01_med-15-008-g001.jpg,a,PMC6944459_01,CC BY,2830,Image examinations on day 8 of illness. A: Chest X-ray. The cardio-thoracic ratio was 0.53 and congestion was observed in the hilum of both lungs.,['Fig. 1A'],radiology,x_ray,thorax,thorax,frontal,"['thorax', 'radiology', 'frontal', 'x_ray']","['radiology', 'thorax', 'x_ray']",True
file_0069339,PMC6952462_TPA-54-267-g001_undivided_1_1.webp,PMC6952462_01_TPA-54-267-g001.jpg,undivided,PMC6952462_01,CC BY-NC-SA,10066,Chest X-ray showed left diaphragm elevation.,[],radiology,x_ray,thorax,thorax,frontal,"['thorax', 'radiology', 'frontal', 'x_ray']","['radiology', 'thorax', 'x_ray']",True
file_0069365,PMC6965312_fped-07-00542-g0001_undivided_1_1.webp,PMC6965312_01_fped-07-00542-g0001.jpg,undivided,PMC6965312_01,CC BY,14564,Chest X Ray at PICU admission (48 h after the ingestion).,['Figure 1'],radiology,x_ray,thorax,thorax,frontal,"['thorax', 'radiology', 'frontal', 'x_ray']",[],True
file_0069598,PMC6997440_fvets-06-00440-g0001_undivided_1_1.webp,PMC6997440_01_fvets-06-00440-g0001.jpg,undivided,PMC6997440_01,CC BY,17000,"Right lateral position showing increased pulmonary radiodensity, especially characterized by a diffusely distributed bronchial pattern (arrows).",['Figures 1'],radiology,x_ray,upper_limb,shoulder,frontal,"['radiology', 'upper_limb', 'frontal', 'shoulder', 'x_ray']",[],True
file_0069600,PMC6997471_fped-07-00551-g0001_a_1_5.webp,PMC6997471_01_fped-07-00551-g0001.jpg,a,PMC6997471_01,CC BY,4832,"(a,b) X-rays and CT scans of the patient before the treatment of HS. (a) Chest roentgenogram showed bilateral infiltrates and opacities in different lung lobes.",['Figure 1a'],radiology,x_ray,thorax,thorax,frontal,"['thorax', 'radiology', 'frontal', 'x_ray']",['radiology'],True
file_0069602,PMC6997471_fped-07-00551-g0001_c_3_5.webp,PMC6997471_01_fped-07-00551-g0001.jpg,c,PMC6997471_01,CC BY,3900,"(c,d) X-rays and CT scans of the patient after the treatment of HS. (c) Chest roentgenogram showed that pulmonary infiltrates cleared.",['Figure 1c'],radiology,x_ray,thorax,thorax,frontal,"['thorax', 'radiology', 'frontal', 'x_ray']",['radiology'],True
file_0069604,PMC6997471_fped-07-00551-g0001_e_5_5.webp,PMC6997471_01_fped-07-00551-g0001.jpg,e,PMC6997471_01,CC BY,3490,(e) Chest roentgenograms in regular follow-up visit showed no infiltrates and opacities.,['Figure 1e'],radiology,x_ray,thorax,thorax,frontal,"['thorax', 'radiology', 'frontal', 'x_ray']",[],True
file_0069689,PMC7034788_cmm-5-50-g001_undivided_1_1.webp,PMC7034788_01_cmm-5-50-g001.jpg,undivided,PMC7034788_01,CC BY,16766,Chest X-ray showing heterogeneous opacity in the left upper lung zone with reticulonodular opacity in bilateral lung.,['Figure 1'],radiology,x_ray,thorax,thorax,frontal,"['thorax', 'radiology', 'frontal', 'x_ray']","['radiology', 'thorax', 'x_ray', 'mass']",True
file_0069799,PMC7069574_IMCRJ-13-77-g0002_A_1_2.webp,PMC7069574_01_IMCRJ-13-77-g0002.jpg,a,PMC7069574_01,CC BY-NC,7338,Chest radiographs obtained on day 3.,['Figure 2A'],radiology,x_ray,thorax,thorax,frontal,"['thorax', 'radiology', 'frontal', 'x_ray']","['radiology', 'thorax', 'x_ray']",True
file_0069832,PMC7076151_fped-08-00088-g0001_C_3_4.webp,PMC7076151_01_fped-08-00088-g0001.jpg,c,PMC7076151_01,CC BY,4240,(C) Chest radiography of the patient. Thoracic dysplasia (bell-shaped small thorax with coat-hanger appearance).,"['Figures 1C,D']",radiology,x_ray,thorax,thorax,frontal,"['thorax', 'radiology', 'frontal', 'x_ray']","['radiology', 'thorax', 'x_ray']",True
file_0069880,PMC7078452_gr1_undivided_1_1.webp,PMC7078452_01_gr1.jpg,undivided,PMC7078452_01,CC BY,26284,Chest x-ray after intubation showing hyperlucent left hemithorax with mediastinal shift to the contralateral side and flatting of ipsilateral hemidiaphragm.,['Fig. 1'],radiology,x_ray,thorax,thorax,frontal,"['thorax', 'radiology', 'frontal', 'x_ray']","['radiology', 'thorax', 'x_ray']",True
file_0069884,PMC7078452_gr5_undivided_1_1.webp,PMC7078452_01_gr5.jpg,undivided,PMC7078452_01,CC BY,24832,Repeated chest x-ray showing satisfactory ETT position and absence of pneumothorax.,['Fig. 5'],radiology,x_ray,thorax,thorax,frontal,"['thorax', 'radiology', 'frontal', 'x_ray']","['radiology', 'thorax', 'x_ray']",True
file_0070000,PMC7098331_cnd-0010-0018-g01_a_1_8.webp,PMC7098331_01_cnd-0010-0018-g01.jpg,a,PMC7098331_01,CC BY-NC,3416,Imaging series of a 9-year-old male patient who experienced hydrothorax while on CAPD. A; An initial chest radiograph showed right pleural effusion.,['Fig. 1a'],radiology,x_ray,thorax,thorax,frontal,"['thorax', 'radiology', 'frontal', 'x_ray']","['radiology', 'thorax', 'x_ray']",True
file_0070001,PMC7098331_cnd-0010-0018-g01_b_2_8.webp,PMC7098331_01_cnd-0010-0018-g01.jpg,b,PMC7098331_01,CC BY-NC,4530,"Imaging series of a 9-year-old male patient who experienced hydrothorax while on CAPD. B; The pleural effusion resolved, and PD was performed with chest tube still attached. Note the presence of pneumonia.",['Fig. 1b'],radiology,x_ray,thorax,thorax,frontal,"['thorax', 'radiology', 'frontal', 'x_ray']",[],True
file_0070002,PMC7098331_cnd-0010-0018-g01_c_3_8.webp,PMC7098331_01_cnd-0010-0018-g01.jpg,c,PMC7098331_01,CC BY-NC,5418,Imaging series of a 9-year-old male patient who experienced hydrothorax while on CAPD. C; Chest radiograph immediately prior to CT peritoneography.,['Fig. 1c-h'],radiology,x_ray,thorax,thorax,sagittal,"['thorax', 'radiology', 'sagittal', 'x_ray']",['radiology'],True
file_0070003,PMC7098331_cnd-0010-0018-g01_d_4_8.webp,PMC7098331_01_cnd-0010-0018-g01.jpg,d,PMC7098331_01,CC BY-NC,5564,Imaging series of a 9-year-old male patient who experienced hydrothorax while on CAPD. Chest radiograph shows increased presence of fluid in the right pleural cavity at the 30th min.,['Fig. 1c-h'],radiology,x_ray,thorax,thorax,frontal,"['thorax', 'radiology', 'frontal', 'x_ray']","['radiology', 'thorax', 'x_ray']",True
file_0070004,PMC7098331_cnd-0010-0018-g01_e_5_8.webp,PMC7098331_01_cnd-0010-0018-g01.jpg,e,PMC7098331_01,CC BY-NC,6260,Imaging series of a 9-year-old male patient who experienced hydrothorax while on CAPD. 180th min. (white arrows).,['Fig. 1c-h'],radiology,x_ray,thorax,thorax,frontal,"['thorax', 'radiology', 'frontal', 'x_ray']",[],True
file_0070008,PMC7098331_cnd-0010-0018-g03_a_1_2.webp,PMC7098331_01_cnd-0010-0018-g03.jpg,a,PMC7098331_01,CC BY-NC,6618,A; First follow-up chest radiograph after PD suspension and HD initiation showed reduction of pleural effusion.,['Fig. 3a'],radiology,x_ray,thorax,thorax,frontal,"['thorax', 'radiology', 'frontal', 'x_ray']","['radiology', 'thorax', 'x_ray']",True
file_0070009,PMC7098331_cnd-0010-0018-g03_b_2_2.webp,PMC7098331_01_cnd-0010-0018-g03.jpg,b,PMC7098331_01,CC BY-NC,7442,B; The 3-year follow-up chest radiograph showed complete resolution of pleural effusion with no recurrence.,['Fig. 3b'],radiology,x_ray,thorax,thorax,frontal,"['thorax', 'radiology', 'frontal', 'x_ray']","['radiology', 'thorax', 'x_ray']",True
file_0070191,PMC7114806_40780_2020_162_Fig2_HTML_a_1_2.webp,PMC7114806_01_40780_2020_162_Fig2_HTML.jpg,a,PMC7114806_01,CC BY,5170,"Chest roentgenogram findings. Each image has ground-glass opacity in the lower lung fields on both sides. A; Image taken on June 2, 20XX, in the standing position, tube voltage of 130 kV, and tube current of 250 mA.",[],radiology,x_ray,thorax,thorax,frontal,"['thorax', 'radiology', 'frontal', 'x_ray']","['radiology', 'thorax', 'x_ray', 'mass']",True
file_0070192,PMC7114806_40780_2020_162_Fig2_HTML_b_2_2.webp,PMC7114806_01_40780_2020_162_Fig2_HTML.jpg,b,PMC7114806_01,CC BY,4668,"Chest roentgenogram findings. Each image has ground-glass opacity in the lower lung fields on both sides. B; Image taken on June 22, 20XX, in the standing position, tube voltage of 130 kV, and current of 250 mA.",[],radiology,x_ray,thorax,thorax,frontal,"['thorax', 'radiology', 'frontal', 'x_ray']","['radiology', 'thorax', 'x_ray', 'mass']",True
file_0070345,PMC7154063_41182_2020_203_Fig3_HTML_undivided_1_1.webp,PMC7154063_01_41182_2020_203_Fig3_HTML.jpg,undivided,PMC7154063_01,CC BY,20266,"Posteroanterior chest radiograph of patient 1, 27 January 2020 (illness day 7). Unremarkable.",['Fig. 3'],radiology,x_ray,thorax,thorax,frontal,"['thorax', 'radiology', 'frontal', 'x_ray']","['radiology', 'thorax', 'frontal', 'posteroanterior', 'x_ray']",True
file_0070346,PMC7154063_41182_2020_203_Fig4_HTML_undivided_1_1.webp,PMC7154063_01_41182_2020_203_Fig4_HTML.jpg,undivided,PMC7154063_01,CC BY,15154,"Posteroanterior chest radiograph of patient 2, 27 January 2020 (illness day 10). Hazy infiltrates in both lung fields consistent with pneumonia.",['Fig. 4'],radiology,x_ray,thorax,thorax,frontal,"['thorax', 'radiology', 'frontal', 'x_ray']","['radiology', 'thorax', 'frontal', 'posteroanterior', 'x_ray']",True
file_0070347,PMC7154063_41182_2020_203_Fig5_HTML_undivided_1_1.webp,PMC7154063_01_41182_2020_203_Fig5_HTML.jpg,undivided,PMC7154063_01,CC BY,15538,"Posteroanterior chest radiograph of patient 2, 30 January 2020 (illness day 13). Endotracheal tube in situ approximately 2 cm above the carina. There is worsening of the previously noted pneumonia.",['Fig. 5'],radiology,x_ray,thorax,thorax,frontal,"['thorax', 'radiology', 'frontal', 'x_ray']","['radiology', 'thorax', 'frontal', 'posteroanterior', 'x_ray']",True
file_0070441,PMC7154274_cde-0012-0047-g01_d_4_6.webp,PMC7154274_01_cde-0012-0047-g01.jpg,d,PMC7154274_01,CC BY-NC,8152,D; Inflammatory infiltrate in the epidermal layer can also be observed (arrows).,['Fig. 1d'],radiology,x_ray,thorax,thorax,oblique,"['thorax', 'radiology', 'oblique', 'x_ray']",[],True
file_0070480,PMC7156251_1678-9849-rsbmt-53-e20200134-gf1_A_1_3.webp,PMC7156251_01_1678-9849-rsbmt-53-e20200134-gf1.jpg,a,PMC7156251_01,CC BY,3100,"(A) A posteroanterior chest radiograph demonstrating ill-defined lung opacities, notably in the left lung.",['Figure 1'],radiology,x_ray,thorax,thorax,frontal,"['thorax', 'radiology', 'frontal', 'x_ray']","['radiology', 'thorax', 'frontal', 'posteroanterior', 'x_ray', 'mass']",True
file_0070510,PMC7162564_1511_Fig1_undivided_1_1.webp,PMC7162564_01_1511_Fig1.jpg,undivided,PMC7162564_01,CC BY-NC,5764,"The chest radiograph showed a grossly enlarged cardiac shadow, an enlarged pulmonary trunk and a small-calibre ascending aorta. No rib notching was noted.",['Fig. 1'],radiology,x_ray,thorax,thorax,frontal,"['thorax', 'radiology', 'frontal', 'x_ray']","['radiology', 'thorax', 'x_ray']",True
file_0070679,PMC7176811_fped-08-00166-g0001_undivided_1_1.webp,PMC7176811_01_fped-08-00166-g0001.jpg,undivided,PMC7176811_01,CC BY,11570,Anterio-posterial Chest and abdominal X-ray on DOL 23. The anterio-posterial chest and abdominal X-ray on DOL23 showed a slightly decreased lung volume with normal lung parenchyma and heart image. The right diaphragm was at the right 6-7 intercostal space and was 1 intercostal space higher than the left side.,['Figure 1'],radiology,x_ray,thorax,thorax,frontal,"['thorax', 'radiology', 'frontal', 'x_ray']","['radiology', 'x_ray']",True
file_0070739,PMC7181334_fped-08-00138-g0001_A_1_5.webp,PMC7181334_01_fped-08-00138-g0001.jpg,a,PMC7181334_01,CC BY,2170,(A-E) The chest radiographs showed varying degrees of decreased transmittance and lung consolidation.,['Figure 1A'],radiology,x_ray,thorax,thorax,frontal,"['thorax', 'radiology', 'frontal', 'x_ray']","['radiology', 'thorax', 'x_ray']",True
file_0070740,PMC7181334_fped-08-00138-g0001_B_2_5.webp,PMC7181334_01_fped-08-00138-g0001.jpg,b,PMC7181334_01,CC BY,2164,(A-E) The chest radiographs showed varying degrees of decreased transmittance and lung consolidation.,['Figure 1B'],radiology,x_ray,thorax,thorax,frontal,"['thorax', 'radiology', 'frontal', 'x_ray']","['radiology', 'thorax', 'x_ray']",True
file_0070741,PMC7181334_fped-08-00138-g0001_C_3_5.webp,PMC7181334_01_fped-08-00138-g0001.jpg,c,PMC7181334_01,CC BY,3108,(A-E) The chest radiographs showed varying degrees of decreased transmittance and lung consolidation.,['Figure 1C'],radiology,x_ray,thorax,thorax,frontal,"['thorax', 'radiology', 'frontal', 'x_ray']","['radiology', 'thorax', 'x_ray']",True
file_0070742,PMC7181334_fped-08-00138-g0001_D_4_5.webp,PMC7181334_01_fped-08-00138-g0001.jpg,d,PMC7181334_01,CC BY,4394,(A-E) The chest radiographs showed varying degrees of decreased transmittance and lung consolidation.,['Figure 1D'],radiology,x_ray,thorax,thorax,frontal,"['thorax', 'radiology', 'frontal', 'x_ray']","['radiology', 'thorax', 'x_ray']",True
file_0070743,PMC7181334_fped-08-00138-g0001_E_5_5.webp,PMC7181334_01_fped-08-00138-g0001.jpg,e,PMC7181334_01,CC BY,2458,(A-E) The chest radiographs showed varying degrees of decreased transmittance and lung consolidation.,['Figure 1E'],radiology,x_ray,thorax,thorax,frontal,"['thorax', 'radiology', 'frontal', 'x_ray']","['radiology', 'thorax', 'x_ray']",True
file_0070765,PMC7183660_40560_2020_447_Fig1_HTML_undivided_1_1.webp,PMC7183660_01_40560_2020_447_Fig1_HTML.jpg,undivided,PMC7183660_01,CC BY,16840,Chest X-ray of patient on admission to local hospital post-intubation.,['Fig. 1'],radiology,x_ray,thorax,thorax,frontal,"['thorax', 'radiology', 'frontal', 'x_ray']","['radiology', 'thorax', 'x_ray']",True
file_0070850,PMC7186001_2317-6385-eins-18-eAI5742-gf01_A_1_3.webp,PMC7186001_01_2317-6385-eins-18-eAI5742-gf01.jpg,a,PMC7186001_01,CC BY,2308,Bedside chest radiography at hospital admission.,[],radiology,x_ray,thorax,thorax,frontal,"['thorax', 'radiology', 'frontal', 'x_ray']","['radiology', 'thorax', 'x_ray']",True
file_0070852,PMC7186001_2317-6385-eins-18-eAI5742-gf01_C_3_3.webp,PMC7186001_01_2317-6385-eins-18-eAI5742-gf01.jpg,c,PMC7186001_01,CC BY,3090,Day 10. Of hospitalization showed diffuse opacities in both lungs.,[],radiology,x_ray,thorax,thorax,frontal,"['thorax', 'radiology', 'frontal', 'x_ray']",[],True
file_0070947,PMC7188515_10-1055-s-0040-1708474-i190350crc-3_undivided_1_1.webp,PMC7188515_01_10-1055-s-0040-1708474-i190350crc-3.jpg,undivided,PMC7188515_01,CC BY,76348,Postoperative chest radiograph demonstrating the abnormal course of the pulmonary artery catheter as it exits the coronary sinus and passes through the tricuspid valve into the right ventricular and the pulmonary artery.,['Fig. 3'],radiology,x_ray,thorax,thorax,frontal,"['thorax', 'radiology', 'frontal', 'x_ray']","['radiology', 'thorax', 'x_ray']",True
file_0071241,PMC7201948_13037_2020_244_Fig1_HTML_a_1_2.webp,PMC7201948_02_13037_2020_244_Fig1_HTML.jpg,a,PMC7201948_02,CC BY,8082,"Chest X-Ray and Ultrasound. On the left picture (a), the supinous chest-X ray in expirium shows a right pneumothorax, suggested by the radiolucency of the apex and the collapsed the lung parenchyma (arrowheads pointing the visceral pleural line), while the radiopacity at right lung base shows the presence of pleural effusion. As a consequence, a slight controlateral mediastinal shift is present.",['Fig. 1'],radiology,x_ray,thorax,thorax,frontal,"['thorax', 'radiology', 'frontal', 'x_ray']","['radiology', 'thorax', 'x_ray']",True
file_0071319,PMC7204963_JETS-13-84-g001_undivided_1_1.webp,PMC7204963_01_JETS-13-84-g001.jpg,undivided,PMC7204963_01,CC BY-NC-SA,28742,Anteroposterior chest radiograph showing fractures of the left seventh to twelfth ribs.,['Figure 1'],radiology,x_ray,thorax,thorax,frontal,"['thorax', 'radiology', 'frontal', 'x_ray']","['radiology', 'thorax', 'x_ray']",True
file_0071320,PMC7204963_JETS-13-84-g002_undivided_1_1.webp,PMC7204963_01_JETS-13-84-g002.jpg,undivided,PMC7204963_01,CC BY-NC-SA,22150,Anteroposterior chest radiograph post rib plating of ribs 7-10.,['Figure 2'],radiology,x_ray,thorax,thorax,frontal,"['thorax', 'radiology', 'frontal', 'x_ray']","['radiology', 'thorax', 'x_ray']",True
file_0071321,PMC7204963_JETS-13-84-g003_undivided_1_1.webp,PMC7204963_01_JETS-13-84-g003.jpg,undivided,PMC7204963_01,CC BY-NC-SA,19140,Anteroposterior chest radiograph following repeat trauma with fractures of left ribs 2-12.,[],radiology,x_ray,thorax,thorax,frontal,"['thorax', 'radiology', 'frontal', 'x_ray']","['radiology', 'thorax', 'x_ray']",True
file_0071420,PMC7210921_JOCR-9-3-g001_undivided_1_1.webp,PMC7210921_01_JOCR-9-3-g001.jpg,undivided,PMC7210921_01,CC BY-NC,4142,X-ray posteroanterior view of chest showing no obvious bony abnormalities.,['Fig. 1'],radiology,x_ray,thorax,thorax,frontal,"['thorax', 'radiology', 'frontal', 'x_ray']","['radiology', 'thorax', 'frontal', 'posteroanterior', 'x_ray']",True
file_0071471,PMC7214613_fped-08-00210-g0001_A_1_2.webp,PMC7214613_01_fped-08-00210-g0001.jpg,a,PMC7214613_01,CC BY,3886,"Chest radiograms of Case 1:. At the time of ARDS diagnosis, an X-ray revealed bilateral diffuse lung opacities.",['Figure 1A'],radiology,x_ray,thorax,thorax,frontal,"['thorax', 'radiology', 'frontal', 'x_ray']","['radiology', 'thorax', 'x_ray', 'mass']",True
file_0071472,PMC7214613_fped-08-00210-g0001_B_2_2.webp,PMC7214613_01_fped-08-00210-g0001.jpg,b,PMC7214613_01,CC BY,5956,"After two doses of surfactant plus budesonide treatment, a chest X-ray revealed better aeration.",['Figure 1B'],radiology,x_ray,thorax,thorax,frontal,"['thorax', 'radiology', 'frontal', 'x_ray']","['radiology', 'thorax', 'x_ray']",True
file_0071473,PMC7214613_fped-08-00210-g0002_A_1_2.webp,PMC7214613_02_fped-08-00210-g0002.jpg,a,PMC7214613_02,CC BY,4888,"Chest radiograms of Case 2:. At the time of ARDS diagnosis, an X-ray revealed bilateral irregular diffuse opacity.",['Figure 2A'],radiology,x_ray,thorax,thorax,frontal,"['thorax', 'radiology', 'frontal', 'x_ray']","['radiology', 'thorax', 'x_ray', 'mass']",True
file_0071474,PMC7214613_fped-08-00210-g0002_B_2_2.webp,PMC7214613_02_fped-08-00210-g0002.jpg,b,PMC7214613_02,CC BY,5264,Improvement in lung aeration was seen after one dose of surfactant plus budesonide treatment.,['Figure 2B'],radiology,x_ray,thorax,thorax,frontal,"['thorax', 'radiology', 'frontal', 'x_ray']",[],True
file_0071545,PMC7227740_IJOEM-24-42-g001_undivided_1_1.webp,PMC7227740_01_IJOEM-24-42-g001.jpg,undivided,PMC7227740_01,CC BY-NC-SA,13350,Chest X ray (PA view) showing bilateral nodular opacities in all zones.,['Figure 1'],radiology,x_ray,thorax,thorax,frontal,"['thorax', 'radiology', 'frontal', 'x_ray']","['radiology', 'frontal', 'posteroanterior']",True
file_0071550,PMC7227745_JPN-15-42-g002_undivided_1_1.webp,PMC7227745_01_JPN-15-42-g002.jpg,undivided,PMC7227745_01,CC BY-NC-SA,17726,"Chest X-ray showing (1) spinal defect, (2) left congenital diaphragmatic hernia, (3) shifted mediastinum, (4) compressed right lung.",['Figure 2'],radiology,x_ray,thorax,thorax,frontal,"['thorax', 'radiology', 'frontal', 'x_ray']","['radiology', 'thorax', 'x_ray']",True
file_0071599,PMC7229402_gr1_undivided_1_1.webp,PMC7229402_01_gr1.jpg,undivided,PMC7229402_01,CC BY,31446,"An illustration of the penetrating injury to the anterior chest wall is shown. The injury was located in the 6th intercostal space, 3 cm from the anterior midline.",['Fig. 1'],radiology,x_ray,head,head,ultrasound_view,"['head', 'radiology', 'ultrasound_view', 'x_ray']",[],True
file_0071677,PMC7235923_gr1_undivided_1_1.webp,PMC7235923_01_gr1.jpg,undivided,PMC7235923_01,CC BY,21120,Chest X-Ray. Small amount of air in the mediastinum next to the upper third of the trachea indicating pneumomediastinum.,[],radiology,x_ray,thorax,thorax,frontal,"['thorax', 'radiology', 'frontal', 'x_ray']","['radiology', 'thorax', 'x_ray']",True
file_0071679,PMC7235923_gr4_undivided_1_1.webp,PMC7235923_01_gr4.jpg,undivided,PMC7235923_01,CC BY,15976,Chest X-Ray without pathological findings 3 months later.,['Fig. 4'],radiology,x_ray,thorax,thorax,frontal,"['thorax', 'radiology', 'frontal', 'x_ray']","['radiology', 'thorax', 'x_ray']",True
file_0071742,PMC7240174_gr2_undivided_1_1.webp,PMC7240174_01_gr2.jpg,undivided,PMC7240174_01,CC BY,25254,"Chest radiography of the same patient performed 58 h after first abdominal computed tomography scan, showing right subphrenic abnormal entrapped air (arrow).",['Fig. 2'],radiology,x_ray,thorax,thorax,frontal,"['thorax', 'radiology', 'frontal', 'x_ray']",['radiology'],True
file_0071794,PMC7242726_fped-08-00235-g0001_A_1_2.webp,PMC7242726_01_fped-08-00235-g0001.jpg,a,PMC7242726_01,CC BY,9248,"Chest X-ray presentation. Chest X-ray performed at the 8th day after birth, which showed the distorted catheter as well as enlarged heart shadow.",['Figure 1A'],radiology,x_ray,thorax,thorax,frontal,"['thorax', 'radiology', 'frontal', 'x_ray']","['radiology', 'thorax', 'x_ray']",True
file_0071795,PMC7242726_fped-08-00235-g0001_B_2_2.webp,PMC7242726_01_fped-08-00235-g0001.jpg,b,PMC7242726_01,CC BY,8326,"Chest X-ray presentation. Chest X-ray performed after the removal of PICC and the performance of pericardiocentesis, and the heart shadows were greatly reduced.",['Figure 1B'],radiology,x_ray,thorax,thorax,frontal,"['thorax', 'radiology', 'frontal', 'x_ray']","['radiology', 'thorax', 'x_ray']",True
file_0071942,PMC7248239_gr4_A_1_2.webp,PMC7248239_01_gr4.jpg,a,PMC7248239_01,CC BY,9274,"A: Angiogram of thoracic aorta, showing bovine trunk and focal aneurysm distal to LSA.",['Fig. 4A'],radiology,x_ray,thorax,thorax,frontal,"['thorax', 'radiology', 'frontal', 'x_ray']","['radiology', 'thorax', 'angiography']",True
file_0071947,PMC7248577_gr1_undivided_1_1.webp,PMC7248577_01_gr1.jpg,undivided,PMC7248577_01,CC BY,15816,Chest radiograph of the patient; Single long arrow - arrow head superimposed on humeral head; Two long arrows - Arrow superimposed on cardiac silhouette and lung field; Short arrows - emphysema over right and lateral chest walls.,['Fig. 1'],radiology,x_ray,thorax,thorax,frontal,"['thorax', 'radiology', 'frontal', 'x_ray']","['radiology', 'x_ray']",True
file_0071984,PMC7250214_PAMJ-35-47-g003_undivided_1_1.webp,PMC7250214_02_PAMJ-35-47-g003.jpg,undivided,PMC7250214_02,CC BY,17540,Chest radiography showing right clavicular fracture (black arrow).,['Figure 3'],radiology,x_ray,thorax,thorax,frontal,"['thorax', 'radiology', 'frontal', 'x_ray']","['radiology', 'thorax', 'x_ray']",True
file_0072040,PMC7252805_icrm-10-3472-g003_undivided_1_1.webp,PMC7252805_01_icrm-10-3472-g003.jpg,undivided,PMC7252805_01,CC BY,16428,Portable chest X-ray demonstrates standard positions of the atrial lead and single-coil ventricular lead in the right ventricle.,['Figure 3'],radiology,x_ray,thorax,thorax,frontal,"['thorax', 'radiology', 'frontal', 'x_ray']","['radiology', 'thorax', 'x_ray']",True
file_0072042,PMC7252885_icrm-08-2595-g002_undivided_1_1.webp,PMC7252885_01_icrm-08-2595-g002.jpg,undivided,PMC7252885_01,CC BY,47308,Chest X-ray showing lead migration with displacement of approximately 4.5 cm.,['Figure 2'],radiology,x_ray,thorax,thorax,frontal,"['thorax', 'radiology', 'frontal', 'x_ray']","['radiology', 'thorax', 'x_ray']",True
file_0072129,PMC7262375_gr1_undivided_1_1.webp,PMC7262375_01_gr1.jpg,undivided,PMC7262375_01,CC BY,16150,Chest radiography showing leftward deviation of the cardiac silhouette.,['Fig. 1'],radiology,x_ray,thorax,thorax,frontal,"['thorax', 'radiology', 'frontal', 'x_ray']","['radiology', 'thorax', 'x_ray']",True
file_0072131,PMC7262375_gr4_undivided_1_1.webp,PMC7262375_01_gr4.jpg,undivided,PMC7262375_01,CC BY,14872,Normal postoperative chest radiograph.,['Fig. 4'],radiology,x_ray,thorax,thorax,frontal,"['thorax', 'radiology', 'frontal', 'x_ray']","['radiology', 'thorax', 'x_ray']",True
file_0072178,PMC7264001_gr5_undivided_1_1.webp,PMC7264001_01_gr5.jpg,undivided,PMC7264001_01,CC BY,37406,"Chest x-ray post operatively demonstrating previous sternotomy wires, endovascular grafts, embolisation coils within the splenic artery and intra-abdominal drain.",[],radiology,x_ray,thorax,thorax,frontal,"['thorax', 'radiology', 'frontal', 'x_ray']","['radiology', 'x_ray']",True
file_0072211,PMC7264014_gr2_undivided_1_1.webp,PMC7264014_01_gr2.jpg,undivided,PMC7264014_01,CC BY,54744,Chest x. ray 15 days after operation showing right lung collapse.,['Fig. 2'],radiology,x_ray,thorax,thorax,frontal,"['thorax', 'radiology', 'frontal', 'x_ray']",[],True
file_0072376,PMC7265835_gr1_undivided_1_1.webp,PMC7265835_01_gr1.jpg,undivided,PMC7265835_01,CC BY,45826,Normal portable AP CXR on the 1st day of admission.,['Figs. 4'],radiology,x_ray,thorax,thorax,frontal,"['thorax', 'radiology', 'frontal', 'x_ray']","['radiology', 'thorax', 'x_ray']",True
file_0072539,PMC7276389_gr1_a_1_2.webp,PMC7276389_01_gr1.jpg,a,PMC7276389_01,CC BY,23572,Pre-op x-ray chest with Chilaiditis Sign.,['Fig. 1a'],radiology,x_ray,thorax,thorax,frontal,"['thorax', 'radiology', 'frontal', 'x_ray']","['radiology', 'thorax', 'x_ray']",True
file_0072540,PMC7276389_gr1_b_2_2.webp,PMC7276389_01_gr1.jpg,b,PMC7276389_01,CC BY,25118,Post-op x-ray chest (normal).,['Fig. 1b'],radiology,x_ray,thorax,thorax,frontal,"['thorax', 'radiology', 'frontal', 'x_ray']","['radiology', 'thorax', 'x_ray']",True
file_0072556,PMC7276397_gr4_undivided_1_1.webp,PMC7276397_01_gr4.jpg,undivided,PMC7276397_01,CC BY,17880,Pulmonary Balloon Valvuloplasty.,['Fig. 4'],radiology,x_ray,thorax,thorax,oblique,"['thorax', 'radiology', 'oblique', 'x_ray']",[],True
file_0072859,PMC7276737_AMS2-7-e521-g001_A_1_8.webp,PMC7276737_01_AMS2-7-e521-g001.jpg,a,PMC7276737_01,CC BY-NC,4788,"Radiological findings in a critically ill 79-year-old Japanese man with COVID-19. A, Chest radiograph obtained on the day of admission showing bilateral ground-glass opacity (GGO) without an air bronchogram.","['Fig. 1A, E, F']",radiology,x_ray,thorax,thorax,frontal,"['thorax', 'radiology', 'frontal', 'x_ray']","['radiology', 'thorax', 'x_ray']",True
file_0072860,PMC7276737_AMS2-7-e521-g001_B_2_8.webp,PMC7276737_01_AMS2-7-e521-g001.jpg,b,PMC7276737_01,CC BY-NC,4218,"Radiological findings in a critically ill 79-year-old Japanese man with COVID-19. B, On the 13th hospital day, consolidation was visible in the left lower lung, in addition to bilateral GGO.","['Fig. 1B, G, H', 'Fig. 1A, E, F']",radiology,x_ray,thorax,thorax,frontal,"['thorax', 'radiology', 'frontal', 'x_ray']",['radiology'],True
file_0072912,PMC7282614_PAMJ-36-11-g002_undivided_1_1.webp,PMC7282614_01_PAMJ-36-11-g002.jpg,undivided,PMC7282614_01,CC BY,11002,The posteroanterior chest roentgenogram showing a heterogeneous opacity occupying the lower half of the left thoracic hemichamps associated with heterogeneous nodular opacities confluent on the right.,['Figure 2'],radiology,x_ray,thorax,thorax,frontal,"['thorax', 'radiology', 'frontal', 'x_ray']","['radiology', 'thorax', 'frontal', 'posteroanterior', 'x_ray', 'mass']",True
file_0073256,PMC7298547_gr2_B_2_2.webp,PMC7298547_01_gr2.jpg,b,PMC7298547_01,CC BY,5278,B. Thorax xray showed no sign of metastasis.,['Fig. 2b'],radiology,x_ray,thorax,thorax,frontal,"['thorax', 'radiology', 'frontal', 'x_ray']",[],True
file_0073289,PMC7299888_ijcpd-13-103-g001_undivided_1_1.webp,PMC7299888_01_ijcpd-13-103-g001.jpg,undivided,PMC7299888_01,CC BY-NC,14900,Radiograph chest and abdomen showing a catheter in place.,['Fig. 1'],radiology,x_ray,thorax,thorax,sagittal,"['thorax', 'radiology', 'sagittal', 'x_ray']","['radiology', 'x_ray']",True
file_0073295,PMC7299901_gr1_a_1_2.webp,PMC7299901_01_gr1.jpg,a,PMC7299901_01,CC BY,8286,A: An esophagogastroduodenoscopy revealed a type-3 tumor at the middle intrathoracic esophagus.,['Fig. 1a'],radiology,x_ray,lower_limb,foot,sagittal,"['radiology', 'lower_limb', 'sagittal', 'x_ray', 'foot']",[],True
file_0073326,PMC7300228_gr1_undivided_1_1.webp,PMC7300228_01_gr1.jpg,undivided,PMC7300228_01,CC BY,12644,Pre-Operative Chest radiograph.,['Fig. 1'],radiology,x_ray,thorax,thorax,frontal,"['thorax', 'radiology', 'frontal', 'x_ray']","['radiology', 'thorax', 'x_ray']",True
file_0073327,PMC7300228_gr2_undivided_1_1.webp,PMC7300228_01_gr2.jpg,undivided,PMC7300228_01,CC BY,21722,Post-Operative Day 1 Chest radiograph.,['Fig. 2'],radiology,x_ray,thorax,thorax,frontal,"['thorax', 'radiology', 'frontal', 'x_ray']","['radiology', 'thorax', 'x_ray']",True
file_0073429,PMC7305368_gr1_undivided_1_1.webp,PMC7305368_01_gr1.jpg,undivided,PMC7305368_01,CC BY,23784,Chest roentgenogram shows bilateral diffuse micronodular opacities.,['Fig. 1'],radiology,x_ray,thorax,thorax,frontal,"['thorax', 'radiology', 'frontal', 'x_ray']","['radiology', 'thorax', 'x_ray', 'mass']",True
file_0073582,PMC7308432_fped-08-00312-g0003_A_1_2.webp,PMC7308432_02_fped-08-00312-g0003.jpg,a,PMC7308432_02,CC BY,10914,"(A,B) Chest X-rays showed the 5,076 pacing lead located in the anterior wall of the right atrium (red arrow). The 3,830 electrode passed through the right ventricular septum and reached the sub-endocardium of the left ventricle (blue arrow).",['Figure 3'],radiology,x_ray,thorax,thorax,frontal,"['thorax', 'radiology', 'frontal', 'x_ray']","['radiology', 'thorax', 'x_ray']",True
file_0073583,PMC7308432_fped-08-00312-g0003_B_2_2.webp,PMC7308432_02_fped-08-00312-g0003.jpg,b,PMC7308432_02,CC BY,8470,"(A,B) Chest X-rays showed the 5,076 pacing lead located in the anterior wall of the right atrium (red arrow). The 3,830 electrode passed through the right ventricular septum and reached the sub-endocardium of the left ventricle (blue arrow).",['Figure 3'],radiology,x_ray,thorax,thorax,frontal,"['thorax', 'radiology', 'frontal', 'x_ray']","['radiology', 'thorax', 'x_ray']",True
file_0073600,PMC7310367_1678-9849-rsbmt-53-e20200054-gf1_undivided_1_1.webp,PMC7310367_01_1678-9849-rsbmt-53-e20200054-gf1.jpg,undivided,PMC7310367_01,CC BY,27744,Chest radiography suggestive of mediastinal widening.,['Figure 1'],radiology,x_ray,thorax,thorax,frontal,"['thorax', 'radiology', 'frontal', 'x_ray']","['radiology', 'thorax', 'x_ray']",True
file_0073890,PMC7327878_gr1_undivided_1_1.webp,PMC7327878_01_gr1.jpg,undivided,PMC7327878_01,CC BY,16106,Thoracic X-ray showing symmetrical elevation of both diaphragmatic domes and presence of collapsed small bowel in the right upper abdominal quadrant.,[],radiology,x_ray,thorax,thorax,frontal,"['thorax', 'radiology', 'frontal', 'x_ray']","['radiology', 'x_ray']",True
file_0074079,PMC7334440_gr1_undivided_1_1.webp,PMC7334440_01_gr1.jpg,undivided,PMC7334440_01,CC BY,24914,"Chest radiograph showing a large retrocardiac shadow with an intrathoracic gas bubble on the right, indicating a large hiatus hernia.",['Fig. 1'],radiology,x_ray,thorax,thorax,frontal,"['thorax', 'radiology', 'frontal', 'x_ray']","['radiology', 'thorax', 'x_ray']",True
file_0074099,PMC7335285_JAA-13-205-g0004_undivided_1_1.webp,PMC7335285_01_JAA-13-205-g0004.jpg,undivided,PMC7335285_01,CC BY-NC,22710,"Admission chest radiograph, without any abnormality.",['Figure 4'],radiology,x_ray,thorax,thorax,frontal,"['thorax', 'radiology', 'frontal', 'x_ray']","['radiology', 'thorax', 'x_ray']",True
file_0074159,PMC7340251_mjhid-12-1-e2020044f2_undivided_1_1.webp,PMC7340251_01_mjhid-12-1-e2020044f2.jpg,undivided,PMC7340251_01,CC BY-NC,16030,"Panel a: Posteroanterior chest radiograph, (illness day 10, hospital day 1), showing bilateral lungs opacities and infiltrates. Panel b: A chest computed tomography scan, (illness day 11, hospital day 2), revealing a bilateral multi-segmental ground glass and consolidative opacities (centrally and mainly peripherally).",['Figure 2'],radiology,x_ray,thorax,thorax,axial,"['thorax', 'radiology', 'axial', 'x_ray']",['radiology'],True
file_0074340,PMC7360869_JTHC-15-35-g001_undivided_1_1.webp,PMC7360869_01_JTHC-15-35-g001.jpg,undivided,PMC7360869_01,CC BY,33336,Cardiomegaly in chest X-ray (posterior-anterior view).,['Figure 1'],radiology,x_ray,thorax,thorax,frontal,"['thorax', 'radiology', 'frontal', 'x_ray']","['radiology', 'thorax', 'frontal', 'posteroanterior', 'x_ray']",True
file_0074384,PMC7364183_f1000research-9-28613-g0000_A_1_2.webp,PMC7364183_01_f1000research-9-28613-g0000.jpg,a,PMC7364183_01,CC BY,5222,"Case 1 radiographs. . (
A) Post-intubation plain chest radiograph, on ICU on day 5 post-onset of symptoms.",['Figure 1A'],radiology,x_ray,thorax,thorax,frontal,"['thorax', 'radiology', 'frontal', 'x_ray']","['radiology', 'thorax', 'x_ray']",True
file_0074385,PMC7364183_f1000research-9-28613-g0000_B_2_2.webp,PMC7364183_01_f1000research-9-28613-g0000.jpg,b,PMC7364183_01,CC BY,5216,"Case 1 radiographs. (
B) Plain chest radiograph on day 10 post-onset of symptoms.",['Figure 1B'],radiology,x_ray,thorax,thorax,frontal,"['thorax', 'radiology', 'frontal', 'x_ray']","['radiology', 'thorax', 'x_ray']",True
file_0074390,PMC7364183_f1000research-9-28613-g0002_A_1_2.webp,PMC7364183_02_f1000research-9-28613-g0002.jpg,a,PMC7364183_02,CC BY,4252,"Case 2 radiographs. . (
A) Post-intubation plain chest radiograph, on day 1 of hospital admission.",['Figure 3a'],radiology,x_ray,thorax,thorax,frontal,"['thorax', 'radiology', 'frontal', 'x_ray']","['radiology', 'thorax', 'x_ray']",True
file_0074436,PMC7365962_gr1_undivided_1_1.webp,PMC7365962_01_gr1.jpg,undivided,PMC7365962_01,CC BY,33488,Chest x-ray showing expansion and increasing lucency of the left hemithorax with bowel loops seen within the left hemithorax and mediastinal shift to the right side.,['Fig. 1'],radiology,x_ray,thorax,thorax,frontal,"['thorax', 'radiology', 'frontal', 'x_ray']","['radiology', 'x_ray']",True
file_0074437,PMC7365962_gr2_undivided_1_1.webp,PMC7365962_01_gr2.jpg,undivided,PMC7365962_01,CC BY,23810,Anteroposterior and lateral chest x-ray showing bowel segments in the left hemithorax demonstrating recurrence of CDH.,['Fig. 2'],radiology,x_ray,thorax,thorax,sagittal,"['thorax', 'radiology', 'sagittal', 'x_ray']","['radiology', 'thorax', 'x_ray']",True
file_0074438,PMC7365962_gr3_undivided_1_1.webp,PMC7365962_01_gr3.jpg,undivided,PMC7365962_01,CC BY,21142,Anteroposterior and lateral chest x-ray showing strangulation CDH.,['Fig. 3'],radiology,x_ray,thorax,thorax,frontal,"['thorax', 'radiology', 'frontal', 'x_ray']","['radiology', 'thorax', 'x_ray']",True
file_0074522,PMC7372912_fped-08-00352-g0001_A_1_2.webp,PMC7372912_01_fped-08-00352-g0001.jpg,a,PMC7372912_01,CC BY,4362,Chest and abdominal radiographs at the ileal perforations. (A) First perforation at day of life 8. Arrows indicate free air in the intraperitoneal space.,['Figure 1A'],radiology,x_ray,abdomen,abdomen,frontal,"['abdomen', 'radiology', 'frontal', 'x_ray']","['radiology', 'x_ray']",True
file_0074523,PMC7372912_fped-08-00352-g0001_B_2_2.webp,PMC7372912_01_fped-08-00352-g0001.jpg,b,PMC7372912_01,CC BY,6036,Chest and abdominal radiographs at the ileal perforations. (B) Second perforation at day of life 17. Arrowheads indicate free air in the intraperitoneal space.,['Figure 1B'],radiology,x_ray,abdomen,abdomen,frontal,"['abdomen', 'radiology', 'frontal', 'x_ray']","['radiology', 'x_ray']",True
file_0074542,PMC7376597_ejohg-10-42-g001_undivided_1_1.webp,PMC7376597_01_ejohg-10-42-g001.jpg,undivided,PMC7376597_01,CC BY-NC,11660,Anteroposterior chest radiograph shows a median sternotomy defect due to previous open-heart surgery and mild cardiomegaly with epicardial pacer/leads.,['Fig. 1'],radiology,x_ray,thorax,thorax,frontal,"['thorax', 'radiology', 'frontal', 'x_ray']","['radiology', 'thorax', 'x_ray']",True
file_0074599,PMC7384507_MEDJ-35-166-f1_undivided_1_1.webp,PMC7384507_01_MEDJ-35-166-f1.jpg,undivided,PMC7384507_01,CC BY-NC,7008,Chest radiograph showing left mediastinal mass causing deviated trachea.,['Figure 1'],radiology,x_ray,thorax,thorax,frontal,"['thorax', 'radiology', 'frontal', 'x_ray']","['radiology', 'thorax', 'x_ray', 'mass']",True
file_0074613,PMC7385375_fvets-07-00409-g0001_A_1_2.webp,PMC7385375_01_fvets-07-00409-g0001.jpg,a,PMC7385375_01,CC BY,17470,Right lateral thoracic radiographs of a 4-year old Siberian Husky mix with smoke inhalation injury. Radiograph obtained on presentation.,['Figure 1A'],radiology,x_ray,thorax,thorax,frontal,"['thorax', 'radiology', 'frontal', 'x_ray']","['radiology', 'thorax', 'x_ray']",True
file_0074614,PMC7385375_fvets-07-00409-g0001_B_2_2.webp,PMC7385375_01_fvets-07-00409-g0001.jpg,b,PMC7385375_01,CC BY,15288,"Radiograph performed 4 days after presentation. Progressive tracheal narrowing and progressive, ventrally dependent interstitial to alveolar pulmonary pattern are present. Diffuse interstitial to bronchial pattern is present on both studies.",['Figure 1B'],radiology,x_ray,thorax,thorax,frontal,"['thorax', 'radiology', 'frontal', 'x_ray']","['radiology', 'x_ray']",True
file_0074624,PMC7386162_42399_2020_418_Fig2_HTML_undivided_1_1.webp,PMC7386162_02_42399_2020_418_Fig2_HTML.jpg,undivided,PMC7386162_02,CC BY,12210,Emergency chest X-ray with severe interstitial edema.,['Fig. 2'],radiology,x_ray,thorax,thorax,frontal,"['thorax', 'radiology', 'frontal', 'x_ray']","['radiology', 'thorax', 'x_ray']",True
file_0074662,PMC7388616_PAMJ-36-39-g003_undivided_1_1.webp,PMC7388616_01_PAMJ-36-39-g003.jpg,undivided,PMC7388616_01,CC BY,13658,Chest X-ray: parietal air image.,['Figure 3'],radiology,x_ray,thorax,thorax,frontal,"['thorax', 'radiology', 'frontal', 'x_ray']","['radiology', 'x_ray']",True
file_0074702,PMC7392875_PAMJ-36-88-g001_undivided_1_1.webp,PMC7392875_01_PAMJ-36-88-g001.jpg,undivided,PMC7392875_01,CC BY,31192,patient's chest X-ray.,['Figure 1'],radiology,x_ray,thorax,thorax,frontal,"['thorax', 'radiology', 'frontal', 'x_ray']","['radiology', 'thorax', 'x_ray']",True
file_0074917,PMC7398877_HIV-12-263-g0001_undivided_1_1.webp,PMC7398877_01_HIV-12-263-g0001.jpg,undivided,PMC7398877_01,CC BY-NC,33160,Chest X-ray shows bilateral infiltrates and no cardiomegaly. Left and right arrow showed the lesion (infiltrate).,['Figure 1'],radiology,x_ray,thorax,thorax,frontal,"['thorax', 'radiology', 'frontal', 'x_ray']","['radiology', 'thorax', 'x_ray']",True
file_0074918,PMC7398877_HIV-12-263-g0002_undivided_1_1.webp,PMC7398877_01_HIV-12-263-g0002.jpg,undivided,PMC7398877_01,CC BY-NC,37068,Chest X-ray was showed no abnormality.,['Figure 2'],radiology,x_ray,thorax,thorax,frontal,"['thorax', 'radiology', 'frontal', 'x_ray']","['radiology', 'thorax', 'x_ray']",True
file_0074920,PMC7398877_HIV-12-263-g0004_undivided_1_1.webp,PMC7398877_01_HIV-12-263-g0004.jpg,undivided,PMC7398877_01,CC BY-NC,36664,Chest X-ray showed a minimal infiltrate sub-clavicular in the right lung.,['Figure 4'],radiology,x_ray,thorax,thorax,frontal,"['thorax', 'radiology', 'frontal', 'x_ray']","['radiology', 'thorax', 'x_ray']",True
file_0074993,PMC7403760_WO-24-97639-g001_undivided_1_1.webp,PMC7403760_01_WO-24-97639-g001.jpg,undivided,PMC7403760_01,CC BY-NC-SA,15146,Chest X-ray showing pleural effusion on the right hemithorax and pneumothorax on the left side.,['Fig. 1'],radiology,x_ray,thorax,thorax,sagittal,"['thorax', 'radiology', 'sagittal', 'x_ray']","['radiology', 'thorax', 'x_ray']",True
file_0075006,PMC7406454_PAMJ-36-116-g002_A_1_3.webp,PMC7406454_01_PAMJ-36-116-g002.jpg,a,PMC7406454_01,CC BY,5232,Day 1 post-admission chest X-rays showing the development of large fluid-filled cavities.,['Figure 2'],radiology,x_ray,thorax,thorax,frontal,"['thorax', 'radiology', 'frontal', 'x_ray']","['radiology', 'thorax', 'x_ray']",True
file_0075007,PMC7406454_PAMJ-36-116-g002_B_2_3.webp,PMC7406454_01_PAMJ-36-116-g002.jpg,b,PMC7406454_01,CC BY,5072,Day 2 post-admission chest X-rays showing the development of large fluid-filled cavities.,['Figure 2'],radiology,x_ray,thorax,thorax,frontal,"['thorax', 'radiology', 'frontal', 'x_ray']","['radiology', 'thorax', 'x_ray']",True
file_0075008,PMC7406454_PAMJ-36-116-g002_C_3_3.webp,PMC7406454_01_PAMJ-36-116-g002.jpg,c,PMC7406454_01,CC BY,4114,Reduction in the airspace in the right hemithorax (day 3).,['Figure 2'],radiology,x_ray,thorax,thorax,frontal,"['thorax', 'radiology', 'frontal', 'x_ray']",[],True
file_0075010,PMC7406454_PAMJ-36-116-g005_undivided_1_1.webp,PMC7406454_01_PAMJ-36-116-g005.jpg,undivided,PMC7406454_01,CC BY,17300,chest X-ray after drainage with a chest tube demonstrated significant improvement in lung aeration with residual pleural and basilar lung changes.,['Figure 5'],radiology,x_ray,thorax,thorax,frontal,"['thorax', 'radiology', 'frontal', 'x_ray']","['radiology', 'thorax', 'x_ray']",True
file_0075026,PMC7406703_aoem-32-e28-g003_undivided_1_1.webp,PMC7406703_01_aoem-32-e28-g003.jpg,undivided,PMC7406703_01,CC BY-NC,32628,A chest X-ray. Anteroposterior view.,['Fig. 3'],radiology,x_ray,thorax,thorax,frontal,"['thorax', 'radiology', 'frontal', 'x_ray']","['radiology', 'thorax', 'frontal', 'anteroposterior', 'x_ray']",True
file_0075028,PMC7409484_41016_2020_204_Fig2_HTML_d_1_1.webp,PMC7409484_01_41016_2020_204_Fig2_HTML.jpg,d,PMC7409484_01,CC BY,17378,D-e Myelography. D-e The arrows show the contrast agents leaking from the subarachnoid space to the thorax.,['Fig. 2'],radiology,x_ray,abdomen,abdomen,oblique,"['abdomen', 'radiology', 'oblique', 'x_ray']","['radiology', 'myelogram', 'contrast']",True
file_0075231,PMC7428098_AER-14-173-g001_undivided_1_1.webp,PMC7428098_01_AER-14-173-g001.jpg,undivided,PMC7428098_01,CC BY-NC-SA,8084,Chest X-ray showing embolized patent ductus arteriosus occluder device shadow in pulmonary artery.,['Figure 1'],radiology,x_ray,thorax,thorax,frontal,"['thorax', 'radiology', 'frontal', 'x_ray']","['radiology', 'thorax', 'x_ray']",True
file_0075332,PMC7433959_AMS-10-232-g011_undivided_1_1.webp,PMC7433959_01_AMS-10-232-g011.jpg,undivided,PMC7433959_01,CC BY-NC-SA,29674,Chest X-ray showing 4th bifid rib on the right side.,['Figure 11'],radiology,x_ray,thorax,thorax,frontal,"['thorax', 'radiology', 'frontal', 'x_ray']","['radiology', 'thorax', 'x_ray']",True
file_0075429,PMC7434505_can-14-1083fig3_undivided_1_1.webp,PMC7434505_01_can-14-1083fig3.jpg,undivided,PMC7434505_01,CC BY,11596,Right hilar mass/opacity with atypical right upper lung zone opacity representing mass or atelectasis. There are multiple smaller nodules in the left chest. Findings suspicious for neoplasia. CT scan of the chest with IV contrast is recommended for further evaluation.,[],radiology,x_ray,thorax,thorax,frontal,"['thorax', 'radiology', 'frontal', 'x_ray']",[],True
file_0075544,PMC7447559_AMS2-7-e552-g002_A_1_4.webp,PMC7447559_03_AMS2-7-e552-g002.jpg,a,PMC7447559_03,CC BY-NC,4788,"Changes in chest radiographs. A, X-ray photograph at the time of visit. A slight infiltrative shadow is seen on both sides.",[],radiology,x_ray,thorax,thorax,frontal,"['thorax', 'radiology', 'frontal', 'x_ray']",[],True
file_0075545,PMC7447559_AMS2-7-e552-g002_B_2_4.webp,PMC7447559_03_AMS2-7-e552-g002.jpg,b,PMC7447559_03,CC BY-NC,5728,"Changes in chest radiographs. B, X-ray photograph on the third day after hospitalization. Although the infiltrative shadows on both sides were exacerbated, the respiratory condition gradually improved from this day.",['Fig. 1'],radiology,x_ray,thorax,thorax,frontal,"['thorax', 'radiology', 'frontal', 'x_ray']",[],True
file_0075546,PMC7447559_AMS2-7-e552-g002_C_3_4.webp,PMC7447559_03_AMS2-7-e552-g002.jpg,c,PMC7447559_03,CC BY-NC,4514,"Changes in chest radiographs. C, X-ray photograph on the fifth day after hospitalization. The infiltration shadow gradually improved.",['Fig. 1'],radiology,x_ray,thorax,thorax,frontal,"['thorax', 'radiology', 'frontal', 'x_ray']",[],True
file_0075547,PMC7447559_AMS2-7-e552-g002_D_4_4.webp,PMC7447559_03_AMS2-7-e552-g002.jpg,d,PMC7447559_03,CC BY-NC,5748,"Changes in chest radiographs. D, X-ray photograph taken 10 days after admission. The infiltration shadow has disappeared.",['Fig. 1'],radiology,x_ray,thorax,thorax,frontal,"['thorax', 'radiology', 'frontal', 'x_ray']",[],True
file_0075559,PMC7450474_wellcomeopenres-5-17770-g0000_undivided_1_1.webp,PMC7450474_01_wellcomeopenres-5-17770-g0000.jpg,undivided,PMC7450474_01,CC BY,7812,Chest X-ray showing bilateral reticulo-nodular infiltrates involving the middle and lower zones and some parts of the upper zones.,['Figure 1'],radiology,x_ray,thorax,thorax,frontal,"['thorax', 'radiology', 'frontal', 'x_ray']","['radiology', 'thorax', 'x_ray', 'mass']",True
file_0075587,PMC7451151_SNI-11-234-g001_a_1_2.webp,PMC7451151_01_SNI-11-234-g001.jpg,a,PMC7451151_01,CC BY-NC-SA,4338,Chest X-ray showing large oval mass like density in posterior segment right upper lobe measuring up to 10.4 cm superior-inferior by 7.8 cm anterior-posterior.,['Figure 1'],radiology,x_ray,thorax,thorax,sagittal,"['thorax', 'radiology', 'sagittal', 'x_ray']","['radiology', 'thorax', 'x_ray', 'mass']",True
file_0075591,PMC7451151_SNI-11-234-g004_a_1_3.webp,PMC7451151_01_SNI-11-234-g004.jpg,a,PMC7451151_01,CC BY-NC-SA,3154,(a) Chest X-ray 24 h postsurgery; Right-sided chest tube and mediastinal drain are noted. No evidence of residual pneumothorax. A right internal jugular catheter is noted with the distal tip in the region of the right atrium. Interval resection of the previously noted right mediastinal mass. No evidence of pleural effusion. Osseous structures remain unremarkable.,['Figure 4a'],radiology,x_ray,thorax,thorax,frontal,"['thorax', 'radiology', 'frontal', 'x_ray']","['radiology', 'thorax', 'x_ray']",True
file_0075784,PMC7455599_IDR-13-2957-g0001_A_1_2.webp,PMC7455599_01_IDR-13-2957-g0001.jpg,a,PMC7455599_01,CC BY-NC,6440,The chest radiograph.,['Figure 1A'],radiology,x_ray,thorax,thorax,frontal,"['thorax', 'radiology', 'frontal', 'x_ray']","['radiology', 'thorax', 'x_ray']",True
file_0075857,PMC7467606_PAMJ-36-191-g001_undivided_1_1.webp,PMC7467606_01_PAMJ-36-191-g001.jpg,undivided,PMC7467606_01,CC BY,18012,"chest X-ray, bilateral parenchymal infiltrates likely of infective etiology.",['Figure 1'],radiology,x_ray,thorax,thorax,frontal,"['thorax', 'radiology', 'frontal', 'x_ray']","['radiology', 'thorax', 'x_ray']",True
file_0075887,PMC7467885_PAMJ-36-170-g004_undivided_1_1.webp,PMC7467885_01_PAMJ-36-170-g004.jpg,undivided,PMC7467885_01,CC BY,8544,"X-ray Chest showing bilateral patchy infiltrates, cardiomegaly, and unfolded aorta are seen.",['Figure 4'],radiology,x_ray,thorax,thorax,frontal,"['thorax', 'radiology', 'frontal', 'x_ray']","['radiology', 'thorax', 'x_ray']",True
file_0075897,PMC7467893_PAMJ-36-167-g001_undivided_1_1.webp,PMC7467893_01_PAMJ-36-167-g001.jpg,undivided,PMC7467893_01,CC BY,17164,"bedside chest radiograph; performed on day 1 showing cardiomegaly, pulmonary edema and small bilateral pulmonary effusions.",['Figure 1'],radiology,x_ray,thorax,thorax,frontal,"['thorax', 'radiology', 'frontal', 'x_ray']","['radiology', 'thorax', 'x_ray']",True
file_0075982,PMC7468504_fmed-07-00531-g0001_undivided_1_1.webp,PMC7468504_01_fmed-07-00531-g0001.jpg,undivided,PMC7468504_01,CC BY,77676,Initial chest X-ray.,['Figure 1'],radiology,x_ray,thorax,thorax,frontal,"['thorax', 'radiology', 'frontal', 'x_ray']","['radiology', 'thorax', 'x_ray']",True
file_0075987,PMC7470292_acmi-1-016-g001_undivided_1_1.webp,PMC7470292_01_acmi-1-016-g001.jpg,undivided,PMC7470292_01,CC BY,15096,"Chest x-ray from the patient, showing nodular lesions across both lungs.",['Fig. 1'],radiology,x_ray,thorax,thorax,frontal,"['thorax', 'radiology', 'frontal', 'x_ray']","['radiology', 'thorax', 'x_ray', 'mass']",True
file_0076195,PMC7477112_fimmu-11-01942-g002_A_1_2.webp,PMC7477112_03_fimmu-11-01942-g002.jpg,a,PMC7477112_03,CC BY,7422,"(A) Before the first administration of canakinumab, the chest X-ray shows interstitial changes, ground glass opacities, and multifocal and bilateral effusions.",[],radiology,x_ray,thorax,thorax,frontal,"['thorax', 'radiology', 'frontal', 'x_ray']","['radiology', 'thorax', 'x_ray', 'mass']",True
file_0076196,PMC7477112_fimmu-11-01942-g002_B_2_2.webp,PMC7477112_03_fimmu-11-01942-g002.jpg,b,PMC7477112_03,CC BY,6586,"(B) After second administration, the chest X-ray shows the extensive bilateral opacities and bilateral effusions, concomitant to bacterial superinfection.",[],radiology,x_ray,thorax,thorax,frontal,"['thorax', 'radiology', 'frontal', 'x_ray']","['radiology', 'thorax', 'x_ray', 'mass']",True
file_0076204,PMC7479091_fped-08-00497-g0004_undivided_1_1.webp,PMC7479091_01_fped-08-00497-g0004.jpg,undivided,PMC7479091_01,CC BY,11090,Follow-up chest X-ray.,['Figure 4'],radiology,x_ray,thorax,thorax,frontal,"['thorax', 'radiology', 'frontal', 'x_ray']","['radiology', 'thorax', 'x_ray']",True
file_0076268,PMC7487439_40267_2020_777_Fig1_HTML_undivided_1_1.webp,PMC7487439_01_40267_2020_777_Fig1_HTML.jpg,undivided,PMC7487439_01,CC BY-NC,9862,Chest radiograph showing mild opacities in the perihilar lung fields bilaterally and linear opacity in the right inferior lobe.,['Fig. 1'],radiology,x_ray,thorax,thorax,frontal,"['thorax', 'radiology', 'frontal', 'x_ray']","['radiology', 'thorax', 'x_ray', 'mass']",True
file_0076560,PMC7508685_gr1_B_2_5.webp,PMC7508685_02_gr1.jpg,b,PMC7508685_02,CC BY,6268,Pre-operative Photographs. . Chest Radiograph.,['Fig. 1'],radiology,x_ray,thorax,thorax,frontal,"['thorax', 'radiology', 'frontal', 'x_ray']",[],True
file_0076591,PMC7509363_gr1_a_1_2.webp,PMC7509363_01_gr1.jpg,a,PMC7509363_01,CC BY,7910,(a) The chest X-ray scan shows left pneumothorax and abnormal air density along the right border of the cardiac shadow (arrow heads).,['Fig. 1a'],radiology,x_ray,thorax,thorax,frontal,"['thorax', 'radiology', 'frontal', 'x_ray']","['radiology', 'x_ray']",True
file_0076604,PMC7511560_AMS2-7-e569-g002_A_1_6.webp,PMC7511560_01_AMS2-7-e569-g002.jpg,a,PMC7511560_01,CC BY-NC,3304,"Chest computed tomography (CT) and chest X-ray images in time series of a 67-year-old man during hospitalization for severe COVID-19-induced acute respiratory distress syndrome. A, Chest CT on day 1 shows bilateral basal consolidation with peripheral ground-glass opacity.",['Fig. 2'],radiology,x_ray,thorax,thorax,frontal,"['thorax', 'radiology', 'frontal', 'x_ray']",['radiology'],True
file_0076605,PMC7511560_AMS2-7-e569-g002_B_2_6.webp,PMC7511560_01_AMS2-7-e569-g002.jpg,b,PMC7511560_01,CC BY-NC,3124,"Chest computed tomography (CT) and chest X-ray images in time series of a 67-year-old man during hospitalization for severe COVID-19-induced acute respiratory distress syndrome. B, Chest X-ray on day 1 shows bilateral pulmonary infiltrate mainly in hilar region.",['Fig. 2'],radiology,x_ray,thorax,thorax,frontal,"['thorax', 'radiology', 'frontal', 'x_ray']",['radiology'],True
file_0076607,PMC7511560_AMS2-7-e569-g002_D_4_6.webp,PMC7511560_01_AMS2-7-e569-g002.jpg,d,PMC7511560_01,CC BY-NC,3612,"Chest computed tomography (CT) and chest X-ray images in time series of a 67-year-old man during hospitalization for severe COVID-19-induced acute respiratory distress syndrome. D, Chest X-ray on day 23 shows improved bilateral lung opacity (mainly in the right lobe of lungs).",['Fig. 2'],radiology,x_ray,thorax,thorax,frontal,"['thorax', 'radiology', 'frontal', 'x_ray']",['radiology'],True
file_0076608,PMC7511560_AMS2-7-e569-g002_E_5_6.webp,PMC7511560_01_AMS2-7-e569-g002.jpg,e,PMC7511560_01,CC BY-NC,4012,"Chest computed tomography (CT) and chest X-ray images in time series of a 67-year-old man during hospitalization for severe COVID-19-induced acute respiratory distress syndrome. E, Chest X-ray on day 31 (extracorporeal membrane oxygenation removed).",['Fig. 2'],radiology,x_ray,thorax,thorax,frontal,"['thorax', 'radiology', 'frontal', 'x_ray']",['radiology'],True
file_0076609,PMC7511560_AMS2-7-e569-g002_F_6_6.webp,PMC7511560_01_AMS2-7-e569-g002.jpg,f,PMC7511560_01,CC BY-NC,4566,"Chest computed tomography (CT) and chest X-ray images in time series of a 67-year-old man during hospitalization for severe COVID-19-induced acute respiratory distress syndrome. F, Chest X-ray on day 52 (ventilator removed).",['Fig. 2'],radiology,x_ray,thorax,thorax,frontal,"['thorax', 'radiology', 'frontal', 'x_ray']",['radiology'],True
file_0076768,PMC7519795_PAMJ-36-256-g001_B_2_2.webp,PMC7519795_02_PAMJ-36-256-g001.jpg,b,PMC7519795_02,CC BY,7512,"Solid mass with speculated irregular contours mimicking malignancy, in the posterior basal segment of the lower lobe of the right lung.",['Figure 1'],radiology,x_ray,thorax,thorax,frontal,"['thorax', 'radiology', 'frontal', 'x_ray']",[],True
file_0076784,PMC7521098_NCI-7-411-g001_A_1_2.webp,PMC7521098_01_NCI-7-411-g001.jpg,a,PMC7521098_01,CC BY-NC-SA,7532,Chest radiography and thoracic computed tomography of the patient with pulmonary tuberculosis. (A) The chest radiograph demonstrated opacities and interstitial infiltrates bilaterally.,['Fig. 1'],radiology,x_ray,thorax,thorax,frontal,"['thorax', 'radiology', 'frontal', 'x_ray']",['radiology'],True
file_0076798,PMC7521360_gr1_undivided_1_1.webp,PMC7521360_03_gr1.jpg,undivided,PMC7521360_03,CC BY,14732,Bilateral infiltrates with multiple cavitary lesions.,[],radiology,x_ray,thorax,thorax,frontal,"['thorax', 'radiology', 'frontal', 'x_ray']",[],True
file_0076799,PMC7521360_gr3_undivided_1_1.webp,PMC7521360_03_gr3.jpg,undivided,PMC7521360_03,CC BY,11506,Bilateral infiltrates with extensive involvement on right side with multiple cavitary lesions.,[],radiology,x_ray,thorax,thorax,frontal,"['thorax', 'radiology', 'frontal', 'x_ray']",[],True
file_0076800,PMC7521360_gr5_undivided_1_1.webp,PMC7521360_03_gr5.jpg,undivided,PMC7521360_03,CC BY,16724,Bilateral infiltrates with multiple cavitary lesion.,[],radiology,x_ray,thorax,thorax,frontal,"['thorax', 'radiology', 'frontal', 'x_ray']",[],True
file_0076896,PMC7530217_gr1_undivided_1_1.webp,PMC7530217_01_gr1.jpg,undivided,PMC7530217_01,CC BY,28248,Showing the complete white out lung field on left chest with tracheal shift to right side suggestive of pleural effusion.,['Fig. 1'],radiology,x_ray,thorax,thorax,frontal,"['thorax', 'radiology', 'frontal', 'x_ray']",[],True
file_0076899,PMC7530217_gr3_undivided_1_1.webp,PMC7530217_01_gr3.jpg,undivided,PMC7530217_01,CC BY,14888,Shows the resolution of the white out lung field on left chest with tube in situ.,['Fig. 3'],radiology,x_ray,thorax,thorax,frontal,"['thorax', 'radiology', 'frontal', 'x_ray']",[],True
file_0076915,PMC7531270_fonc-10-562625-g0001_undivided_1_1.webp,PMC7531270_01_fonc-10-562625-g0001.jpg,undivided,PMC7531270_01,CC BY,14220,Select chest radiograph images during the patient's hospitalization.,[],radiology,x_ray,thorax,thorax,sagittal,"['thorax', 'radiology', 'sagittal', 'x_ray']","['radiology', 'thorax', 'x_ray']",True
file_0076926,PMC7532822_ABR-9-23-g001_undivided_1_1.webp,PMC7532822_01_ABR-9-23-g001.jpg,undivided,PMC7532822_01,CC BY-NC-SA,12466,Miliary mottling of lung fields.,['Figure 1'],radiology,x_ray,thorax,thorax,frontal,"['thorax', 'radiology', 'frontal', 'x_ray']",[],True
file_0076929,PMC7532827_ABR-9-35-g002_undivided_1_1.webp,PMC7532827_01_ABR-9-35-g002.jpg,undivided,PMC7532827_01,CC BY-NC-SA,14214,Area of lung inflammation at left basilar and perihilar areas are also present.,['Figure 2'],radiology,x_ray,thorax,thorax,frontal,"['thorax', 'radiology', 'frontal', 'x_ray']",[],True
file_0076944,PMC7532852_PAMJ-37-11-g001_A_1_3.webp,PMC7532852_01_PAMJ-37-11-g001.jpg,a,PMC7532852_01,CC BY,5732,Bilateral pneumothorax on chest radiograph (arrows).,[],radiology,x_ray,thorax,thorax,frontal,"['thorax', 'radiology', 'frontal', 'x_ray']","['radiology', 'thorax', 'x_ray']",True
file_0076945,PMC7532852_PAMJ-37-11-g001_B_2_3.webp,PMC7532852_01_PAMJ-37-11-g001.jpg,b,PMC7532852_01,CC BY,5936,Chest radiograph after chest tubes removal.,[],radiology,x_ray,thorax,thorax,frontal,"['thorax', 'radiology', 'frontal', 'x_ray']","['radiology', 'thorax', 'x_ray']",True
file_0076946,PMC7532852_PAMJ-37-11-g001_C_3_3.webp,PMC7532852_01_PAMJ-37-11-g001.jpg,c,PMC7532852_01,CC BY,5906,Recurrence of the left pneumothorax.,[],radiology,x_ray,thorax,thorax,frontal,"['thorax', 'radiology', 'frontal', 'x_ray']",[],True
file_0077024,PMC7533101_JCIS-10-55-g003_b_2_3.webp,PMC7533101_01_JCIS-10-55-g003.jpg,b,PMC7533101_01,CC BY-NC-SA,4686,A 65-year-old man with diffuse large B-cell lymphoma of the liver who presented with failure to thrive and received inpatient chemotherapy. Digital subtraction angiogram from a selectively catheterized left inferior pulmonary artery demonstrating the pseudoaneurysm.,['Figure 3'],radiology,x_ray,abdomen,abdomen,frontal,"['abdomen', 'radiology', 'frontal', 'x_ray']",[],True
file_0077025,PMC7533101_JCIS-10-55-g003_c_3_3.webp,PMC7533101_01_JCIS-10-55-g003.jpg,c,PMC7533101_01,CC BY-NC-SA,9488,A 65-year-old man with diffuse large B-cell lymphoma of the liver who presented with failure to thrive and received inpatient chemotherapy. Post embolization digital subtraction angiogram demonstrating no flow to the inferior pulmonary artery pseudoaneurysm.,['Figure 3'],radiology,x_ray,abdomen,abdomen,frontal,"['abdomen', 'radiology', 'frontal', 'x_ray']",[],True
file_0077057,PMC7533597_fendo-11-00554-g0002_undivided_1_1.webp,PMC7533597_01_fendo-11-00554-g0002.jpg,undivided,PMC7533597_01,CC BY,12066,"Chest X-ray. Chest X-ray description: small peripheral hazy opacity in medium field and more evident opacities at the medium-lower fields of both lungs, especially on the left side.",['Figure 2'],radiology,x_ray,thorax,thorax,frontal,"['thorax', 'radiology', 'frontal', 'x_ray']","['radiology', 'thorax', 'x_ray', 'mass']",True
file_0077060,PMC7533630_gr1_undivided_1_1.webp,PMC7533630_02_gr1.jpg,undivided,PMC7533630_02,CC BY,41368,Chest x-ray showed significant bilateral pneumoperitoneum with notice of the gastric band.,['Fig. 1'],radiology,x_ray,thorax,thorax,frontal,"['thorax', 'radiology', 'frontal', 'x_ray']","['radiology', 'x_ray']",True
file_0077078,PMC7534844_IMCRJ-13-465-g0001_undivided_1_1.webp,PMC7534844_01_IMCRJ-13-465-g0001.jpg,undivided,PMC7534844_01,CC BY-NC,8534,Anteroposterior chest x-ray shows the tip of the catheter inserted through the left jugular vein was located in the left mediastinum (black arrow).,['Figure 1'],radiology,x_ray,thorax,thorax,frontal,"['thorax', 'radiology', 'frontal', 'x_ray']","['radiology', 'thorax', 'x_ray']",True
file_0077085,PMC7536294_fpubh-08-00474-g0001_undivided_1_1.webp,PMC7536294_01_fpubh-08-00474-g0001.jpg,undivided,PMC7536294_01,CC BY,18428,Chest X-ray shows diffuse multi-lobar infiltrates consistent with acute respiratory distress syndrome.,['Figure 1'],radiology,x_ray,thorax,thorax,frontal,"['thorax', 'radiology', 'frontal', 'x_ray']","['radiology', 'thorax', 'x_ray']",True
file_0077104,PMC7536462_TPA-55-309-g001_a_1_2.webp,PMC7536462_01_TPA-55-309-g001.jpg,a,PMC7536462_01,CC BY-NC-SA,4084,(a) Shows cystic like hyperlucent area on the left posterior-basal segment of the lung (arrow).,"['Fig. 1 a, b']",radiology,x_ray,thorax,thorax,frontal,"['thorax', 'radiology', 'frontal', 'x_ray']",[],True
file_0077113,PMC7537980_12948_2020_133_Fig1_HTML_undivided_1_1.webp,PMC7537980_01_12948_2020_133_Fig1_HTML.jpg,undivided,PMC7537980_01,CC BY,19190,The X-ray shows bilateral and extensive interstitial infiltrates.,['Fig. 1'],radiology,x_ray,thorax,thorax,frontal,"['thorax', 'radiology', 'frontal', 'x_ray']","['radiology', 'x_ray']",True
file_0077286,PMC7546952_CTI2-9-e1154-g006_a_1_3.webp,PMC7546952_01_CTI2-9-e1154-g006.jpg,a,PMC7546952_01,CC BY-NC,4040,"Bilateral extensive pulmonary infiltrates evolved with treatment. Representative chest X-ray images obtained at the following time points have been provided:. When the patient developed ARDS, and ,was admitted to the ICU on Day +47.",['Figure 6a'],radiology,x_ray,thorax,thorax,frontal,"['thorax', 'radiology', 'frontal', 'x_ray']","['radiology', 'thorax', 'x_ray']",True
file_0077287,PMC7546952_CTI2-9-e1154-g006_b_2_3.webp,PMC7546952_01_CTI2-9-e1154-g006.jpg,b,PMC7546952_01,CC BY-NC,4470,"Bilateral extensive pulmonary infiltrates evolved with treatment. At 1 week after administration of corticosteroids, and ,the IL-6 receptor blocker on Day +53.",['Figure 6b and c'],radiology,x_ray,thorax,thorax,frontal,"['thorax', 'radiology', 'frontal', 'x_ray']",[],True
file_0077288,PMC7546952_CTI2-9-e1154-g006_c_3_3.webp,PMC7546952_01_CTI2-9-e1154-g006.jpg,c,PMC7546952_01,CC BY-NC,1642,"Bilateral extensive pulmonary infiltrates evolved with treatment. After transfer out of the ICU on Day +57. At the onset of ALI/ARDS, extensive bilateral pulmonary infiltration was noted, in addition to the tumor and atelectasis in the left lung. The infiltrates rapidly resolved on treatment with the tumor and atelectasis present.",[],radiology,x_ray,thorax,thorax,frontal,"['thorax', 'radiology', 'frontal', 'x_ray']",[],True
file_0077340,PMC7550825_gr2_undivided_1_1.webp,PMC7550825_01_gr2.jpg,undivided,PMC7550825_01,CC BY,21880,Barium esophagography scan. . The scan reveals a space-occupying lesion in the lower thoracic esophagus (arrows).,['Fig. 2'],radiology,x_ray,thorax,thorax,frontal,"['thorax', 'radiology', 'frontal', 'x_ray']","['radiology', 'thorax', 'mass', 'contrast']",True
file_0077441,PMC7568093_SNI-11-291-g003_undivided_1_1.webp,PMC7568093_01_SNI-11-291-g003.jpg,undivided,PMC7568093_01,CC BY-NC-SA,23380,"Postoperative chest X-ray view shows presence of shunt in the right atrium ""black arrow"" with disappearance of pleurisy.",['Figure 3'],radiology,x_ray,thorax,thorax,frontal,"['thorax', 'radiology', 'frontal', 'x_ray']","['radiology', 'thorax', 'x_ray']",True
file_0077588,PMC7569054_OAEM-12-287-g0001_undivided_1_1.webp,PMC7569054_01_OAEM-12-287-g0001.jpg,undivided,PMC7569054_01,CC BY-NC,9188,A chest X-ray on arrival. No obvious rib fractures were seen.,['Figure 1'],radiology,x_ray,thorax,thorax,frontal,"['thorax', 'radiology', 'frontal', 'x_ray']","['radiology', 'thorax', 'x_ray']",True
file_0077619,PMC7569537_SVDLD-37-53-g005_left_1_2.webp,PMC7569537_03_SVDLD-37-53-g005.jpg,left,PMC7569537_03,CC BY-NC-SA,9412,Composite image of the Chest Radiographs of Patient 3 at initial evaluation (left) showing extensive miliary nodules.,['Figure 5'],radiology,x_ray,thorax,thorax,frontal,"['thorax', 'radiology', 'frontal', 'x_ray']","['radiology', 'thorax', 'x_ray', 'mass']",True
file_0077620,PMC7569537_SVDLD-37-53-g005_right_2_2.webp,PMC7569537_03_SVDLD-37-53-g005.jpg,right,PMC7569537_03,CC BY-NC-SA,9498,Subsequent Chest radiograph (right) after six weeks of anti-tuberculosis treatment alone show profusion of nodules with diffuse ground-glass opacification. Worsening hypoxemia was clinically noted.,['Figure 5'],radiology,x_ray,thorax,thorax,frontal,"['thorax', 'radiology', 'frontal', 'x_ray']","['radiology', 'thorax', 'x_ray', 'mass']",True
file_0077623,PMC7569537_SVDLD-37-53-g007_left_1_1.webp,PMC7569537_04_SVDLD-37-53-g007.jpg,left,PMC7569537_04,CC BY-NC-SA,37596,"Composite image of chest radiography images (left) of Patient 4 showing miliary nodules at diagnosis and photomicrographs of the lung biopsy specimen [right, Hematoxylin and Eosin stain (H & E) x 4] showing multiple perivascular granulomas (arrow).",['Figure 7'],radiology,x_ray,thorax,thorax,frontal,"['thorax', 'radiology', 'frontal', 'x_ray']",[],True
file_0077629,PMC7569747_wellcomeopenres-5-18014-g0000_undivided_1_1.webp,PMC7569747_01_wellcomeopenres-5-18014-g0000.jpg,undivided,PMC7569747_01,CC BY,24048,Chest X-ray showing thick walled cavitating lesions in the left upper lobe and patchy infiltrates in left middle and lower zones.,['Figure 1'],radiology,x_ray,thorax,thorax,frontal,"['thorax', 'radiology', 'frontal', 'x_ray']","['radiology', 'thorax', 'x_ray', 'mass']",True
file_0077660,PMC7573191_EXCLI-19-1161-g-001_undivided_1_1.webp,PMC7573191_01_EXCLI-19-1161-g-001.jpg,undivided,PMC7573191_01,CC BY,26332,"Chest radiography showed a cardiothoracic ratio of 66 % with cardiac enlargement and bilateral pleural effusions, which were greater on the right. Lung lesions were not clearly visible.","['Figure 1', 'Fig. 1']",radiology,x_ray,thorax,thorax,frontal,"['thorax', 'radiology', 'frontal', 'x_ray']","['radiology', 'thorax', 'x_ray', 'mass']",True
file_0077705,PMC7576439_gr1a_undivided_1_1.webp,PMC7576439_01_gr1a.jpg,undivided,PMC7576439_01,CC BY,17426,Large right-sided pneumothorax with mediastinal shift towards left.,[],radiology,x_ray,thorax,thorax,frontal,"['thorax', 'radiology', 'frontal', 'x_ray']",[],True
file_0077706,PMC7576439_gr1b_undivided_1_1.webp,PMC7576439_02_gr1b.jpg,undivided,PMC7576439_02,CC BY,28264,Left-sided pneumothorax. Right-sided chest tube in situ.,[],radiology,x_ray,thorax,thorax,frontal,"['thorax', 'radiology', 'frontal', 'x_ray']",[],True
file_0077752,PMC7580483_JNMA-58-221-48-g1_undivided_1_1.webp,PMC7580483_01_JNMA-58-221-48-g1.jpg,undivided,PMC7580483_01,CC BY,5392,Chest X-ray showing bilateral pneumonia.,['Figure 1'],radiology,x_ray,thorax,thorax,frontal,"['thorax', 'radiology', 'frontal', 'x_ray']","['radiology', 'thorax', 'x_ray']",True
file_0077753,PMC7580483_JNMA-58-221-48-g2_undivided_1_1.webp,PMC7580483_02_JNMA-58-221-48-g2.jpg,undivided,PMC7580483_02,CC BY,8356,Chest X-ray showing bilateral pneumonia.,['Figure 2'],radiology,x_ray,thorax,thorax,frontal,"['thorax', 'radiology', 'frontal', 'x_ray']","['radiology', 'thorax', 'x_ray']",True
file_0077754,PMC7580483_JNMA-58-221-48-g3_undivided_1_1.webp,PMC7580483_03_JNMA-58-221-48-g3.jpg,undivided,PMC7580483_03,CC BY,16948,Chest X-ray showing bilateral pneumonia.,['Figure 3'],radiology,x_ray,thorax,thorax,frontal,"['thorax', 'radiology', 'frontal', 'x_ray']","['radiology', 'thorax', 'x_ray']",True
file_0077810,PMC7585363_gr1_A_1_4.webp,PMC7585363_01_gr1.jpg,a,PMC7585363_01,CC BY,5202,Chest X-ray showed bronchopneumonia.,['Fig. 1a'],radiology,x_ray,thorax,thorax,frontal,"['thorax', 'radiology', 'frontal', 'x_ray']","['radiology', 'thorax', 'x_ray']",True
file_0077814,PMC7585363_gr2_A_1_3.webp,PMC7585363_02_gr2.jpg,a,PMC7585363_02,CC BY,8222,Chest X-ray showed atypical bronchopneumonia.,['Fig. 2a'],radiology,x_ray,thorax,thorax,frontal,"['thorax', 'radiology', 'frontal', 'x_ray']","['radiology', 'thorax', 'x_ray']",True
file_0077817,PMC7585363_gr3_A_1_4.webp,PMC7585363_03_gr3.jpg,a,PMC7585363_03,CC BY,4564,Chest X-ray showed normal lung and heart.,['Fig. 3a'],radiology,x_ray,thorax,thorax,frontal,"['thorax', 'radiology', 'frontal', 'x_ray']","['radiology', 'thorax', 'x_ray']",True
file_0077821,PMC7585363_gr4_A_1_4.webp,PMC7585363_04_gr4.jpg,a,PMC7585363_04,CC BY,10342,Chest X-ray showed multiple metastatic nodules.,['Fig. 4a'],radiology,x_ray,thorax,thorax,frontal,"['thorax', 'radiology', 'frontal', 'x_ray']","['radiology', 'thorax', 'malignant', 'x_ray', 'mass']",True
file_0077865,PMC7587464_gr1_undivided_1_1.webp,PMC7587464_01_gr1.jpg,undivided,PMC7587464_01,CC BY,10224,Chest X-ray showing right-sided moderate effusion with thickening.,[],radiology,x_ray,thorax,thorax,frontal,"['thorax', 'radiology', 'frontal', 'x_ray']","['radiology', 'thorax', 'x_ray']",True
file_0077884,PMC7591388_fpsyt-11-572102-g0001_undivided_1_1.webp,PMC7591388_01_fpsyt-11-572102-g0001.jpg,undivided,PMC7591388_01,CC BY,16516,Initial chest x-ray after onset of symptoms showing peribronchial vascular opacities in the left lung base and left perihilar region.,['Figure 1'],radiology,x_ray,thorax,thorax,frontal,"['thorax', 'radiology', 'frontal', 'x_ray']","['radiology', 'thorax', 'x_ray', 'mass']",True
file_0077885,PMC7591388_fpsyt-11-572102-g0002_undivided_1_1.webp,PMC7591388_01_fpsyt-11-572102-g0002.jpg,undivided,PMC7591388_01,CC BY,13992,Chest x-ray 48 h after stopping clozapine (the second time) showing markedly improved lungs fields now almost completely clear.,['Figure 2'],radiology,x_ray,thorax,thorax,frontal,"['thorax', 'radiology', 'frontal', 'x_ray']","['radiology', 'thorax', 'x_ray']",True
file_0078101,PMC7608070_1678-9946-rimtsp-62-S1678-9946202062078-gf01_undivided_1_1.webp,PMC7608070_01_1678-9946-rimtsp-62-S1678-9946202062078-gf01.jpg,undivided,PMC7608070_01,CC BY-NC,17622,Chest radiograph showing a miliary pattern on the admission to the hospital.,['Figure 1'],radiology,x_ray,thorax,thorax,frontal,"['thorax', 'radiology', 'frontal', 'x_ray']","['radiology', 'thorax', 'x_ray']",True
file_0078113,PMC7608773_PAMJ-SUPP-35-2-141-g002_undivided_1_1.webp,PMC7608773_01_PAMJ-SUPP-35-2-141-g002.jpg,undivided,PMC7608773_01,CC BY,24330,post-intubation chest X-ray.,['Figure 2'],radiology,x_ray,thorax,thorax,frontal,"['thorax', 'radiology', 'frontal', 'x_ray']","['radiology', 'thorax', 'x_ray']",True
file_0078290,PMC7652765_fped-08-584185-g0001_undivided_1_1.webp,PMC7652765_01_fped-08-584185-g0001.jpg,undivided,PMC7652765_01,CC BY,59178,"Frontal view of fluoroscopic images during inguinal injection of Lipiodol. At abdominal level there is opacification of lymph vessels with drainage of Lipiodol into the cysterna chyli and thoracic duct (TD). Image of occlusion of the TD on the passage from abdominal to thoracic level. Black arrow: droplets of ethiodized oil at the passage from the inferior caval vein to the TCPC conduit, revealing early lymphovenous shunting. At thoracic level there is drainage of Lipiodol through multiple collaterals to hilar, peribronchial, mediastinal, and axillar dilated lymph vessels. Right mediastinum is more affected than the left.",['Figure 1'],radiology,x_ray,thorax,thorax,frontal,"['thorax', 'radiology', 'frontal', 'x_ray']","['radiology', 'frontal', 'x_ray', 'mass']",True
file_0078510,PMC7656189_acmi-2-151-g001_undivided_1_1.webp,PMC7656189_01_acmi-2-151-g001.jpg,undivided,PMC7656189_01,CC BY,5444,Chest x-ray of the patient showing left-sided hydro-pneumothorax.,['Fig. 1'],radiology,x_ray,thorax,thorax,frontal,"['thorax', 'radiology', 'frontal', 'x_ray']","['radiology', 'thorax', 'x_ray']",True
file_0078511,PMC7656190_acmi-2-156-g001_a_1_2.webp,PMC7656190_01_acmi-2-156-g001.jpg,a,PMC7656190_01,CC BY,6546,Chest x-ray:. Posteroanterior.,['Fig. 1'],radiology,x_ray,thorax,thorax,frontal,"['thorax', 'radiology', 'frontal', 'x_ray']","['radiology', 'thorax', 'frontal', 'posteroanterior', 'x_ray']",True
file_0078512,PMC7656190_acmi-2-156-g001_b_2_2.webp,PMC7656190_01_acmi-2-156-g001.jpg,b,PMC7656190_01,CC BY,5044,Lateral. Small calcified nodes were present in the inferior right hilum and subcarinal chain (indicated by the arrow). No suspicious pulmonary nodules nor infiltrates were identified.,['Fig. 1'],radiology,x_ray,thorax,thorax,sagittal,"['thorax', 'radiology', 'sagittal', 'x_ray']",[],True
file_0078557,PMC7661488_fped-08-577174-g0001_undivided_1_1.webp,PMC7661488_02_fped-08-577174-g0001.jpg,undivided,PMC7661488_02,CC BY,9048,Radiological aspect of SARS-Cov-2 pneumonia in our case.,['Figure 1'],radiology,x_ray,thorax,thorax,frontal,"['thorax', 'radiology', 'frontal', 'x_ray']",['radiology'],True
file_0078591,PMC7666689_PAMJ-36-368-g001_undivided_1_1.webp,PMC7666689_01_PAMJ-36-368-g001.jpg,undivided,PMC7666689_01,CC BY,19964,anteroposterior chest radiography showing enlargement of the cardiac silhouette with a right-sided pulmonary effusion.,['Figure 1'],radiology,x_ray,thorax,thorax,frontal,"['thorax', 'radiology', 'frontal', 'x_ray']","['radiology', 'thorax', 'x_ray']",True
file_0078633,PMC7669275_1678-9946-rimtsp-62-S1678-9946202062089-gf02_a_1_4.webp,PMC7669275_02_1678-9946-rimtsp-62-S1678-9946202062089-gf02.jpg,a,PMC7669275_02,CC BY-NC,7224,Posteroanterior chest radiography.,['Figure 2'],radiology,x_ray,thorax,thorax,frontal,"['thorax', 'radiology', 'frontal', 'x_ray']","['radiology', 'thorax', 'frontal', 'posteroanterior', 'x_ray']",True
file_0078634,PMC7669275_1678-9946-rimtsp-62-S1678-9946202062089-gf02_b_2_4.webp,PMC7669275_02_1678-9946-rimtsp-62-S1678-9946202062089-gf02.jpg,b,PMC7669275_02,CC BY-NC,4808,"Lateral position chest radiography. After 40 days of antifungal treatment: extensive bilateral interstitial, and ,alveolar opacities, predominating in the middle thirds, and ,bases of the lungs.",['Figure 2'],radiology,x_ray,thorax,thorax,sagittal,"['thorax', 'radiology', 'sagittal', 'x_ray']","['radiology', 'thorax', 'x_ray', 'mass']",True
file_0078659,PMC7670026_AJLM-9-1290-g004_a_1_2.webp,PMC7670026_02_AJLM-9-1290-g004.jpg,a,PMC7670026_02,CC BY,18106,"Radiological images of a 55 year old male patient with COVID-19 (37 Military Hospital, Accra, Ghana, May 2020). Case 3: (a) Postero-anterior chest x-ray showing bilateral ground-glass opacification and right upper and middle zone peripheral patchy opacities.",['Figure 4'],radiology,x_ray,thorax,thorax,frontal,"['thorax', 'radiology', 'frontal', 'x_ray']","['radiology', 'thorax', 'x_ray', 'mass']",True
file_0078671,PMC7670181_WO-24-41418-g001_undivided_1_1.webp,PMC7670181_01_WO-24-41418-g001.jpg,undivided,PMC7670181_01,CC BY-NC-SA,18026,X-ray showed atelectasis of almost the whole left lung superior lobe and obstruction of the bronchus leading to the third segment of the left lung.,['Fig. 1'],radiology,x_ray,thorax,thorax,frontal,"['thorax', 'radiology', 'frontal', 'x_ray']","['radiology', 'x_ray']",True
file_0078684,PMC7670751_1678-9849-rsbmt-54-e20200192-gf1_undivided_1_1.webp,PMC7670751_01_1678-9849-rsbmt-54-e20200192-gf1.jpg,undivided,PMC7670751_01,CC BY,26166,"Chest radiography, posteroanterior and lateral views.",['Figure 1'],radiology,x_ray,thorax,thorax,frontal,"['thorax', 'radiology', 'frontal', 'x_ray']","['radiology', 'thorax', 'x_ray']",True
file_0078795,PMC7680847_fcvm-07-582350-g0001_A_1_3.webp,PMC7680847_01_fcvm-07-582350-g0001.jpg,a,PMC7680847_01,CC BY,4142,The clinical data and genetic analysis of the patient with MMP21 variant. (A) Chest X-ray of the patient indicating dextrocardia.,['Figure 1A'],radiology,x_ray,thorax,thorax,frontal,"['thorax', 'radiology', 'frontal', 'x_ray']","['radiology', 'thorax', 'x_ray']",True
file_0078824,PMC7682501_f1000research-9-30564-g0003_undivided_1_1.webp,PMC7682501_01_f1000research-9-30564-g0003.jpg,undivided,PMC7682501_01,CC BY,24666,"Chest X-ray on the 14
th day of treatment showed left parahilar ground glass appearance with suspicion of lung metastasis and pleural effusion. . Pericardial fluid pigtail was already inserted for drainage of pericardial effusion.",['Figure 4'],radiology,x_ray,thorax,thorax,frontal,"['thorax', 'radiology', 'frontal', 'x_ray']","['radiology', 'thorax', 'malignant', 'x_ray', 'mass']",True
file_0078850,PMC7683434_fped-08-558941-g0001_undivided_1_1.webp,PMC7683434_01_fped-08-558941-g0001.jpg,undivided,PMC7683434_01,CC BY,17694,Thoracic radiography revealing right pleural effusion.,['Figure 1'],radiology,x_ray,thorax,thorax,frontal,"['thorax', 'radiology', 'frontal', 'x_ray']","['radiology', 'thorax', 'x_ray']",True
file_0078853,PMC7683434_fped-08-558941-g0005_undivided_1_1.webp,PMC7683434_01_fped-08-558941-g0005.jpg,undivided,PMC7683434_01,CC BY,13076,Thoracic radiography after 6 months revealing only minimal thickening of the inferior right pleura.,['Figure 5'],radiology,x_ray,thorax,thorax,frontal,"['thorax', 'radiology', 'frontal', 'x_ray']","['radiology', 'thorax', 'x_ray']",True
file_0078890,PMC7686237_fped-08-586666-g0001_B_2_2.webp,PMC7686237_01_fped-08-586666-g0001.jpg,b,PMC7686237_01,CC BY,7682,"Correspond to the Rx-image, which shows ground-glass opacities, in the right lung, and diffuse opacity of the left lung.",['Figure 1'],radiology,x_ray,thorax,thorax,frontal,"['thorax', 'radiology', 'frontal', 'x_ray']",[],True
file_0078921,PMC7687474_PAMJ-SUPP-35-2-118-g001_undivided_1_1.webp,PMC7687474_02_PAMJ-SUPP-35-2-118-g001.jpg,undivided,PMC7687474_02,CC BY,49056,chest radiograph of the patient.,['Figure 1'],radiology,x_ray,thorax,thorax,frontal,"['thorax', 'radiology', 'frontal', 'x_ray']","['radiology', 'thorax', 'x_ray']",True
file_0078945,PMC7690929_2317-6385-eins-18-eRC5606-gf01_A_1_3.webp,PMC7690929_01_2317-6385-eins-18-eRC5606-gf01.jpg,a,PMC7690929_01,CC BY,7322,Chest X-rays of patients at baseline.,['Figure 1'],radiology,x_ray,thorax,thorax,frontal,"['thorax', 'radiology', 'frontal', 'x_ray']","['radiology', 'thorax', 'x_ray']",True
file_0078987,PMC7699305_IDR-13-4215-g0001_undivided_1_1.webp,PMC7699305_01_IDR-13-4215-g0001.jpg,undivided,PMC7699305_01,CC BY-NC,31186,Standard PA chest x-ray demonstrating widened superior mediastinum with homogenous opacity seen in the right upper lung zone.,"['Figure 1', 'Figures 1']",radiology,x_ray,thorax,thorax,frontal,"['thorax', 'radiology', 'frontal', 'x_ray']","['radiology', 'thorax', 'x_ray', 'mass']",True
file_0079104,PMC7708678_IJGM-13-1291-g0002_undivided_1_1.webp,PMC7708678_01_IJGM-13-1291-g0002.jpg,undivided,PMC7708678_01,CC BY-NC,38972,Contrast agent spilling from the distal end of the right pulmonary bronchial artery.,['Figure 2'],radiology,x_ray,abdomen,abdomen,sagittal,"['abdomen', 'radiology', 'sagittal', 'x_ray']","['radiology', 'contrast']",True
file_0079269,PMC7718116_gr1_undivided_1_1.webp,PMC7718116_01_gr1.jpg,undivided,PMC7718116_01,CC BY,16920,"CXR on presentation, showing a huge right paratracheal mass obstructing the airways.",['Fig. 1'],radiology,x_ray,thorax,thorax,frontal,"['thorax', 'radiology', 'frontal', 'x_ray']","['radiology', 'thorax', 'x_ray', 'mass']",True
file_0079483,PMC7733146_AMS2-7-e616-g001_A_1_2.webp,PMC7733146_01_AMS2-7-e616-g001.jpg,a,PMC7733146_01,CC BY-NC,2964,"(A) Chest radiograph on the day of admission revealed pulmonary congestion bilateral, cardiothoracic ratio of 60%, and implanted pace maker.",['Fig. 1A'],radiology,x_ray,thorax,thorax,frontal,"['thorax', 'radiology', 'frontal', 'x_ray']","['radiology', 'thorax', 'x_ray']",True
file_0079514,PMC7734188_fmed-07-541629-g0001_undivided_1_1.webp,PMC7734188_01_fmed-07-541629-g0001.jpg,undivided,PMC7734188_01,CC BY,20374,Chest X-rays at presentation. Left subclavian pulmonary thickening associated with patchy bilateral peripheral opacity particularly represented in the left lung where there are also band-like consolidations and pleural effusion.,['Figure 1'],radiology,x_ray,thorax,thorax,frontal,"['thorax', 'radiology', 'frontal', 'x_ray']","['radiology', 'thorax', 'x_ray', 'mass']",True
file_0079533,PMC7735781_IMCRJ-13-685-g0001_B_2_2.webp,PMC7735781_01_IMCRJ-13-685-g0001.jpg,b,PMC7735781_01,CC BY-NC,8386,(B) Enlarged view of panel A. Yellow arrows showing diffuse lamellar keratitis. White arrow showing the edge of the SMILE cap. Red arrows showing limbal inflammation. Black arrows showing the catarrhal infiltrates.,['Figure 1'],radiology,x_ray,upper_limb,forearm,oblique,"['radiology', 'upper_limb', 'oblique', 'forearm', 'x_ray']",[],True
file_0079748,PMC7750025_AMS2-7-e615-g003_undivided_1_1.webp,PMC7750025_01_AMS2-7-e615-g003.jpg,undivided,PMC7750025_01,CC BY-NC,17914,"Chest radiograph on the second day of hospitalization reveals no stomach dilation within the mediastinum or mediastinal displacement; however, extensive infiltrative shadows are seen in both lung fields, suggesting severe pneumonia.",['Fig. 3'],radiology,x_ray,thorax,thorax,frontal,"['thorax', 'radiology', 'frontal', 'x_ray']","['radiology', 'x_ray']",True
file_0080018,PMC7771397_JCIS-10-86-g001_undivided_1_1.webp,PMC7771397_01_JCIS-10-86-g001.jpg,undivided,PMC7771397_01,CC BY-NC-SA,13602,"A 46-year-old male presented with chest pain for 1 month. Frontal chest radiograph shows a homogenous radio-opacity in the left upper zone, broad based toward aortic knuckle (large white arrow) causing superior mediastinal widening.",['Figure 1'],radiology,x_ray,thorax,thorax,frontal,"['thorax', 'radiology', 'frontal', 'x_ray']","['radiology', 'thorax', 'x_ray', 'mass']",True
file_0080027,PMC7771397_JCIS-10-86-g005_right_1_1.webp,PMC7771397_02_JCIS-10-86-g005.jpg,right,PMC7771397_02,CC BY-NC-SA,9576,"A 75-year-old male presented with dyspnea, right-sided chest pain, massive hemoptysis, and fever. Frontal chest radiograph shows a fairly defined inhomogeneous radio-opacity in the right upper and mid zones lung fields (large white arrow).",[],radiology,x_ray,thorax,thorax,frontal,"['thorax', 'radiology', 'frontal', 'x_ray']","['radiology', 'thorax', 'x_ray', 'mass']",True
file_0080031,PMC7771397_JCIS-10-86-g008_a_1_3.webp,PMC7771397_02_JCIS-10-86-g008.jpg,a,PMC7771397_02,CC BY-NC-SA,4036,"(a) A 75-year-old male presented with dyspnea, right-sided chest pain, massive hemoptysis, and fever. Immediate postoperative follow-up frontal chest radiograph shows coils filling the pseudoaneurysm sac (small white arrow) with minimal resolution of inhomogeneous radio-opacity (white arrowhead).",['Figure 8a-c'],radiology,x_ray,thorax,thorax,frontal,"['thorax', 'radiology', 'frontal', 'x_ray']","['radiology', 'thorax', 'x_ray', 'mass']",True
file_0080032,PMC7771397_JCIS-10-86-g008_b_2_3.webp,PMC7771397_02_JCIS-10-86-g008.jpg,b,PMC7771397_02,CC BY-NC-SA,4604,"(b) A 75-year-old male presented with dyspnea, right-sided chest pain, massive hemoptysis, and fever. Post-operative day 3 follow-up frontal chest radiograph shows coils filling the pseudoaneurysm sac (small white arrow) with partial resolution of inhomogeneous radio-opacity (white arrowhead).",['Figure 8a-c'],radiology,x_ray,thorax,thorax,frontal,"['thorax', 'radiology', 'frontal', 'x_ray']","['radiology', 'thorax', 'x_ray', 'mass']",True
file_0080033,PMC7771397_JCIS-10-86-g008_c_3_3.webp,PMC7771397_02_JCIS-10-86-g008.jpg,c,PMC7771397_02,CC BY-NC-SA,7158,"(c) A 75-year-old male presented with dyspnea, right-sided chest pain, massive hemoptysis, and fever. Four weeks post-operative follow-up frontal chest radiograph shows coils filling the pseudoaneurysm sac (small white arrow) with near-complete resolution of inhomogeneous radio-opacity (white arrowhead).",['Figure 8a-c'],radiology,x_ray,thorax,thorax,frontal,"['thorax', 'radiology', 'frontal', 'x_ray']","['radiology', 'thorax', 'x_ray', 'mass']",True
file_0080034,PMC7771397_JCIS-10-86-g009_undivided_1_1.webp,PMC7771397_03_JCIS-10-86-g009.jpg,undivided,PMC7771397_03,CC BY-NC-SA,16340,"A 43-year-old male presented fever, pain, and localized swelling in the right upper anterior chest wall for 1 month. Frontal chest radiograph shows no significant abnormality.",[],radiology,x_ray,thorax,thorax,frontal,"['thorax', 'radiology', 'frontal', 'x_ray']","['radiology', 'thorax', 'x_ray']",True
file_0080235,PMC7773639_fvets-07-569597-g0002_A_1_2.webp,PMC7773639_01_fvets-07-569597-g0002.jpg,a,PMC7773639_01,CC BY,5076,"Right lateral thoracic radiographs. Prior to treatment, and . This finding is not evident in (A).",['Figure 2'],radiology,x_ray,thorax,thorax,frontal,"['thorax', 'radiology', 'frontal', 'x_ray']","['radiology', 'thorax', 'x_ray']",True
file_0080236,PMC7773639_fvets-07-569597-g0002_B_2_2.webp,PMC7773639_01_fvets-07-569597-g0002.jpg,b,PMC7773639_01,CC BY,8456,After 4 years of treatment for MUO. (B) Mineralization in the right and left pulmonary arteries (arrow) is seen as an elongated heterogeneous mineral opacity overlying and extending slightly dorsal and ventral to the carina.,['Figure 2'],radiology,x_ray,thorax,thorax,sagittal,"['thorax', 'radiology', 'sagittal', 'x_ray']",[],True
file_0080269,PMC7775725_fendo-11-590455-g001_A_1_3.webp,PMC7775725_03_fendo-11-590455-g001.jpg,a,PMC7775725_03,CC BY,34734,"Clinical and molecular findings in a patient with hypophosphatasia. (A) X-ray examinations of the wrist and knee showed typical features of hypophosphatasia, whereas the head and chest showed no abnormal features (a and b). X-ray examinations of the wrist and knee after initiation of asfotase alfa (AA) therapy with the standard dose (2 mg/kg, three times per week = 6 mg/kg/week) showed substantial improvement of rickets (c. 59 days of age). Temporary interruption of AA therapy did not worsen skeletal features, as indicated by reduction of Rickets Severity Scale score from 4.5 to 2.0 and maintenance of Radiographic Global Impression of Change rating +2 (d). Lower doses of AA (2 mg/kg/week) maintained normalized skeletal features (e and f). X-ray examination of knee revealed slight distal metaphyseal demineralization (g); increased dose from 2 mg/kg/week to 2.4 mg/kg/week led to recovery of mineralization (h). ""Day"" represents days of age.","['Figures 1A , c', 'Figures 1A , d', 'Figures 1A , e and f', 'Figures 1A , h', 'Figures 1A , g']",radiology,x_ray,thorax,thorax,sagittal,"['thorax', 'radiology', 'sagittal', 'x_ray']","['radiology', 'x_ray']",True
file_0080312,PMC7781355_JAA-13-753-g0001_undivided_1_1.webp,PMC7781355_01_JAA-13-753-g0001.jpg,undivided,PMC7781355_01,CC BY-NC,76878,Chest radiograph immediately after intubation from oral to nasal route with bilateral alveolar opacification consistent with pulmonary edema in anaphylaxis.,['Figure 1'],radiology,x_ray,thorax,thorax,frontal,"['thorax', 'radiology', 'frontal', 'x_ray']","['radiology', 'thorax', 'x_ray', 'mass']",True
file_0080374,PMC7784112_JAFES-34-2-206-g001_undivided_1_1.webp,PMC7784112_01_JAFES-34-2-206-g001.jpg,undivided,PMC7784112_01,CC BY-NC,14890,Chest radiograph showing cardiomegaly and pulmonary congestion upon admission.,['Figure 1'],radiology,x_ray,thorax,thorax,frontal,"['thorax', 'radiology', 'frontal', 'x_ray']","['radiology', 'thorax', 'x_ray']",True
file_0080375,PMC7784112_JAFES-34-2-206-g002_undivided_1_1.webp,PMC7784112_01_JAFES-34-2-206-g002.jpg,undivided,PMC7784112_01,CC BY-NC,21118,Chest radiograph showing resolution of cardiomegaly with marked improvement of pulmonary congestion by day nine of hospitalization.,['Figure 2'],radiology,x_ray,thorax,thorax,frontal,"['thorax', 'radiology', 'frontal', 'x_ray']","['radiology', 'thorax', 'x_ray']",True
file_0080414,PMC7784179_JAFES-35-1-105-g002_undivided_1_1.webp,PMC7784179_01_JAFES-35-1-105-g002.jpg,undivided,PMC7784179_01,CC BY-NC,26224,Lateral view of spine showing excessive thoracic kyphosis.,['Figures 2'],radiology,x_ray,thorax,thorax,sagittal,"['thorax', 'radiology', 'sagittal', 'x_ray']","['radiology', 'sagittal']",True
file_0080472,PMC7784236_JAFES-35-1-133-g004_undivided_1_1.webp,PMC7784236_01_JAFES-35-1-133-g004.jpg,undivided,PMC7784236_01,CC BY-NC,25060,Suspicious left lung nodule.,[],radiology,x_ray,thorax,thorax,frontal,"['thorax', 'radiology', 'frontal', 'x_ray']",[],True
file_0080575,PMC7796834_PAMJ-SUPP-37-1-34-g002_undivided_1_1.webp,PMC7796834_01_PAMJ-SUPP-37-1-34-g002.jpg,undivided,PMC7796834_01,CC BY,9854,"a chest X-ray on admission (on the left), compared to a chest X-ray on day 9 (on the right), showing a radiological improvement after nine days of treatment.",['Figure 2'],radiology,x_ray,thorax,thorax,periapical,"['thorax', 'radiology', 'periapical', 'x_ray']","['radiology', 'thorax', 'x_ray']",True
file_0080595,PMC7813658_PAMJ-37-193-g005_undivided_1_1.webp,PMC7813658_01_PAMJ-37-193-g005.jpg,undivided,PMC7813658_01,CC BY,23306,"chest X-rays showing no cardiomegaly, and a second probe, cut and rolled up in the right ventricle.",['Figure 5'],radiology,x_ray,thorax,thorax,frontal,"['thorax', 'radiology', 'frontal', 'x_ray']","['radiology', 'thorax', 'x_ray']",True
file_0080665,PMC7821799_PAMJ-37-220-g002_undivided_1_1.webp,PMC7821799_01_PAMJ-37-220-g002.jpg,undivided,PMC7821799_01,CC BY,11922,"showing a babygram. There is macrocephaly with short straightened limbs, horizontal ribs and narrow chest. The iliac bones and the scapulae are also hypoplastic.",['Figure 2'],radiology,x_ray,pelvis,pelvis,frontal,"['pelvis', 'radiology', 'frontal', 'x_ray']",[],True
file_0080666,PMC7821813_PAMJ-37-216-g002_A_1_2.webp,PMC7821813_02_PAMJ-37-216-g002.jpg,a,PMC7821813_02,CC BY,7828,Chest radiograph and Mantoux test:. Normal result of chest radiograph.,['Figure 2A'],radiology,x_ray,thorax,thorax,frontal,"['thorax', 'radiology', 'frontal', 'x_ray']","['radiology', 'thorax', 'x_ray']",True
file_0080702,PMC7827534_SNI-11-470-g001_undivided_1_1.webp,PMC7827534_02_SNI-11-470-g001.jpg,undivided,PMC7827534_02,CC BY-NC-SA,23682,Preoperative X-ray showing collapse of the fifth thoracic vertebra.,[],radiology,x_ray,thorax,thorax,frontal,"['thorax', 'radiology', 'frontal', 'x_ray']","['radiology', 'thorax', 'x_ray']",True
file_0080733,PMC7836275_WO-24-42984-g001_undivided_1_1.webp,PMC7836275_01_WO-24-42984-g001.jpg,undivided,PMC7836275_01,CC BY-NC-SA,13546,"X-ray imaging showing fluid in pleural space, loss of pulmonary lobes volume and reticular opacification.",['Fig. 1'],radiology,x_ray,thorax,thorax,frontal,"['thorax', 'radiology', 'frontal', 'x_ray']","['radiology', 'x_ray', 'mass']",True
file_0080750,PMC7838496_fped-08-587601-g0002_A_1_5.webp,PMC7838496_01_fped-08-587601-g0002.jpg,a,PMC7838496_01,CC BY,1940,Serial chest radiographs for Case 1 demonstrating the progression and subsequent improvement of diffuse bilateral interstitial and alveolar opacities. Initial decline prompting transfer to the ICU.,['Figure 2'],radiology,x_ray,thorax,thorax,frontal,"['thorax', 'radiology', 'frontal', 'x_ray']","['radiology', 'thorax', 'x_ray', 'mass']",True
file_0080751,PMC7838496_fped-08-587601-g0002_B_2_5.webp,PMC7838496_01_fped-08-587601-g0002.jpg,b,PMC7838496_01,CC BY,1682,Serial chest radiographs for Case 1 demonstrating the progression and subsequent improvement of diffuse bilateral interstitial and alveolar opacities. Mild respiratory improvement.,['Figure 2'],radiology,x_ray,thorax,thorax,frontal,"['thorax', 'radiology', 'frontal', 'x_ray']","['radiology', 'thorax', 'x_ray', 'mass']",True
file_0080752,PMC7838496_fped-08-587601-g0002_C_3_5.webp,PMC7838496_01_fped-08-587601-g0002.jpg,c,PMC7838496_01,CC BY,1490,Serial chest radiographs for Case 1 demonstrating the progression and subsequent improvement of diffuse bilateral interstitial and alveolar opacities. Worsening ARDS leading to transfer for ECMO evaluation.,['Figure 2'],radiology,x_ray,thorax,thorax,frontal,"['thorax', 'radiology', 'frontal', 'x_ray']","['radiology', 'thorax', 'x_ray', 'mass']",True
file_0080753,PMC7838496_fped-08-587601-g0002_E_5_5.webp,PMC7838496_01_fped-08-587601-g0002.jpg,e,PMC7838496_01,CC BY,1160,Serial chest radiographs for Case 1 demonstrating the progression and subsequent improvement of diffuse bilateral interstitial and alveolar opacities. Pre-decannulation.,['Figure 2'],radiology,x_ray,thorax,thorax,frontal,"['thorax', 'radiology', 'frontal', 'x_ray']","['radiology', 'thorax', 'x_ray', 'mass']",True
file_0080755,PMC7838496_fped-08-587601-g0004_A_1_5.webp,PMC7838496_02_fped-08-587601-g0004.jpg,a,PMC7838496_02,CC BY,2302,Serial chest radiographs for Case 2 demonstrating the progression and subsequent improvement of diffuse bilateral interstitial and alveolar opacities. Following intubation.,['Figure 4'],radiology,x_ray,thorax,thorax,frontal,"['thorax', 'radiology', 'frontal', 'x_ray']","['radiology', 'thorax', 'x_ray', 'mass']",True
file_0080816,PMC7848179_fped-08-635080-g0002_A_1_2.webp,PMC7848179_01_fped-08-635080-g0002.jpg,a,PMC7848179_01,CC BY,4828,"Chest X-Ray during PICU admission. Severe bilateral interstitial thickening, and ,right perihilar consolidation soon after VA-ECMO placement (day 4).",['Figure 2'],radiology,x_ray,thorax,thorax,frontal,"['thorax', 'radiology', 'frontal', 'x_ray']","['radiology', 'thorax', 'x_ray']",True
file_0080817,PMC7848179_fped-08-635080-g0002_B_2_2.webp,PMC7848179_01_fped-08-635080-g0002.jpg,b,PMC7848179_01,CC BY,6244,Chest X-Ray during PICU admission. Complete resolution of the pattern after HDIV-ANA treatment at PICU discharge (day 16).,['Figure 2'],radiology,x_ray,thorax,thorax,frontal,"['thorax', 'radiology', 'frontal', 'x_ray']","['radiology', 'thorax', 'x_ray']",True
file_0080975,PMC7874807_biol-14-564-g001_C_3_4.webp,PMC7874807_01_biol-14-564-g001.jpg,c,PMC7874807_01,CC BY,7824,Radiologic examination. (C) Posteroanterior chest x-ray showing a left posterior mediastinum soft-tissue mass (white arrow).,['Figure 1 C'],radiology,x_ray,thorax,thorax,frontal,"['thorax', 'radiology', 'frontal', 'x_ray']","['radiology', 'thorax', 'frontal', 'posteroanterior', 'x_ray', 'mass']",True
file_0080976,PMC7874807_biol-14-564-g001_D_4_4.webp,PMC7874807_01_biol-14-564-g001.jpg,d,PMC7874807_01,CC BY,5396,Radiologic examination. (D) Chest X-ray 12 hours after operation showing severe interstitial and alveolar oedema.,['Figure 1D'],radiology,x_ray,thorax,thorax,frontal,"['thorax', 'radiology', 'frontal', 'x_ray']","['radiology', 'thorax', 'x_ray']",True
file_0080996,PMC7875722_PAMJ-SUPP-35-2-53-g001_undivided_1_1.webp,PMC7875722_01_PAMJ-SUPP-35-2-53-g001.jpg,undivided,PMC7875722_01,CC BY,7444,Patient one chest radiograph showing bilateral patchy opacities seen in both lung fields.,['Figure 1'],radiology,x_ray,thorax,thorax,frontal,"['thorax', 'radiology', 'frontal', 'x_ray']","['radiology', 'thorax', 'x_ray', 'mass']",True
file_0080997,PMC7875722_PAMJ-SUPP-35-2-53-g002_undivided_1_1.webp,PMC7875722_01_PAMJ-SUPP-35-2-53-g002.jpg,undivided,PMC7875722_01,CC BY,7418,Patient two chest radiograph showing reticular opacities in the paracardiac and paratracheal regions with sparing of the lateral lung fields.,['Figure 2'],radiology,x_ray,thorax,thorax,frontal,"['thorax', 'radiology', 'frontal', 'x_ray']","['radiology', 'thorax', 'x_ray', 'mass']",True
file_0080998,PMC7875722_PAMJ-SUPP-35-2-53-g003_undivided_1_1.webp,PMC7875722_01_PAMJ-SUPP-35-2-53-g003.jpg,undivided,PMC7875722_01,CC BY,7372,Patient 3 chest radiography showing normal study.,['Figure 3'],radiology,x_ray,thorax,thorax,frontal,"['thorax', 'radiology', 'frontal', 'x_ray']","['radiology', 'thorax', 'x_ray']",True
file_0080999,PMC7875722_PAMJ-SUPP-35-2-53-g004_undivided_1_1.webp,PMC7875722_02_PAMJ-SUPP-35-2-53-g004.jpg,undivided,PMC7875722_02,CC BY,8362,Patient 5 chest radiograph showing normal study.,['Figure 4'],radiology,x_ray,thorax,thorax,frontal,"['thorax', 'radiology', 'frontal', 'x_ray']","['radiology', 'thorax', 'x_ray']",True
file_0081021,PMC7880116_PAMJ-SUPP-35-2-100-g001_B_2_2.webp,PMC7880116_01_PAMJ-SUPP-35-2-100-g001.jpg,b,PMC7880116_01,CC BY,13326,AP chest X-ray revealed features of right lung pneumonia seen as patchy peripheral faint ground glass shadowing in the right lower zone.,['Figure 1 B'],radiology,x_ray,thorax,thorax,frontal,"['thorax', 'radiology', 'frontal', 'x_ray']","['radiology', 'thorax', 'x_ray']",True
file_0081024,PMC7880116_PAMJ-SUPP-35-2-100-g002_C_3_3.webp,PMC7880116_02_PAMJ-SUPP-35-2-100-g002.jpg,c,PMC7880116_02,CC BY,3354,"Chest X-ray, AP reveals poorly defined infiltrates in the right upper zones suggestive of pneumonic changes.",['Figure 2 C'],radiology,x_ray,thorax,thorax,axial,"['thorax', 'radiology', 'axial', 'x_ray']","['radiology', 'thorax', 'x_ray']",True
file_0081027,PMC7880116_PAMJ-SUPP-35-2-100-g003_C_3_3.webp,PMC7880116_03_PAMJ-SUPP-35-2-100-g003.jpg,c,PMC7880116_03,CC BY,3778,Portable chest X-ray shows cardiomegaly and features of interstitial edema seen as bilateral parahilar and lower zone infiltrates.,['Figure 3 C'],radiology,x_ray,thorax,thorax,frontal,"['thorax', 'radiology', 'frontal', 'x_ray']","['radiology', 'thorax', 'x_ray']",True
file_0081071,PMC7896536_PAMJ-37-284-g004_undivided_1_1.webp,PMC7896536_01_PAMJ-37-284-g004.jpg,undivided,PMC7896536_01,CC BY,34720,axial and coronal views of the same chest CT scan showing the eventrated left hemidiaphragm (red arrow) and tension viscero-thorax from gastric and colonic subphrenic abdominal components (blue arrow).,['Figure 4'],radiology,x_ray,thorax,thorax,frontal,"['thorax', 'radiology', 'frontal', 'x_ray']",[],True
file_0081072,PMC7896536_PAMJ-37-284-g005_undivided_1_1.webp,PMC7896536_02_PAMJ-37-284-g005.jpg,undivided,PMC7896536_02,CC BY,39056,post-operative chest radiograph shows normal position of the left hemidiaphragm (red arrow) and normal position of the trachea and mediastinum (blue arrow) with right lung infiltrates.,['Figure 5'],radiology,x_ray,thorax,thorax,frontal,"['thorax', 'radiology', 'frontal', 'x_ray']","['radiology', 'thorax', 'x_ray']",True
file_0081122,PMC7906545_PAMJ-34-137-g004_undivided_1_1.webp,PMC7906545_02_PAMJ-34-137-g004.jpg,undivided,PMC7906545_02,CC BY,12660,Chest X ray - case 2: mediastinal widening (white arrow).,['Figure 4'],radiology,x_ray,thorax,thorax,frontal,"['thorax', 'radiology', 'frontal', 'x_ray']",[],True
file_0081209,PMC7968529_f1000research-10-55546-g0001_undivided_1_1.webp,PMC7968529_01_f1000research-10-55546-g0001.jpg,undivided,PMC7968529_01,CC BY,8588,Chest X-ray of the patient.,['Figure 2'],radiology,x_ray,thorax,thorax,frontal,"['thorax', 'radiology', 'frontal', 'x_ray']","['radiology', 'thorax', 'x_ray']",True
file_0081295,PMC8005851_gr1a_undivided_1_1.webp,PMC8005851_01_gr1a.jpg,undivided,PMC8005851_01,CC BY,11848,"Chest radiographs July 2006. The right costophrenic angle is blunted, but no other abnormalities were noted at this point.",[],radiology,x_ray,thorax,thorax,frontal,"['thorax', 'radiology', 'frontal', 'x_ray']","['radiology', 'thorax', 'x_ray']",True
file_0081296,PMC8005851_gr1b_undivided_1_1.webp,PMC8005851_01_gr1b.jpg,undivided,PMC8005851_01,CC BY,16942,"Chest radiographs. Blunting of the right costophrenic angle has progressed, and a mass is observed in the thoracic wall.",['Fig. 2'],radiology,x_ray,thorax,thorax,frontal,"['thorax', 'radiology', 'frontal', 'x_ray']","['radiology', 'thorax', 'x_ray', 'mass']",True
file_0081344,PMC8008191_SAJR-25-2044-g001_a_1_5.webp,PMC8008191_02_SAJR-25-2044-g001.jpg,a,PMC8008191_02,CC BY,7438,"(a) Chest radiography in a 36-year-old male patient involved in a motor vehicle accident. There is widening of the mediastinum (arrow) with a left apical pleural cap (star) and veiling of the left lung field in keeping with a left haemothorax. There is depression of the left main bronchus (triangle), and the silhouette of the aortic knuckle is maintained.",['Figure 1a'],radiology,x_ray,thorax,thorax,frontal,"['thorax', 'radiology', 'frontal', 'x_ray']","['radiology', 'thorax', 'x_ray']",True
file_0081349,PMC8008191_SAJR-25-2044-g002_a_1_6.webp,PMC8008191_03_SAJR-25-2044-g002.jpg,a,PMC8008191_03,CC BY,5400,"(a) Chest radiography in a 23-year-old male involved in a pedestrian vehicle accident indicates a widened mediastinum (arrow), loss of the aortic knuckle (star), retro-cardiac double density and a widened right paraspinal line (triangle).",['Figure 2a'],radiology,x_ray,thorax,thorax,frontal,"['thorax', 'radiology', 'frontal', 'x_ray']","['radiology', 'thorax', 'x_ray']",True
file_0081355,PMC8008191_SAJR-25-2044-g003_a_1_6.webp,PMC8008191_04_SAJR-25-2044-g003.jpg,a,PMC8008191_04,CC BY,4486,"(a) Chest radiography in a 22-year-old male involved in a motor vehicle accident as a front passenger with a widened right paraspinal line (arrow), widened mediastinum (star) and depression of the left main bronchus, all signs pointing towards a vascular injury. Also note the tension pneumothorax on the left (circle) with contralateral mediastinal shift.",[],radiology,x_ray,thorax,thorax,frontal,"['thorax', 'radiology', 'frontal', 'x_ray']","['radiology', 'thorax', 'x_ray']",True
file_0081361,PMC8008243_gr1_A_1_2.webp,PMC8008243_01_gr1.jpg,a,PMC8008243_01,CC BY,9566,Chest radiogram.,['Fig. 1'],radiology,x_ray,thorax,thorax,frontal,"['thorax', 'radiology', 'frontal', 'x_ray']",[],True
file_0081408,PMC8010312_fneur-12-578797-g0002_undivided_1_1.webp,PMC8010312_01_fneur-12-578797-g0002.jpg,undivided,PMC8010312_01,CC BY,33934,X-radiograph showing the patient with a severe thoracic scoliosis and barrel chest.,['Figure 2'],radiology,x_ray,thorax,thorax,frontal,"['thorax', 'radiology', 'frontal', 'x_ray']","['radiology', 'thorax', 'x_ray']",True
file_0081452,PMC8013978_fonc-11-601709-g002_undivided_1_1.webp,PMC8013978_01_fonc-11-601709-g002.jpg,undivided,PMC8013978_01,CC BY,20706,Chest X-ray revealed widespread bilateral alveolo-interstitial infiltrates.,['Figure 2'],radiology,x_ray,thorax,thorax,frontal,"['thorax', 'radiology', 'frontal', 'x_ray']","['radiology', 'thorax', 'x_ray']",True
file_0081462,PMC8016056_SJA-15-56-g001_a_1_2.webp,PMC8016056_01_SJA-15-56-g001.jpg,a,PMC8016056_01,CC BY-NC-SA,4426,"Radiography of the lateral neck ,the antero-posterior view of the chest.",['Figure 1a'],radiology,x_ray,thorax,thorax,sagittal,"['thorax', 'radiology', 'sagittal', 'x_ray']",[],True
file_0081465,PMC8016058_SJA-15-43-g001_undivided_1_1.webp,PMC8016058_01_SJA-15-43-g001.jpg,undivided,PMC8016058_01,CC BY-NC-SA,19594,"XR Chest single view: Diffuse fluffy infiltrates, immediately after intubation.",['Figure 1'],radiology,x_ray,thorax,thorax,frontal,"['thorax', 'radiology', 'frontal', 'x_ray']",[],True
file_0081491,PMC8017133_fcvm-08-655808-g0002_A_1_2.webp,PMC8017133_01_fcvm-08-655808-g0002.jpg,a,PMC8017133_01,CC BY,6398,Chest X-ray on admission.,"['Figures 2A,B']",radiology,x_ray,thorax,thorax,frontal,"['thorax', 'radiology', 'frontal', 'x_ray']","['radiology', 'thorax', 'x_ray']",True
file_0081497,PMC8017355_PAMJ-38-52-g001_undivided_1_1.webp,PMC8017355_01_PAMJ-38-52-g001.jpg,undivided,PMC8017355_01,CC BY,20040,chest X-ray showed normal size heart with bilateral base-predominant alveolar and interstitial infiltrates.,['Figure 1'],radiology,x_ray,thorax,thorax,frontal,"['thorax', 'radiology', 'frontal', 'x_ray']","['radiology', 'thorax', 'x_ray']",True
file_0081528,PMC8018559_IMCRJ-14-191-g0001_A_1_3.webp,PMC8018559_01_IMCRJ-14-191-g0001.jpg,a,PMC8018559_01,CC BY-NC,6738,Pulmonary angiography. Before BPA.,['Figure 1A'],radiology,x_ray,abdomen,abdomen,oblique,"['abdomen', 'radiology', 'oblique', 'x_ray']","['radiology', 'angiography']",True
file_0081530,PMC8018559_IMCRJ-14-191-g0001_C_3_3.webp,PMC8018559_01_IMCRJ-14-191-g0001.jpg,c,PMC8018559_01,CC BY-NC,7368,Pulmonary angiography. After BPA. Organized thrombi in the segmental and subsegmental pulmonary arteries (arrow).,[],radiology,x_ray,abdomen,abdomen,oblique,"['abdomen', 'radiology', 'oblique', 'x_ray']","['radiology', 'angiography']",True
file_0081590,PMC8020123_OAEM-13-151-g0001_undivided_1_1.webp,PMC8020123_01_OAEM-13-151-g0001.jpg,undivided,PMC8020123_01,CC BY-NC,13398,Emergency department chest X-ray showing pulmonary edema without cardiomegaly.,['Figure 1'],radiology,x_ray,thorax,thorax,frontal,"['thorax', 'radiology', 'frontal', 'x_ray']","['radiology', 'thorax', 'x_ray']",True
file_0081638,PMC8022158_gr1_undivided_1_1.webp,PMC8022158_01_gr1.jpg,undivided,PMC8022158_01,CC BY,18778,Chest X-ray upon first admission. . Cardio-mediastinal silhouette is within normal limits with the heart being normal in size. . No pleural effusion / pneumothorax/consolidative patches identified.,['Fig. 1'],radiology,x_ray,thorax,thorax,frontal,"['thorax', 'radiology', 'frontal', 'x_ray']","['radiology', 'thorax', 'x_ray']",True
file_0081639,PMC8022158_gr2_undivided_1_1.webp,PMC8022158_01_gr2.jpg,undivided,PMC8022158_01,CC BY,16318,Chest X-ray upon his most recent admission. . Mildly prominent hilar vascular markings identified (red arrows) with minimal blunting of the left costophrenic angle (blue arrows) and mild elevation of the left hemidiaphragm. But Cardio-mediastinal silhouette.,['Fig. 2'],radiology,x_ray,thorax,thorax,frontal,"['thorax', 'radiology', 'frontal', 'x_ray']","['radiology', 'thorax', 'x_ray']",True
file_0081813,PMC8039098_NCI-8-193-g003_undivided_1_1.webp,PMC8039098_01_NCI-8-193-g003.jpg,undivided,PMC8039098_01,CC BY-NC-SA,12394,Chest X-ray image: Frontal projection showing heart displacement in the left sided (arrow).,['Fig. 3'],radiology,x_ray,thorax,thorax,frontal,"['thorax', 'radiology', 'frontal', 'x_ray']","['radiology', 'thorax', 'x_ray']",True
file_0082079,PMC8046485_JOCR-11-23-g005_undivided_1_1.webp,PMC8046485_01_JOCR-11-23-g005.jpg,undivided,PMC8046485_01,CC BY-NC-SA,19676,Chest radiograph showing miliary changes in both the lung fields. Plain posteroanterior radiograph of chest showing widespread small nodular opacities distributed throughout the lung fields suggestive of miliary tuberculosis (past history).,[],radiology,x_ray,thorax,thorax,frontal,"['thorax', 'radiology', 'frontal', 'x_ray']","['radiology', 'thorax', 'frontal', 'posteroanterior', 'x_ray', 'mass']",True
file_0082145,PMC8052620_PAMJ-38-135-g002_B_2_2.webp,PMC8052620_01_PAMJ-38-135-g002.jpg,b,PMC8052620_01,CC BY,13572,A large pseudoaneurysm (arrowhead) in the distal branch of the left external thoracic artery (black arrow).,['Figure 2'],radiology,x_ray,upper_limb,elbow,frontal,"['radiology', 'upper_limb', 'frontal', 'elbow', 'x_ray']",[],True
file_0082196,PMC8053433_JCIS-11-16-g002_a_1_2.webp,PMC8053433_02_JCIS-11-16-g002.jpg,a,PMC8053433_02,CC BY-NC-SA,6044,"(a) A 71-year-old female presented to the emergency department with a 2 week history of intermittent fevers, dry cough, shortness of breath, reduced appetite with reduced taste, and diarrhea. A frontal chest radiograph showed bilateral patchy airspace opacities in the lower lungs, greater on the left side (green arrows).",['Figure 2a'],radiology,x_ray,thorax,thorax,frontal,"['thorax', 'radiology', 'frontal', 'x_ray']","['radiology', 'thorax', 'x_ray', 'mass']",True
file_0082410,PMC8054784_JGID-13-44-g001_a_1_2.webp,PMC8054784_01_JGID-13-44-g001.jpg,a,PMC8054784_01,CC BY-NC-SA,3054,Radiographic examinations Chest X-ray.,['Figure 1a'],radiology,x_ray,thorax,thorax,frontal,"['thorax', 'radiology', 'frontal', 'x_ray']","['radiology', 'thorax', 'x_ray']",True
file_0082442,PMC8055601_gr1_undivided_1_1.webp,PMC8055601_01_gr1.jpg,undivided,PMC8055601_01,CC BY,18998,Chest x-ray showed airspace opacity is noted in the left perihilar region.,['Fig. 1'],radiology,x_ray,thorax,thorax,frontal,"['thorax', 'radiology', 'frontal', 'x_ray']","['radiology', 'thorax', 'x_ray', 'mass']",True
file_0082463,PMC8059757_cjrt-2020-064-g001_undivided_1_1.webp,PMC8059757_01_cjrt-2020-064-g001.jpg,undivided,PMC8059757_01,CC BY-NC,23638,"Chest and upper abdomen radiography showing dextrocardia, normal lungs fields and the stomach bubble under the right diaphragm.",['Figure 1'],radiology,x_ray,thorax,thorax,frontal,"['thorax', 'radiology', 'frontal', 'x_ray']","['radiology', 'x_ray']",True
file_0082492,PMC8062891_bet-9-42-g003_undivided_1_1.webp,PMC8062891_01_bet-9-42-g003.jpg,undivided,PMC8062891_01,CC BY,22252,Post bilobectomy chest x-ray.,['Figure 3'],radiology,x_ray,thorax,thorax,frontal,"['thorax', 'radiology', 'frontal', 'x_ray']","['radiology', 'thorax', 'x_ray']",True
file_0082540,PMC8068479_IDR-14-1505-g0002_A_1_2.webp,PMC8068479_02_IDR-14-1505-g0002.jpg,a,PMC8068479_02,CC BY-NC,19044,Chest radiography images. Before.,['Figure 2A'],radiology,x_ray,thorax,thorax,frontal,"['thorax', 'radiology', 'frontal', 'x_ray']","['radiology', 'thorax', 'x_ray']",True
file_0082593,PMC8075617_1678-9946-rimtsp-63-S1678-9946202163035-gf01_undivided_1_1.webp,PMC8075617_01_1678-9946-rimtsp-63-S1678-9946202163035-gf01.jpg,undivided,PMC8075617_01,CC BY-NC,23568,"Chest X Ray: opacity of the left hemithorax, with tracheal
deviation.",['Figure 1'],radiology,x_ray,thorax,thorax,frontal,"['thorax', 'radiology', 'frontal', 'x_ray']",[],True
file_0082646,PMC8077427_cro-0014-0550-g01_undivided_1_1.webp,PMC8077427_01_cro-0014-0550-g01.jpg,undivided,PMC8077427_01,CC BY-NC,10848,The patient's chest radiograph when admitted to the emergency department.,[],radiology,x_ray,thorax,thorax,frontal,"['thorax', 'radiology', 'frontal', 'x_ray']","['radiology', 'thorax', 'x_ray']",True
file_0082813,PMC8077594_cro-0014-0466-g01_A_1_2.webp,PMC8077594_01_cro-0014-0466-g01.jpg,a,PMC8077594_01,CC BY-NC,5556,Chest X-ray.,['Fig. 1'],radiology,x_ray,thorax,thorax,frontal,"['thorax', 'radiology', 'frontal', 'x_ray']","['radiology', 'thorax', 'x_ray']",True
file_0082815,PMC8077594_cro-0014-0466-g02_A_1_2.webp,PMC8077594_01_cro-0014-0466-g02.jpg,a,PMC8077594_01,CC BY-NC,5536,Chest X-ray.,['Fig. 2'],radiology,x_ray,thorax,thorax,frontal,"['thorax', 'radiology', 'frontal', 'x_ray']","['radiology', 'thorax', 'x_ray']",True
file_0082902,PMC8081028_fped-09-618596-g0001_undivided_1_1.webp,PMC8081028_01_fped-09-618596-g0001.jpg,undivided,PMC8081028_01,CC BY,14206,"The plain chest x-ray shows an air-fluid level on the left side of the chest with an absent gastric shadow, initially interpreted as hydropneumothorax.",['Figure 1'],radiology,x_ray,thorax,thorax,frontal,"['thorax', 'radiology', 'frontal', 'x_ray']","['radiology', 'x_ray']",True
file_0082903,PMC8081028_fped-09-618596-g0002_undivided_1_1.webp,PMC8081028_01_fped-09-618596-g0002.jpg,undivided,PMC8081028_01,CC BY,22130,"The barium-filled chest x-ray shows the NG tube and the contrast present in the thoracic cavity, indicating a CDH.",['Figure 2'],radiology,x_ray,thorax,thorax,frontal,"['thorax', 'radiology', 'frontal', 'x_ray']","['radiology', 'thorax', 'x_ray', 'contrast']",True
file_0082904,PMC8081028_fped-09-618596-g0003_undivided_1_1.webp,PMC8081028_01_fped-09-618596-g0003.jpg,undivided,PMC8081028_01,CC BY,15256,The follow-up chest x-ray shows a normal mediastinum with the gastric bubble present below the diaphragm.,['Figure 3'],radiology,x_ray,thorax,thorax,frontal,"['thorax', 'radiology', 'frontal', 'x_ray']","['radiology', 'x_ray']",True
file_0082937,PMC8081125_ACA-24-79-g001_a_1_2.webp,PMC8081125_01_ACA-24-79-g001.jpg,a,PMC8081125_01,CC BY-NC-SA,1080,"(a) Chest X Ray showing ""white out lung.",['Figure 1a'],radiology,x_ray,head,head,sagittal,"['head', 'radiology', 'sagittal', 'x_ray']",[],True
file_0082944,PMC8081136_ACA-24-77-g002_undivided_1_1.webp,PMC8081136_01_ACA-24-77-g002.jpg,undivided,PMC8081136_01,CC BY-NC-SA,20996,Chest x-ray demonstrating the guidewire extending into the main pulmonary artery. Arrow demonstrates location of guidewire.,['Figures 1'],radiology,x_ray,thorax,thorax,frontal,"['thorax', 'radiology', 'frontal', 'x_ray']","['radiology', 'thorax', 'x_ray']",True
file_0082950,PMC8081148_ACA-24-92-g001_undivided_1_1.webp,PMC8081148_01_ACA-24-92-g001.jpg,undivided,PMC8081148_01,CC BY-NC-SA,9442,Initial chest X-ray of the patient having H1N1 pneumonia with severe acute respiratory distress syndrome.,['Figure 1'],radiology,x_ray,thorax,thorax,frontal,"['thorax', 'radiology', 'frontal', 'x_ray']","['radiology', 'thorax', 'x_ray']",True
file_0083025,PMC8087171_fimmu-12-665522-g001_B_2_2.webp,PMC8087171_01_fimmu-12-665522-g001.jpg,b,PMC8087171_01,CC BY,11062,Essential elements for pemphigus and COVID-19 diagnosis. Chest radiograph of pemphigus patient with COVID-19 showing interstitial pneumonia with bilateral airspace opacities.,[],radiology,x_ray,thorax,thorax,frontal,"['thorax', 'radiology', 'frontal', 'x_ray']","['radiology', 'thorax', 'x_ray', 'mass']",True
file_0083165,PMC8091474_IMCRJ-14-265-g0004_undivided_1_1.webp,PMC8091474_01_IMCRJ-14-265-g0004.jpg,undivided,PMC8091474_01,CC BY-NC,36378,The first 12x59 mm cover stent at the distal of the descending thoracic aorta.,['Figures 4'],radiology,x_ray,thorax,thorax,oblique,"['thorax', 'radiology', 'oblique', 'x_ray']",[],True
file_0083166,PMC8091474_IMCRJ-14-265-g0005_undivided_1_1.webp,PMC8091474_01_IMCRJ-14-265-g0005.jpg,undivided,PMC8091474_01,CC BY-NC,23632,The second 12x59 mm cover stent at the proximal of the descending thoracic aorta.,['Figures 4'],radiology,x_ray,thorax,thorax,frontal,"['thorax', 'radiology', 'frontal', 'x_ray']",[],True
file_0083237,PMC8095252_ABR-10-5-g001_undivided_1_1.webp,PMC8095252_01_ABR-10-5-g001.jpg,undivided,PMC8095252_01,CC BY-NC-SA,19830,First chest X-ray.,['Figures 1'],radiology,x_ray,thorax,thorax,frontal,"['thorax', 'radiology', 'frontal', 'x_ray']","['radiology', 'thorax', 'x_ray']",True
file_0083238,PMC8095252_ABR-10-5-g002_undivided_1_1.webp,PMC8095252_01_ABR-10-5-g002.jpg,undivided,PMC8095252_01,CC BY-NC-SA,18652,Chest X-ray after neck emphysema.,['Figures 1'],radiology,x_ray,thorax,thorax,frontal,"['thorax', 'radiology', 'frontal', 'x_ray']","['radiology', 'thorax', 'x_ray']",True
file_0083258,PMC8096437_OTT-14-2911-g0001_A_1_3.webp,PMC8096437_01_OTT-14-2911-g0001.jpg,a,PMC8096437_01,CC BY-NC,4712,Chest X-ray and CT findings. (A) Chest X-ray at the first visit to our hospital revealed bilateral diffuse shadows and a small cavity in the left lung.,['Figure 1A'],radiology,x_ray,thorax,thorax,frontal,"['thorax', 'radiology', 'frontal', 'x_ray']",['radiology'],True
file_0083370,PMC8106782_PAMJ-38-189-g001_undivided_1_1.webp,PMC8106782_01_PAMJ-38-189-g001.jpg,undivided,PMC8106782_01,CC BY,15364,homogenous lesion in the right hemithorax extending from the hilum to the level of diaphragmatic dome; the medial border merged with the mediastinum with loss of the cardiac silhouette.,['Figure 1'],radiology,x_ray,thorax,thorax,frontal,"['thorax', 'radiology', 'frontal', 'x_ray']",[],True
file_0083380,PMC8106801_PAMJ-38-185-g001_undivided_1_1.webp,PMC8106801_01_PAMJ-38-185-g001.jpg,undivided,PMC8106801_01,CC BY,18976,"chest X-ray showing right basal pulmonary opacity, cardiomegaly at the expense of the right cavities, convex left middle arch.",['Figure 1'],radiology,x_ray,thorax,thorax,frontal,"['thorax', 'radiology', 'frontal', 'x_ray']","['radiology', 'thorax', 'x_ray', 'mass']",True
file_0083478,PMC8112356_NJS-27-66-g001_a_1_2.webp,PMC8112356_01_NJS-27-66-g001.jpg,a,PMC8112356_01,CC BY-NC-SA,3050,(a) Preoperative chest radiograph showing mediastinal mass with tracheal deviation to the left.,['Figure 1a'],radiology,x_ray,thorax,thorax,frontal,"['thorax', 'radiology', 'frontal', 'x_ray']","['radiology', 'thorax', 'x_ray', 'mass']",True
file_0083519,PMC8113377_fcvm-08-645135-g0001_B_2_2.webp,PMC8113377_01_fcvm-08-645135-g0001.jpg,b,PMC8113377_01,CC BY,4928,"(B) Chest X-ray showing an aortic aneurysm with a widening of the mediastinal silhouette, an enlargement of the aortic knob, and a displacement of the trachea from the midline. CT, computed tomography; CTAAD, chronic type A aortic dissection.","['Figures 1A,B']",radiology,x_ray,thorax,thorax,frontal,"['thorax', 'radiology', 'frontal', 'x_ray']",['radiology'],True
file_0083570,PMC8114592_gr1_A_1_2.webp,PMC8114592_01_gr1.jpg,a,PMC8114592_01,CC BY,6760,"(A). X ray of a post-COVID-19 patient. Red arrows indicate fibrotic changes, more prominent in the basal regions of both lungs.",['Fig. 1A'],radiology,x_ray,thorax,thorax,frontal,"['thorax', 'radiology', 'frontal', 'x_ray']",[],True
file_0083675,PMC8121373_2317-6385-eins-19-eRC5488-gf03_A_1_2.webp,PMC8121373_01_2317-6385-eins-19-eRC5488-gf03.jpg,a,PMC8121373_01,CC BY,28282,Plain chest radiography in posteroanterior.,['Figure 3'],radiology,x_ray,thorax,thorax,frontal,"['thorax', 'radiology', 'frontal', 'x_ray']","['radiology', 'thorax', 'frontal', 'posteroanterior', 'x_ray']",True
file_0083711,PMC8123947_IMCRJ-14-295-g0001_undivided_1_1.webp,PMC8123947_01_IMCRJ-14-295-g0001.jpg,undivided,PMC8123947_01,CC BY-NC,18776,Preoperative chest radiograph showing dextrocardia and chronic pulmonary changes.,['Figures 1'],radiology,x_ray,thorax,thorax,frontal,"['thorax', 'radiology', 'frontal', 'x_ray']","['radiology', 'thorax', 'x_ray']",True
file_0083911,PMC8132824_JFMPC-10-558-g001_undivided_1_1.webp,PMC8132824_01_JFMPC-10-558-g001.jpg,undivided,PMC8132824_01,CC BY-NC-SA,14190,Chest X-ray of the patient with pneumonia at admission.,['Figure 1'],radiology,x_ray,thorax,thorax,frontal,"['thorax', 'radiology', 'frontal', 'x_ray']","['radiology', 'thorax', 'x_ray']",True
file_0084111,PMC8149212_IMCRJ-14-339-g0001_undivided_1_1.webp,PMC8149212_01_IMCRJ-14-339-g0001.jpg,undivided,PMC8149212_01,CC BY-NC,18334,Chest X-ray showing right lung lower lobe consolidation.,['Figure 1'],radiology,x_ray,thorax,thorax,frontal,"['thorax', 'radiology', 'frontal', 'x_ray']","['radiology', 'thorax', 'x_ray']",True
file_0084145,PMC8158157_fped-09-652857-g0006_undivided_1_1.webp,PMC8158157_02_fped-09-652857-g0006.jpg,undivided,PMC8158157_02,CC BY,7690,Chest radiograph showed bilateral ground glass appearance with bilateral haziness and good lung volume.,['Figure 6'],radiology,x_ray,thorax,thorax,frontal,"['thorax', 'radiology', 'frontal', 'x_ray']","['radiology', 'thorax', 'x_ray']",True
file_0084148,PMC8160429_fped-09-660519-g0001_A_1_3.webp,PMC8160429_01_fped-09-660519-g0001.jpg,a,PMC8160429_01,CC BY,4032,Chest X-ray.,['Figure 1A'],radiology,x_ray,thorax,thorax,frontal,"['thorax', 'radiology', 'frontal', 'x_ray']","['radiology', 'thorax', 'x_ray']",True
file_0084255,PMC8168651_SNI-12-188-g004_a_1_2.webp,PMC8168651_01_SNI-12-188-g004.jpg,a,PMC8168651_01,CC BY-NC-SA,18964,Digital subtraction angiography. Pulmonary arteriovenous malformation in the left lower lobe.,['Figure 4'],radiology,x_ray,abdomen,abdomen,frontal,"['abdomen', 'radiology', 'frontal', 'x_ray']","['radiology', 'angiography']",True
file_0084484,PMC8179823_RRU-13-297-g0001_undivided_1_1.webp,PMC8179823_01_RRU-13-297-g0001.jpg,undivided,PMC8179823_01,CC BY-NC,15910,X-ray image of the patient's lung immediately after 10 minutes of the surgery.,['Figure 1'],radiology,x_ray,thorax,thorax,frontal,"['thorax', 'radiology', 'frontal', 'x_ray']","['radiology', 'x_ray']",True
file_0084494,PMC8179990_PAMJ-38-274-g003_undivided_1_1.webp,PMC8179990_01_PAMJ-38-274-g003.jpg,undivided,PMC8179990_01,CC BY,21360,control chest X-ray showing recurrence and increasing of the right pleural effusion and chest drainage in place.,['Figure 3'],radiology,x_ray,thorax,thorax,frontal,"['thorax', 'radiology', 'frontal', 'x_ray']","['radiology', 'thorax', 'x_ray']",True
file_0084544,PMC8183367_IJCIIS-11-39-g001_d_4_4.webp,PMC8183367_01_IJCIIS-11-39-g001.jpg,d,PMC8183367_01,CC BY-NC-SA,11206,Patient monographs. Chest X-ray posteroanterior-view with increasing perihilar vascular congestion due to left ventricular failure after dengue myocarditis.,['Figure 1d'],radiology,x_ray,thorax,thorax,frontal,"['thorax', 'radiology', 'frontal', 'x_ray']","['radiology', 'thorax', 'frontal', 'posteroanterior', 'x_ray']",True
file_0084640,PMC8186897_1678-9849-rsbmt-54-e0157-2021-gf1_C_3_4.webp,PMC8186897_01_1678-9849-rsbmt-54-e0157-2021-gf1.jpg,c,PMC8186897_01,CC BY,6276,"Images obtained at admission. , chest radiograph with peripheral opacities.",['Figure 1'],radiology,x_ray,thorax,thorax,frontal,"['thorax', 'radiology', 'frontal', 'x_ray']","['radiology', 'thorax', 'x_ray', 'mass']",True
file_0084784,PMC8197045_PAMJ-39-6-g001_undivided_1_1.webp,PMC8197045_02_PAMJ-39-6-g001.jpg,undivided,PMC8197045_02,CC BY,21800,chest X-ray findings in a 2 months old ex-premature female child with T. ptyseos septicaemia.,['Figure 1'],radiology,x_ray,thorax,thorax,frontal,"['thorax', 'radiology', 'frontal', 'x_ray']","['radiology', 'thorax', 'x_ray']",True
file_0084789,PMC8197592_IMCRJ-14-385-g0003_undivided_1_1.webp,PMC8197592_01_IMCRJ-14-385-g0003.jpg,undivided,PMC8197592_01,CC BY-NC,17726,The patient's chest radiography.,['Figure 3'],radiology,x_ray,thorax,thorax,frontal,"['thorax', 'radiology', 'frontal', 'x_ray']","['radiology', 'thorax', 'x_ray']",True
file_0084849,PMC8200608_CHSJ-47-01-132-fig2_D_4_4.webp,PMC8200608_01_CHSJ-47-01-132-fig2.jpg,d,PMC8200608_01,CC BY-NC-SA,3614,"3D reconstruction after CT examination. There is a noticeable damage to the lungs predominantly in the upper two thirds, with minimal damage to the basal regions.",[],radiology,x_ray,thorax,thorax,frontal,"['thorax', 'radiology', 'frontal', 'x_ray']",[],True
file_0084856,PMC8200617_CHSJ-47-01-139-fig3_undivided_1_1.webp,PMC8200617_01_CHSJ-47-01-139-fig3.jpg,undivided,PMC8200617_01,CC BY-NC-SA,2674,"Chest X ray posteroanterior view, day 13 of evolution.",['Figures 3'],radiology,x_ray,thorax,thorax,frontal,"['thorax', 'radiology', 'frontal', 'x_ray']","['radiology', 'frontal', 'posteroanterior']",True
file_0084990,PMC8203059_AJTCCM-26-2-029-fig1_undivided_1_1.webp,PMC8203059_01_AJTCCM-26-2-029-fig1.jpg,undivided,PMC8203059_01,CC BY,13668,Chest radiograph at presentation.,['Fig. 1'],radiology,x_ray,thorax,thorax,frontal,"['thorax', 'radiology', 'frontal', 'x_ray']","['radiology', 'thorax', 'x_ray']",True
file_0084992,PMC8203059_AJTCCM-26-2-029-fig3_undivided_1_1.webp,PMC8203059_01_AJTCCM-26-2-029-fig3.jpg,undivided,PMC8203059_01,CC BY,24302,Chest radiograph on day 8 post right thoracotomy.,['Fig. 3'],radiology,x_ray,thorax,thorax,frontal,"['thorax', 'radiology', 'frontal', 'x_ray']","['radiology', 'thorax', 'x_ray']",True
file_0084994,PMC8203059_AJTCCM-26-2-029-fig5_undivided_1_1.webp,PMC8203059_01_AJTCCM-26-2-029-fig5.jpg,undivided,PMC8203059_01,CC BY,20192,Chest radiograph 2 months post bilateral thoracotomy.,['Fig. 5'],radiology,x_ray,thorax,thorax,frontal,"['thorax', 'radiology', 'frontal', 'x_ray']","['radiology', 'thorax', 'x_ray']",True
file_0084995,PMC8203063_AJTCCM-27-1-048-fig1_undivided_1_1.webp,PMC8203063_01_AJTCCM-27-1-048-fig1.jpg,undivided,PMC8203063_01,CC BY,11530,Chest X-ray image showing complete opacification of the left lung.,['Fig. 1'],radiology,x_ray,thorax,thorax,frontal,"['thorax', 'radiology', 'frontal', 'x_ray']","['radiology', 'thorax', 'x_ray', 'mass']",True
file_0084998,PMC8203070_AJTCCM-27-1-109-fig1_undivided_1_1.webp,PMC8203070_01_AJTCCM-27-1-109-fig1.jpg,undivided,PMC8203070_01,CC BY,9486,X-ray of the chest showing opacification on the left lower zone.,['Fig. 1'],radiology,x_ray,thorax,thorax,frontal,"['thorax', 'radiology', 'frontal', 'x_ray']","['radiology', 'thorax', 'x_ray', 'mass']",True
file_0085012,PMC8203083_AJTCCM-26-3-043-fig1_A_1_2.webp,PMC8203083_01_AJTCCM-26-3-043-fig1.jpg,a,PMC8203083_01,CC BY,8234,Chest X-ray.,['Fig. 1'],radiology,x_ray,thorax,thorax,frontal,"['thorax', 'radiology', 'frontal', 'x_ray']","['radiology', 'thorax', 'x_ray']",True
file_0085135,PMC8213110_TP-11-60-g002_undivided_1_1.webp,PMC8213110_02_TP-11-60-g002.jpg,undivided,PMC8213110_02,CC BY-NC-SA,6724,Chest X ray.,[],radiology,x_ray,thorax,thorax,frontal,"['thorax', 'radiology', 'frontal', 'x_ray']",[],True
file_0085147,PMC8213123_TP-11-53-g001_a_1_4.webp,PMC8213123_01_TP-11-53-g001.jpg,a,PMC8213123_01,CC BY-NC-SA,9270,Chest X-ray and contrast-enhanced computed tomography of the abdomen and thorax. (a) Bilateral mild pleural effusion with irregular opacity in the right upper zone in postero-anterior view of chest X-ray.,['Figure 1a'],radiology,x_ray,thorax,thorax,frontal,"['thorax', 'radiology', 'frontal', 'x_ray']",['radiology'],True
file_0085238,PMC8215202_fmed-08-649583-g0002_A_1_3.webp,PMC8215202_01_fmed-08-649583-g0002.jpg,a,PMC8215202_01,CC BY,5294,"Serial Chest radiographs of the patient. (A) The film showing diffuse alveolar process over bilateral lung field, especially right lower lung field just after extracorporeal membrane oxygenator (ECMO setup).",['Figure 2A'],radiology,x_ray,thorax,thorax,frontal,"['thorax', 'radiology', 'frontal', 'x_ray']","['radiology', 'thorax', 'x_ray']",True
file_0085239,PMC8215202_fmed-08-649583-g0002_B_2_3.webp,PMC8215202_01_fmed-08-649583-g0002.jpg,b,PMC8215202_01,CC BY,4032,"Serial Chest radiographs of the patient. (B) The film revealing consolidation over both lungs when first time we tried to wean from ECMO. The film on the day before removing ECMO, demonstrating fibrotic change as lung filed in.",[],radiology,x_ray,thorax,thorax,frontal,"['thorax', 'radiology', 'frontal', 'x_ray']","['radiology', 'thorax', 'x_ray']",True
file_0085240,PMC8215202_fmed-08-649583-g0002_C_3_3.webp,PMC8215202_01_fmed-08-649583-g0002.jpg,c,PMC8215202_01,CC BY,6364,Serial Chest radiographs of the patient.,[],radiology,x_ray,thorax,thorax,frontal,"['thorax', 'radiology', 'frontal', 'x_ray']","['radiology', 'thorax', 'x_ray']",True
file_0085250,PMC8216226_j_med-2021-0293-fig001_undivided_1_1.webp,PMC8216226_01_j_med-2021-0293-fig001.jpg,undivided,PMC8216226_01,CC BY,14338,"The chest X-ray showed a large dense shadow with an unclear boundary in the left lung field, and the heart was obviously compressed and shifted to the right.",['Figure 1'],radiology,x_ray,thorax,thorax,frontal,"['thorax', 'radiology', 'frontal', 'x_ray']","['radiology', 'thorax', 'x_ray']",True
file_0085359,PMC8223450_AMS2-8-e655-g002_A_1_2.webp,PMC8223450_01_AMS2-8-e655-g002.jpg,a,PMC8223450_01,CC BY-NC,8262,(A) Chest radiograph taken at another hospital showing infiltrative shadows in both lungs.,"['Figure 1A,B']",radiology,x_ray,thorax,thorax,frontal,"['thorax', 'radiology', 'frontal', 'x_ray']","['radiology', 'thorax', 'x_ray']",True
file_0085367,PMC8225338_can-15-1235fig3_undivided_1_1.webp,PMC8225338_01_can-15-1235fig3.jpg,undivided,PMC8225338_01,CC BY,37576,Chest radiography showing ill-defined infiltrates in the right upper lobe (red arrow).,['Figure 3'],radiology,x_ray,thorax,thorax,frontal,"['thorax', 'radiology', 'frontal', 'x_ray']","['radiology', 'thorax', 'x_ray']",True
file_0085440,PMC8230540_fcvm-08-698089-g0001_B_2_6.webp,PMC8230540_01_fcvm-08-698089-g0001.jpg,b,PMC8230540_01,CC BY,5238,The ECG and chest radiograph of the patient before thyroxine supplementation (A-D).,"['Figures 1A,B']",radiology,x_ray,abdomen,abdomen,frontal,"['abdomen', 'radiology', 'frontal', 'x_ray']",[],True
file_0085532,PMC8239312_gr1_A_1_4.webp,PMC8239312_01_gr1.jpg,a,PMC8239312_01,CC BY,6976,Chest imaging showing signs of COVID-19. . A: Chest X-ray showing an abnormal shadow in the left lower zone on admission.,['Fig. 1A'],radiology,x_ray,thorax,thorax,frontal,"['thorax', 'radiology', 'frontal', 'x_ray']","['radiology', 'thorax', 'x_ray']",True
file_0085534,PMC8239312_gr1_C_3_4.webp,PMC8239312_01_gr1.jpg,c,PMC8239312_01,CC BY,7400,"Chest imaging showing signs of COVID-19. . B, C: Chest computed tomography showing a patchy infiltrative shadow in the left lower lobe.","['Fig. 1B, C']",radiology,x_ray,thorax,thorax,frontal,"['thorax', 'radiology', 'frontal', 'x_ray']",[],True
file_0086161,PMC8259593_fimmu-12-695954-g001_undivided_1_1.webp,PMC8259593_01_fimmu-12-695954-g001.jpg,undivided,PMC8259593_01,CC BY,32810,Left hilo-axillary linear opacity associated with retraction signs evoking atelectasis on chest-ray face and profile.,['Figure 1'],radiology,x_ray,thorax,thorax,frontal,"['thorax', 'radiology', 'frontal', 'x_ray']",[],True
file_0086356,PMC8267922_fendo-12-688536-g001_A_1_3.webp,PMC8267922_01_fendo-12-688536-g001.jpg,a,PMC8267922_01,CC BY,7284,"(A) In chest X-ray, permeability was reduced in bilateral lower lung field and butterfly shadow was observed. Cardio-thoracic ratio (CTR) was 59.8% and both costophrenic angles (CPA) were blunt.",['Figure 1A'],radiology,x_ray,thorax,thorax,frontal,"['thorax', 'radiology', 'frontal', 'x_ray']","['radiology', 'thorax', 'x_ray']",True
file_0086489,PMC8273899_IMCRJ-14-449-g0003_undivided_1_1.webp,PMC8273899_01_IMCRJ-14-449-g0003.jpg,undivided,PMC8273899_01,CC BY-NC,7440,The plain X-ray of the patient's chest showed pleural effusion.,['Figure 3'],radiology,x_ray,thorax,thorax,frontal,"['thorax', 'radiology', 'frontal', 'x_ray']","['radiology', 'thorax', 'x_ray']",True
file_0086551,PMC8275851_fped-09-687538-g0002_B_2_2.webp,PMC8275851_01_fped-09-687538-g0002.jpg,b,PMC8275851_01,CC BY,4320,"(B) Chest radiograph at age of 145 days shows tube and line in position, and bilateral diffuse alveolar-interstitial opacification with right pleural effusion in keeping with pulmonary edema.",['Figure 2B'],radiology,x_ray,thorax,thorax,frontal,"['thorax', 'radiology', 'frontal', 'x_ray']","['radiology', 'thorax', 'x_ray', 'mass']",True
file_0086645,PMC8278854_AJTCCM-25-4-002-fig1_undivided_1_1.webp,PMC8278854_01_AJTCCM-25-4-002-fig1.jpg,undivided,PMC8278854_01,CC BY,16332,Chest X-ray showing multiple cysts.,['Fig. 1'],radiology,x_ray,thorax,thorax,frontal,"['thorax', 'radiology', 'frontal', 'x_ray']","['radiology', 'thorax', 'x_ray']",True
file_0086646,PMC8278857_AJTCCM-25-4-026-fig1_undivided_1_1.webp,PMC8278857_01_AJTCCM-25-4-026-fig1.jpg,undivided,PMC8278857_01,CC BY,15356,"Right-sided consolidation with areas of breakdown indicative of
a necrotising pneumonia.",['Fig. 1'],radiology,x_ray,thorax,thorax,frontal,"['thorax', 'radiology', 'frontal', 'x_ray']",[],True
file_0086651,PMC8278991_AJTCCM-25-1-229-fig1_undivided_1_1.webp,PMC8278991_01_AJTCCM-25-1-229-fig1.jpg,undivided,PMC8278991_01,CC BY,28226,"The chest radiograph showed a homogeneous mass lesion in the
left upper zone, with multiple pleural-based mass lesions.",['Fig. 1'],radiology,x_ray,thorax,thorax,frontal,"['thorax', 'radiology', 'frontal', 'x_ray']","['radiology', 'thorax', 'x_ray', 'mass']",True
file_0086653,PMC8278991_AJTCCM-25-1-229-fig3_undivided_1_1.webp,PMC8278991_01_AJTCCM-25-1-229-fig3.jpg,undivided,PMC8278991_01,CC BY,7668,"The chest radiograph, taken 4 years prior to the current
presentation, revealed a mass lesion in the left mid to upper zone. A clear
hilum overlay sign was present and the descending aorta was clearly
visible, suggesting an anterior mediastinal mass.",['Fig. 3'],radiology,x_ray,thorax,thorax,frontal,"['thorax', 'radiology', 'frontal', 'x_ray']","['radiology', 'thorax', 'x_ray', 'mass']",True
file_0086655,PMC8278993_AJTCCM-25-2-230-fig2_undivided_1_1.webp,PMC8278993_02_AJTCCM-25-2-230-fig2.jpg,undivided,PMC8278993_02,CC BY,34782,"Plain posteroanterior (PA) film of Mr MG showing white-out of
the left hemithorax with volume loss (tracheal deviation to the left/rib
crowding) and compensatory hyperinflation of the right lung.",['Figs 2'],radiology,x_ray,thorax,thorax,frontal,"['thorax', 'radiology', 'frontal', 'x_ray']","['radiology', 'frontal', 'posteroanterior']",True
file_0086662,PMC8280763_1984-0462-rpp-40-e2020229-gf1_undivided_1_1.webp,PMC8280763_01_1984-0462-rpp-40-e2020229-gf1.jpg,undivided,PMC8280763_01,CC BY,14516,Thoracic radiography demonstrating the position of intra-arterial stents. Blue arrows: implanted polytetrafluoroethylene stents; red arrow: tracheostomy tube; yellow arrow: nasogastric tube.,['Figure 1'],radiology,x_ray,thorax,thorax,frontal,"['thorax', 'radiology', 'frontal', 'x_ray']","['radiology', 'thorax', 'x_ray']",True
file_0086701,PMC8285274_TCRM-17-711-g0001_A_1_4.webp,PMC8285274_01_TCRM-17-711-g0001.jpg,a,PMC8285274_01,CC BY-NC,6298,Chest radiography findings. Chest X-rays at 2 months before The chest radiograph was normal at 2 months before admission (A).,['Figure 1A and B'],radiology,x_ray,thorax,thorax,frontal,"['thorax', 'radiology', 'frontal', 'x_ray']","['radiology', 'thorax', 'x_ray']",True
file_0086702,PMC8285274_TCRM-17-711-g0001_B_2_4.webp,PMC8285274_01_TCRM-17-711-g0001.jpg,b,PMC8285274_01,CC BY-NC,5574,Chest radiography findings. And at admission The chest radiograph on admission (B) demonstrates symmetric multifocal consolidation and reticulonodular opacities in both lungs.,['Figure 1A and B'],radiology,x_ray,thorax,thorax,frontal,"['thorax', 'radiology', 'frontal', 'x_ray']","['radiology', 'thorax', 'x_ray', 'mass']",True
file_0086705,PMC8285274_TCRM-17-711-g0002_A_1_2.webp,PMC8285274_01_TCRM-17-711-g0002.jpg,a,PMC8285274_01,CC BY-NC,7246,Chest X-ray on discharge.,['Figure 2A'],radiology,x_ray,thorax,thorax,frontal,"['thorax', 'radiology', 'frontal', 'x_ray']","['radiology', 'thorax', 'x_ray']",True
file_0086706,PMC8285274_TCRM-17-711-g0002_B_2_2.webp,PMC8285274_01_TCRM-17-711-g0002.jpg,b,PMC8285274_01,CC BY-NC,7044,At 6 months after discontinuation of steroid therapy Note the improvement in multifocal consolidation and reticulonodular opacities in both lungs on the chest radiograph on hospital discharge and no clinical deterioration at 6 months after discontinuation of the steroid therapy.,['Figure 2B'],radiology,x_ray,thorax,thorax,frontal,"['thorax', 'radiology', 'frontal', 'x_ray']","['radiology', 'thorax', 'x_ray']",True
file_0086710,PMC8285988_j_biol-2021-0073-fig001_a_1_4.webp,PMC8285988_01_j_biol-2021-0073-fig001.jpg,a,PMC8285988_01,CC BY,11436,Radiologic examination of the patient. (a) Chest X-ray showing serious interstitial and alveolar oedema.,['Figure 1a'],radiology,x_ray,thorax,thorax,frontal,"['thorax', 'radiology', 'frontal', 'x_ray']","['radiology', 'thorax', 'x_ray']",True
file_0086711,PMC8285988_j_biol-2021-0073-fig001_b_2_4.webp,PMC8285988_01_j_biol-2021-0073-fig001.jpg,b,PMC8285988_01,CC BY,11320,Radiologic examination of the patient. (b and c) Chest posteroanterior shows interstitial and alveolar oedema improved.,[],radiology,x_ray,thorax,thorax,frontal,"['thorax', 'radiology', 'frontal', 'x_ray']","['radiology', 'thorax', 'frontal', 'posteroanterior']",True
file_0086712,PMC8285988_j_biol-2021-0073-fig001_c_3_4.webp,PMC8285988_01_j_biol-2021-0073-fig001.jpg,c,PMC8285988_01,CC BY,8530,Radiologic examination of the patient. (b and c) Chest posteroanterior shows interstitial and alveolar oedema improved.,[],radiology,x_ray,thorax,thorax,frontal,"['thorax', 'radiology', 'frontal', 'x_ray']","['radiology', 'thorax', 'frontal', 'posteroanterior']",True
file_0086775,PMC8288200_SVDLD-38-19-g001_undivided_1_1.webp,PMC8288200_01_SVDLD-38-19-g001.jpg,undivided,PMC8288200_01,CC BY-NC-SA,12572,"50-year-old female patient's chest X-ray demonstrates multiple rounded, nodular and mass like pulmonary opacities in the middle and lower zones of both lungs.",['Figure 1'],radiology,x_ray,thorax,thorax,frontal,"['thorax', 'radiology', 'frontal', 'x_ray']","['radiology', 'thorax', 'x_ray', 'mass']",True
file_0086777,PMC8288201_SVDLD-38-11-g001_undivided_1_1.webp,PMC8288201_01_SVDLD-38-11-g001.jpg,undivided,PMC8288201_01,CC BY-NC-SA,9138,Chest x-ray. Right diaphragmatic paresis and poorly inflated right lower lobe.,['Figure 1'],radiology,x_ray,thorax,thorax,frontal,"['thorax', 'radiology', 'frontal', 'x_ray']","['radiology', 'thorax', 'x_ray']",True
file_0087066,PMC8311846_aml-28-136-g001_undivided_1_1.webp,PMC8311846_01_aml-28-136-g001.jpg,undivided,PMC8311846_01,CC BY,25074,Chest radiograph. Fine bilateral interstitial infiltrates with interstitial edema.,[],radiology,x_ray,thorax,thorax,frontal,"['thorax', 'radiology', 'frontal', 'x_ray']","['radiology', 'thorax', 'x_ray']",True
file_0087570,PMC8327361_OTT-14-4299-g0001_A_1_3.webp,PMC8327361_01_OTT-14-4299-g0001.jpg,a,PMC8327361_01,CC BY-NC,3708,Radiology studies revealed SIT anomaly. Dextrocardia in the chest X-ray image.,['Figure 1A'],radiology,x_ray,thorax,thorax,frontal,"['thorax', 'radiology', 'frontal', 'x_ray']","['radiology', 'thorax', 'x_ray']",True
file_0087732,PMC8339249_gr1_undivided_1_1.webp,PMC8339249_01_gr1.jpg,undivided,PMC8339249_01,CC BY,15180,Chest radiography revealed consolidation in the right lower lung field at the initial visit.,['Fig. 1'],radiology,x_ray,thorax,thorax,frontal,"['thorax', 'radiology', 'frontal', 'x_ray']","['radiology', 'thorax', 'x_ray']",True
file_0087765,PMC8343840_JDRS-2021-32-2-536-541-F1_undivided_1_1.webp,PMC8343840_01_JDRS-2021-32-2-536-541-F1.jpg,undivided,PMC8343840_01,CC BY-NC,25678,"Hip anterposterior radiograph of a 14-year-old patient. In the right hip region, a lesion of the greater trochanter with surrounding reactive sclerosis of the lateral aspect, and without periosteal reaction is visible. Soft tissue edema is present around the right greater trochanter.",['Figure 1'],radiology,x_ray,lower_limb,hip,frontal,"['radiology', 'lower_limb', 'frontal', 'x_ray', 'hip']","['radiology', 'hip', 'x_ray', 'lower_limb', 'right']",True
file_0087794,PMC8348285_PAMJ-39-26-g003_A_1_2.webp,PMC8348285_02_PAMJ-39-26-g003.jpg,a,PMC8348285_02,CC BY,7982,A chest X-ray demonstrating a return to the lung wall on the left side and the persistence of pneumothorax on the right side.,['Figure 3A'],radiology,x_ray,thorax,thorax,frontal,"['thorax', 'radiology', 'frontal', 'x_ray']","['radiology', 'thorax', 'x_ray']",True
file_0087801,PMC8348489_gr4_undivided_1_1.webp,PMC8348489_02_gr4.jpg,undivided,PMC8348489_02,CC BY,22858,"Pulmonary angiography before BPA revealed only a small fresh bloody thrombus in the right A1 and left A9 and chronic thromboembolic lesions of webs, subtotal occlusion, and total occlusion in the bilateral pulmonary arteries at segmental levels.",['Fig. 4'],radiology,x_ray,abdomen,abdomen,oblique,"['abdomen', 'radiology', 'oblique', 'x_ray']","['radiology', 'mass', 'angiography']",True
file_0087914,PMC8354738_IMCRJ-14-519-g0001_undivided_1_1.webp,PMC8354738_01_IMCRJ-14-519-g0001.jpg,undivided,PMC8354738_01,CC BY-NC,13672,Chest X-ray on admission showed normal lung parenchyma.,['Figure 1'],radiology,x_ray,thorax,thorax,frontal,"['thorax', 'radiology', 'frontal', 'x_ray']","['radiology', 'thorax', 'x_ray']",True
file_0087947,PMC8358798_fcvm-08-694542-g0001_undivided_1_1.webp,PMC8358798_02_fcvm-08-694542-g0001.jpg,undivided,PMC8358798_02,CC BY,18736,"Posteroanterior chest x-ray view revealing cardiomegaly, bilateral interstitial infiltrates and bilateral pleural effusions.",['Figure 1'],radiology,x_ray,thorax,thorax,frontal,"['thorax', 'radiology', 'frontal', 'x_ray']","['radiology', 'thorax', 'frontal', 'posteroanterior', 'x_ray']",True
file_0088001,PMC8365506_fped-09-712603-g0001_undivided_1_1.webp,PMC8365506_01_fped-09-712603-g0001.jpg,undivided,PMC8365506_01,CC BY,15764,Chest x-ray showed slight thickening of the interstitial web with mild bilateral pleural effusion.,['Figure 1'],radiology,x_ray,thorax,thorax,frontal,"['thorax', 'radiology', 'frontal', 'x_ray']","['radiology', 'thorax', 'x_ray']",True
file_0088025,PMC8366457_aaem-9-e49-g001_C_3_3.webp,PMC8366457_01_aaem-9-e49-g001.jpg,c,PMC8366457_01,CC BY,4198,Anterior-posterior. Views of patient's chest x-ray.,['figure 1'],radiology,x_ray,thorax,thorax,frontal,"['thorax', 'radiology', 'frontal', 'x_ray']","['radiology', 'thorax', 'x_ray']",True
file_0088064,PMC8369030_fped-09-691024-g0001_A_1_2.webp,PMC8369030_01_fped-09-691024-g0001.jpg,a,PMC8369030_01,CC BY,4984,"Chest X ray at the day of admission. Showing diffuse bilateral interstitial markings, and ,obscured contour of the right diaphragm border as a sign of consolidation/pleural effusion.",['Figure 1A'],radiology,x_ray,thorax,thorax,frontal,"['thorax', 'radiology', 'frontal', 'x_ray']",[],True
file_0088065,PMC8369030_fped-09-691024-g0001_B_2_2.webp,PMC8369030_01_fped-09-691024-g0001.jpg,b,PMC8369030_01,CC BY,5466,One day after admission. Showing rapidly evolving bilateral alveolar opacities compatible with pulmonary edema next to the known right-sided lobar infiltrate.,['Figure 1B'],radiology,x_ray,thorax,thorax,frontal,"['thorax', 'radiology', 'frontal', 'x_ray']",[],True
file_0088145,PMC8374894_fmed-08-681548-g0001_A_1_5.webp,PMC8374894_01_fmed-08-681548-g0001.jpg,a,PMC8374894_01,CC BY,4458,Serial chest radiographs. At ICU admission.,"['Figures 1A,B']",radiology,x_ray,thorax,thorax,frontal,"['thorax', 'radiology', 'frontal', 'x_ray']","['radiology', 'thorax', 'x_ray']",True
file_0088146,PMC8374894_fmed-08-681548-g0001_B_2_5.webp,PMC8374894_01_fmed-08-681548-g0001.jpg,b,PMC8374894_01,CC BY,4370,Serial chest radiographs. ECMO day 1.,"['Figures 1A,B']",radiology,x_ray,thorax,thorax,frontal,"['thorax', 'radiology', 'frontal', 'x_ray']","['radiology', 'thorax', 'x_ray']",True
file_0088156,PMC8377194_fped-09-674300-g0001_undivided_1_1.webp,PMC8377194_01_fped-09-674300-g0001.jpg,undivided,PMC8377194_01,CC BY,26428,"Chest X-ray of the patient, taken on the February 12, 2021.",['Figure 1'],radiology,x_ray,thorax,thorax,frontal,"['thorax', 'radiology', 'frontal', 'x_ray']","['radiology', 'thorax', 'x_ray']",True
file_0088324,PMC8387596_fphar-12-684537-g002_undivided_1_1.webp,PMC8387596_02_fphar-12-684537-g002.jpg,undivided,PMC8387596_02,CC BY,46424,Series of chest X-ray images of COVID-19 patient from case 2. The images are chronologically* arranged in a-z order (the letter mark is indicated in the lower right corner of each image). *The dates of records are visible in the top right corner of each image. Identifiable patient's data are covered.,[],radiology,x_ray,thorax,thorax,frontal,"['thorax', 'radiology', 'frontal', 'x_ray']","['radiology', 'thorax', 'x_ray']",True
file_0088569,PMC8407669_OAEM-13-399-g0001_undivided_1_1.webp,PMC8407669_01_OAEM-13-399-g0001.jpg,undivided,PMC8407669_01,CC BY-NC,36154,"Bedside chest X ray showing diffuse and bilateral lung infiltrates, cephalization of the pulmonary vessels, bronchial wall thickening giving the aspect or railway track in the upper right lung field and blunting of the right costophrenic angle. The cardiac silhouette is not interpretable (not standing chest x ray).",[],radiology,x_ray,thorax,thorax,frontal,"['thorax', 'radiology', 'frontal', 'x_ray']",[],True
file_0088574,PMC8407669_OAEM-13-399-g0003_undivided_1_1.webp,PMC8407669_02_OAEM-13-399-g0003.jpg,undivided,PMC8407669_02,CC BY-NC,34666,"Bedside chest X ray showing diffuse interstitial lung disease, affecting predominantly the right upper lobe. The right scissure is well visible. We remark also the blunting of the right costophrenic angle. The mediastinum is not interpretable.",[],radiology,x_ray,thorax,thorax,frontal,"['thorax', 'radiology', 'frontal', 'x_ray']",[],True
file_0088651,PMC8416511_fvets-08-707741-g0001_B_2_2.webp,PMC8416511_01_fvets-08-707741-g0001.jpg,b,PMC8416511_01,CC BY,18440,"Right lateral view. Thoracic radiographs of hypercalcemic case 2 revealed increased lung volume and a diffuse bronchointerstitial pattern with structured peri-bronchial mineralization. Furthermore, multiple areas of mineralization were visible along the aortic arch (arrow) and the ventral surface of the thoracic vertebral bodies (dotted arrow).","['Figures 1A,B']",radiology,x_ray,thorax,thorax,sagittal,"['thorax', 'radiology', 'sagittal', 'x_ray']","['radiology', 'thorax', 'sagittal', 'x_ray']",True
file_0088713,PMC8418191_j_med-2021-0337-fig002_a_1_2.webp,PMC8418191_01_j_med-2021-0337-fig002.jpg,a,PMC8418191_01,CC BY,3664,Digital subtraction angiography image showing mild stenosis in the thoracic aortic lesion without an obvious intimal flap.,['Figure 2a'],radiology,x_ray,thorax,thorax,frontal,"['thorax', 'radiology', 'frontal', 'x_ray']","['radiology', 'thorax', 'angiography']",True
file_0088773,PMC8421329_IMCRJ-14-611-g0001_undivided_1_1.webp,PMC8421329_01_IMCRJ-14-611-g0001.jpg,undivided,PMC8421329_01,CC BY-NC,18560,Chest X-ray result showing perihilar patchy opacities.,['Figure 1'],radiology,x_ray,thorax,thorax,frontal,"['thorax', 'radiology', 'frontal', 'x_ray']","['radiology', 'thorax', 'x_ray', 'mass']",True
file_0088795,PMC8421772_fvets-08-715908-g0001_E_5_10.webp,PMC8421772_01_fvets-08-715908-g0001.jpg,e,PMC8421772_01,CC BY,5380,Left lateral thoracic radiograph (E): 5mm rounded nodule within the dorsal third intercostal space (white arrow).,['Figure 1E'],radiology,x_ray,thorax,thorax,frontal,"['thorax', 'radiology', 'frontal', 'x_ray']","['radiology', 'thorax', 'x_ray', 'mass']",True
file_0088913,PMC8422436_SNI-12-381-g005_d_4_4.webp,PMC8422436_02_SNI-12-381-g005.jpg,d,PMC8422436_02,CC BY-NC-SA,3902,"Upright lateral. Views. These films show a Lenke type 3+ scoliotic curve - levoscoliosis of the thoracic spine with cobb angle 46. And apex at T8, as well as a dextroscoliosis of the lumbar spine with a Cobb angle of 41. And apex at L2. There was minimal improvement of the patient's coronal deformity on lateral bending. The patient also has a thoracic kyphosis of 80 degrees.",['Figure 5'],radiology,x_ray,lower_limb,lower_leg,sagittal,"['radiology', 'lower_limb', 'sagittal', 'x_ray', 'lower_leg']",[],True
file_0089044,PMC8422795_GMS-19-10-g-006_A_1_3.webp,PMC8422795_01_GMS-19-10-g-006.jpg,a,PMC8422795_01,CC BY,3340,"The X-rays in a patient who swallowed her denture with metal wires. On first attendance, the chest X-ray was clear.","['Fig. 7', 'Figure 7']",radiology,x_ray,thorax,thorax,frontal,"['thorax', 'radiology', 'frontal', 'x_ray']","['radiology', 'dental_view', 'x_ray']",True
file_0089045,PMC8422795_GMS-19-10-g-006_B_2_3.webp,PMC8422795_01_GMS-19-10-g-006.jpg,b,PMC8422795_01,CC BY,3692,The X-rays in a patient who swallowed her denture with metal wires. ; Chest X-ray on second admission included part of her lower neck which revealed denture wires in her pharynx.,"['Fig. 7', 'Figure 7']",radiology,x_ray,thorax,thorax,frontal,"['thorax', 'radiology', 'frontal', 'x_ray']","['radiology', 'dental_view', 'x_ray']",True
file_0089098,PMC8424655_AJTCCM-24-4-221-fig3_undivided_1_1.webp,PMC8424655_02_AJTCCM-24-4-221-fig3.jpg,undivided,PMC8424655_02,CC BY,14512,"Chest X-ray, showing poor visualisation of the airway and hyperinflation.",['Fig. 3'],radiology,x_ray,thorax,thorax,frontal,"['thorax', 'radiology', 'frontal', 'x_ray']","['radiology', 'thorax', 'x_ray']",True
file_0089111,PMC8424761_SAJR-25-2150-g001_a_1_2.webp,PMC8424761_01_SAJR-25-2150-g001.jpg,a,PMC8424761_01,CC BY,7928,"(a) Frontal chest radiograph demonstrates normal sized main, right and left pulmonary arteries with a small left basal pleural effusion (arrow).",['Figure 1a'],radiology,x_ray,thorax,thorax,frontal,"['thorax', 'radiology', 'frontal', 'x_ray']","['radiology', 'thorax', 'x_ray']",True
file_0089113,PMC8424761_SAJR-25-2150-g002_a_1_2.webp,PMC8424761_01_SAJR-25-2150-g002.jpg,a,PMC8424761_01,CC BY,8768,(a) Follow-up frontal chest radiograph revealed an enlarged main pulmonary artery and a left hilar mass (arrows).,['Figure 2a'],radiology,x_ray,thorax,thorax,frontal,"['thorax', 'radiology', 'frontal', 'x_ray']","['radiology', 'thorax', 'x_ray', 'mass']",True
file_0089218,PMC8432166_1984-0462-rpp-40-e2020169-gf01_undivided_1_1.webp,PMC8432166_01_1984-0462-rpp-40-e2020169-gf01.jpg,undivided,PMC8432166_01,CC BY,16206,Chest x-ray performed on the first day and 24 hours after suspending dornase alfa therapy in patient A.,[],radiology,x_ray,thorax,thorax,frontal,"['thorax', 'radiology', 'frontal', 'x_ray']","['radiology', 'thorax', 'x_ray']",True
file_0089219,PMC8432166_1984-0462-rpp-40-e2020169-gf02_undivided_1_1.webp,PMC8432166_02_1984-0462-rpp-40-e2020169-gf02.jpg,undivided,PMC8432166_02,CC BY,16770,Chest x-ray performed on the first day and 24 hours after suspending dornase alfa therapy in patient B.,['Figure 3'],radiology,x_ray,thorax,thorax,frontal,"['thorax', 'radiology', 'frontal', 'x_ray']","['radiology', 'thorax', 'x_ray']",True
file_0089231,PMC8432924_AJTCCM-24-2-209-fig1_A_1_8.webp,PMC8432924_01_AJTCCM-24-2-209-fig1.jpg,a,PMC8432924_01,CC BY,6766,"(A and B) Chest radiograph PA and lateral showing left lung
collapse (left hemithorax homogenous opacity with volume loss).",['Figs 1A'],radiology,x_ray,thorax,thorax,frontal,"['thorax', 'radiology', 'frontal', 'x_ray']","['radiology', 'thorax', 'x_ray', 'mass']",True
file_0089232,PMC8432924_AJTCCM-24-2-209-fig1_B_2_8.webp,PMC8432924_01_AJTCCM-24-2-209-fig1.jpg,b,PMC8432924_01,CC BY,7368,"(A and B) Chest radiograph PA and lateral showing left lung
collapse (left hemithorax homogenous opacity with volume loss).",[],radiology,x_ray,thorax,thorax,sagittal,"['thorax', 'radiology', 'sagittal', 'x_ray']","['radiology', 'thorax', 'x_ray', 'mass']",True
file_0089240,PMC8432928_AJTCCM-24-2-169-fig1_undivided_1_1.webp,PMC8432928_01_AJTCCM-24-2-169-fig1.jpg,undivided,PMC8432928_01,CC BY,9810,"Pre-operative chest X-rays of the patient (not intubated). Widening of the superior mediastinum with early left lower-lobe patchy
infiltrates and right lung upper-lobe early herniation to the left.",[],radiology,x_ray,thorax,thorax,frontal,"['thorax', 'radiology', 'frontal', 'x_ray']","['radiology', 'thorax', 'x_ray']",True
file_0089242,PMC8432928_AJTCCM-24-2-169-fig2_left_1_1.webp,PMC8432928_01_AJTCCM-24-2-169-fig2.jpg,left,PMC8432928_01,CC BY,15044,"Patient intubated, rotated, left-lung early collapse consolidation
and middle lobe consolidation.",[],radiology,x_ray,thorax,thorax,frontal,"['thorax', 'radiology', 'frontal', 'x_ray']",[],True
file_0089539,PMC8461374_gr1_B_2_3.webp,PMC8461374_01_gr1.jpg,b,PMC8461374_01,CC BY,2916,Little finger of right hand. Chest Xray.,['Fig. 1-B'],radiology,x_ray,thorax,thorax,frontal,"['thorax', 'radiology', 'frontal', 'x_ray']",[],True
file_0089546,PMC8461374_gr3_C_3_3.webp,PMC8461374_01_gr3.jpg,c,PMC8461374_01,CC BY,4372,Draining into cortical vein. Chest X ray after 6 months of treatment.,['Fig. 3-C'],radiology,x_ray,thorax,thorax,frontal,"['thorax', 'radiology', 'frontal', 'x_ray']",[],True
file_0089547,PMC8462478_jbsr-105-1-2561-g1_undivided_1_1.webp,PMC8462478_01_jbsr-105-1-2561-g1.jpg,undivided,PMC8462478_01,CC BY,57710,"Chest radiograph showing multiple, round, variably sized masses scattering in both lungs, compatible with pulmonary metastasis.",['Figure 1'],radiology,x_ray,thorax,thorax,frontal,"['thorax', 'radiology', 'frontal', 'x_ray']","['radiology', 'thorax', 'malignant', 'x_ray', 'mass']",True
file_0089583,PMC8462841_ZJCH_A_1952015_F0003_B_undivided_1_1.webp,PMC8462841_01_ZJCH_A_1952015_F0003_B.jpg,undivided,PMC8462841_01,CC BY-NC,80066,"Chest X-ray following supposed right IJ CVC placement, with tip of catheter thought to be within the internal jugular vein. In reality, this catheter was located within the right common carotid artery with its tip near the bifurcation of the carotid artery and brachiocephalic arteries.",['Figure 3'],radiology,x_ray,thorax,thorax,frontal,"['thorax', 'radiology', 'frontal', 'x_ray']","['radiology', 'thorax', 'x_ray']",True
file_0089585,PMC8462861_ZJCH_A_1954283_F0001_PB_a_1_3.webp,PMC8462861_01_ZJCH_A_1954283_F0001_PB.jpg,a,PMC8462861_01,CC BY-NC,7192,"Chest radiographs of CMV pneumonia. (a) Initial chest radiograph with extensive right lung opacities, most prominent in the right middle lobe.",['Figure 1(a'],radiology,x_ray,thorax,thorax,frontal,"['thorax', 'radiology', 'frontal', 'x_ray']","['radiology', 'thorax', 'x_ray', 'mass']",True
file_0089586,PMC8462861_ZJCH_A_1954283_F0001_PB_b_2_3.webp,PMC8462861_01_ZJCH_A_1954283_F0001_PB.jpg,b,PMC8462861_01,CC BY-NC,5774,Chest radiographs of CMV pneumonia. (b) Chest radiograph on day 8 with an increase in right-sided infiltrates and new infiltrates at the left lung base.,['Figure 1(b'],radiology,x_ray,thorax,thorax,frontal,"['thorax', 'radiology', 'frontal', 'x_ray']","['radiology', 'thorax', 'x_ray']",True
file_0089587,PMC8462861_ZJCH_A_1954283_F0001_PB_c_3_3.webp,PMC8462861_01_ZJCH_A_1954283_F0001_PB.jpg,c,PMC8462861_01,CC BY-NC,7572,Chest radiographs of CMV pneumonia. (c) Chest radiograph on day 22 with reduced infiltrates in the right lung field with a moderate overlying pleural effusion.,['Figure 1(c'],radiology,x_ray,thorax,thorax,frontal,"['thorax', 'radiology', 'frontal', 'x_ray']","['radiology', 'thorax', 'x_ray']",True
file_0089627,PMC8464323_IDR-14-3901-g0003_undivided_1_1.webp,PMC8464323_01_IDR-14-3901-g0003.jpg,undivided,PMC8464323_01,CC BY-NC,18304,"The follow-up chest radiography obtained after six months of antifungal therapy showing a marked decrease in the size of alveolar opacity at the right upper lung and left lower lung, including left pleural effusion.",['Figure 3'],radiology,x_ray,thorax,thorax,frontal,"['thorax', 'radiology', 'frontal', 'x_ray']","['radiology', 'thorax', 'x_ray', 'mass']",True
file_0089678,PMC8473938_qmj-2021-041-g005_undivided_1_1.webp,PMC8473938_04_qmj-2021-041-g005.jpg,undivided,PMC8473938_04,CC BY,9536,CASE 5: Right Pneumothorax in chest X-ray.,['Figure 5'],radiology,x_ray,thorax,thorax,frontal,"['thorax', 'radiology', 'frontal', 'x_ray']","['radiology', 'thorax', 'x_ray']",True
file_0089681,PMC8473938_qmj-2021-041-g007_undivided_1_1.webp,PMC8473938_06_qmj-2021-041-g007.jpg,undivided,PMC8473938_06,CC BY,19980,CASE 7: bilateral pneumothorax with mediastuinal emphysema.,['Figure 7'],radiology,x_ray,thorax,thorax,frontal,"['thorax', 'radiology', 'frontal', 'x_ray']",[],True
file_0089683,PMC8473938_qmj-2021-041-g009_undivided_1_1.webp,PMC8473938_08_qmj-2021-041-g009.jpg,undivided,PMC8473938_08,CC BY,15176,CASE 9: left pneumothorax in chest X-ray.,['Figure 9'],radiology,x_ray,thorax,thorax,frontal,"['thorax', 'radiology', 'frontal', 'x_ray']","['radiology', 'thorax', 'x_ray']",True
file_0089802,PMC8480259_fped-09-674509-g0006_undivided_1_1.webp,PMC8480259_02_fped-09-674509-g0006.jpg,undivided,PMC8480259_02,CC BY,18348,Chest X-ray after recovery.,['Figure 6'],radiology,x_ray,thorax,thorax,frontal,"['thorax', 'radiology', 'frontal', 'x_ray']","['radiology', 'thorax', 'x_ray']",True
file_0089961,PMC8486495_10-1055-s-0041-1731274-i210583cr-1_undivided_1_1.webp,PMC8486495_01_10-1055-s-0041-1731274-i210583cr-1.jpg,undivided,PMC8486495_01,CC BY,32132,"Chest X-ray, taken at the time of admission, also shows pneumomediastinum (white arrow); the subcutaneous emphysema is also visible (black arrows).",['Fig. 1'],radiology,x_ray,thorax,thorax,frontal,"['thorax', 'radiology', 'frontal', 'x_ray']","['radiology', 'thorax', 'x_ray']",True
file_0090065,PMC8491585_j_med-2021-0327-fig002_a_1_3.webp,PMC8491585_01_j_med-2021-0327-fig002.jpg,a,PMC8491585_01,CC BY,6022,Chest X-ray images from December 2019. Showing both leads were intact.,['Figure 2a'],radiology,x_ray,thorax,thorax,frontal,"['thorax', 'radiology', 'frontal', 'x_ray']","['radiology', 'thorax', 'x_ray']",True
file_0090068,PMC8491585_j_med-2021-0327-fig003_a_1_3.webp,PMC8491585_01_j_med-2021-0327-fig003.jpg,a,PMC8491585_01,CC BY,4214,Chest fluoroscopy from different body positions (a-c).,['Figure 3'],radiology,x_ray,thorax,thorax,oblique,"['thorax', 'radiology', 'oblique', 'x_ray']","['radiology', 'thorax', 'x_ray']",True
file_0090069,PMC8491585_j_med-2021-0327-fig003_b_2_3.webp,PMC8491585_01_j_med-2021-0327-fig003.jpg,b,PMC8491585_01,CC BY,4224,Chest fluoroscopy from different body positions (a-c).,['Figure 3'],radiology,x_ray,thorax,thorax,frontal,"['thorax', 'radiology', 'frontal', 'x_ray']","['radiology', 'thorax', 'x_ray']",True
file_0090070,PMC8491585_j_med-2021-0327-fig003_c_3_3.webp,PMC8491585_01_j_med-2021-0327-fig003.jpg,c,PMC8491585_01,CC BY,3614,Chest fluoroscopy from different body positions (a-c).,['Figure 3'],radiology,x_ray,thorax,thorax,frontal,"['thorax', 'radiology', 'frontal', 'x_ray']","['radiology', 'thorax', 'x_ray']",True
file_0090344,PMC8498102_fgene-12-696685-g0002_A_1_3.webp,PMC8498102_01_fgene-12-696685-g0002.jpg,a,PMC8498102_01,CC BY,16998,"(A) Chest x-ray of the propositus: cone-shaped chest, clavicular hypoplasia, enlarged shoulder joint space.",['Figure 2A'],radiology,x_ray,thorax,thorax,frontal,"['thorax', 'radiology', 'frontal', 'x_ray']","['radiology', 'x_ray']",True
file_0090345,PMC8498102_fgene-12-696685-g0002_B_2_3.webp,PMC8498102_01_fgene-12-696685-g0002.jpg,b,PMC8498102_01,CC BY,10516,"(B) Chest x-ray of father: cone-shaped chest, fragmented clavicles, scoliosis.",['Figure 2B'],radiology,x_ray,thorax,thorax,frontal,"['thorax', 'radiology', 'frontal', 'x_ray']","['radiology', 'thorax', 'x_ray']",True
file_0090359,PMC8498672_PAMJ-39-246-g003_undivided_1_1.webp,PMC8498672_01_PAMJ-39-246-g003.jpg,undivided,PMC8498672_01,CC BY,37400,chest X-ray showing homogenous density in the right cardiophrenic angle and trachea deviation.,[],radiology,x_ray,thorax,thorax,frontal,"['thorax', 'radiology', 'frontal', 'x_ray']","['radiology', 'thorax', 'x_ray']",True
file_0090384,PMC8503597_fnins-15-705483-g001_A_1_2.webp,PMC8503597_02_fnins-15-705483-g001.jpg,a,PMC8503597_02,CC BY,7822,"(A,B) Plain chest X-rays of cases 1 and 2 showing the upside-down implanted pulse generators (IPGs) but with the extension wires still intact and no evidence of twisting observed. The red arrow means that the r-IPG was upside down.",[],radiology,x_ray,thorax,thorax,frontal,"['thorax', 'radiology', 'frontal', 'x_ray']","['radiology', 'thorax', 'x_ray']",True
file_0090385,PMC8503597_fnins-15-705483-g001_B_2_2.webp,PMC8503597_02_fnins-15-705483-g001.jpg,b,PMC8503597_02,CC BY,5896,"(A,B) Plain chest X-rays of cases 1 and 2 showing the upside-down implanted pulse generators (IPGs) but with the extension wires still intact and no evidence of twisting observed. The red arrow means that the r-IPG was upside down.",['Figure 1B'],radiology,x_ray,thorax,thorax,frontal,"['thorax', 'radiology', 'frontal', 'x_ray']","['radiology', 'thorax', 'x_ray']",True
file_0090386,PMC8503597_fnins-15-705483-g002_A_1_2.webp,PMC8503597_04_fnins-15-705483-g002.jpg,a,PMC8503597_04,CC BY,7154,"(A,B) Plain chest X-rays showing that the rechargeable implanted pulse generators (r-IPGs) were inside out. No fracturing or twisting of the leads was observed. The red arrow means that the r-IPG was inside out.",[],radiology,x_ray,thorax,thorax,frontal,"['thorax', 'radiology', 'frontal', 'x_ray']","['radiology', 'thorax', 'x_ray']",True
file_0090387,PMC8503597_fnins-15-705483-g002_B_2_2.webp,PMC8503597_04_fnins-15-705483-g002.jpg,b,PMC8503597_04,CC BY,6188,"(A,B) Plain chest X-rays showing that the rechargeable implanted pulse generators (r-IPGs) were inside out. No fracturing or twisting of the leads was observed. The red arrow means that the r-IPG was inside out.",['Figure 2B'],radiology,x_ray,thorax,thorax,frontal,"['thorax', 'radiology', 'frontal', 'x_ray']","['radiology', 'thorax', 'x_ray']",True
file_0090388,PMC8503597_fnins-15-705483-g003_undivided_1_1.webp,PMC8503597_05_fnins-15-705483-g003.jpg,undivided,PMC8503597_05,CC BY,18226,Plain chest X-ray showing the normal view of the implanted pulse generator (IPG) and the extension wire. No fracturing or twisting of the wire was observed and the IPG was in the correct orientation.,['Figure 3'],radiology,x_ray,thorax,thorax,frontal,"['thorax', 'radiology', 'frontal', 'x_ray']","['radiology', 'thorax', 'x_ray']",True
file_0090452,PMC8506035_fsurg-08-743051-g0003_undivided_1_1.webp,PMC8506035_01_fsurg-08-743051-g0003.jpg,undivided,PMC8506035_01,CC BY,14752,Pneumothorax was presented after the removal of the chest tube in x-ray (red arrow).,['Figure 3'],radiology,x_ray,thorax,thorax,frontal,"['thorax', 'radiology', 'frontal', 'x_ray']","['radiology', 'thorax', 'x_ray']",True
file_0090453,PMC8506035_fsurg-08-743051-g0004_undivided_1_1.webp,PMC8506035_01_fsurg-08-743051-g0004.jpg,undivided,PMC8506035_01,CC BY,22304,A pigtail catheter was inserted into chest for pneumothorax (red arrow).,['Figure 4'],radiology,x_ray,thorax,thorax,frontal,"['thorax', 'radiology', 'frontal', 'x_ray']",[],True
file_0090459,PMC8511675_fmed-08-745555-g0001_undivided_1_1.webp,PMC8511675_01_fmed-08-745555-g0001.jpg,undivided,PMC8511675_01,CC BY,19084,Chest x-ray revealed pulmonary edema with fluid-filled bilateral lungs.,['Figure 1'],radiology,x_ray,thorax,thorax,frontal,"['thorax', 'radiology', 'frontal', 'x_ray']","['radiology', 'thorax', 'x_ray']",True
file_0090473,PMC8512623_gr1_undivided_1_1.webp,PMC8512623_01_gr1.jpg,undivided,PMC8512623_01,CC BY,42744,"Chest x-ray, posteroanterior (PA) view, January 2019: Bilateral peri-hilar, peri-bronchial cuffing with diffuse, bilateral alveolar shadows more in the right lung.",['Fig. 1'],radiology,x_ray,thorax,thorax,frontal,"['thorax', 'radiology', 'frontal', 'x_ray']","['radiology', 'thorax', 'frontal', 'posteroanterior', 'x_ray']",True
file_0090474,PMC8512623_gr10_undivided_1_1.webp,PMC8512623_03_gr10.jpg,undivided,PMC8512623_03,CC BY,24138,"Chest x-ray PA, April 2020: showing left upper lobe mass-like opacity.",['Fig. 10'],radiology,x_ray,thorax,thorax,frontal,"['thorax', 'radiology', 'frontal', 'x_ray']","['radiology', 'thorax', 'x_ray', 'mass']",True
file_0090476,PMC8512623_gr13_undivided_1_1.webp,PMC8512623_03_gr13.jpg,undivided,PMC8512623_03,CC BY,14240,"Chest x-ray PA, March 2021: the left upper lobe opacity resolved.",[],radiology,x_ray,thorax,thorax,frontal,"['thorax', 'radiology', 'frontal', 'x_ray']","['radiology', 'thorax', 'x_ray', 'mass']",True
file_0090479,PMC8512623_gr4_undivided_1_1.webp,PMC8512623_01_gr4.jpg,undivided,PMC8512623_01,CC BY,56946,"Chest x-ray, PA view, December 2020: normal chest x-ray.",[],radiology,x_ray,thorax,thorax,frontal,"['thorax', 'radiology', 'frontal', 'x_ray']","['radiology', 'thorax', 'frontal', 'posteroanterior', 'x_ray']",True
file_0090480,PMC8512623_gr6_undivided_1_1.webp,PMC8512623_02_gr6.jpg,undivided,PMC8512623_02,CC BY,29204,"Chest x-ray PA, February 2018: Bilateral, perihilar, peribronchial cuffing with diffuse bilateral alveolar shadows more in the right lung.",['Fig. 6'],radiology,x_ray,thorax,thorax,frontal,"['thorax', 'radiology', 'frontal', 'x_ray']","['radiology', 'thorax', 'x_ray']",True
file_0090482,PMC8512623_gr9_undivided_1_1.webp,PMC8512623_02_gr9.jpg,undivided,PMC8512623_02,CC BY,10642,"Chest x-ray PA, February 2021: normal.",['Fig. 9'],radiology,x_ray,thorax,thorax,frontal,"['thorax', 'radiology', 'frontal', 'x_ray']","['radiology', 'thorax', 'x_ray']",True
file_0090588,PMC8517634_IDR-14-4167-g0002_undivided_1_1.webp,PMC8517634_01_IDR-14-4167-g0002.jpg,undivided,PMC8517634_01,CC BY-NC,19322,Anteroposterior chest radiography demonstrated diffuse reticulonodular opacities (nodular> reticular) involving the bilateral hemithorax with background ground glass haziness.,['Figure 2'],radiology,x_ray,thorax,thorax,frontal,"['thorax', 'radiology', 'frontal', 'x_ray']","['radiology', 'thorax', 'x_ray', 'mass']",True
file_0090799,PMC8531733_ABR-10-25-g002_undivided_1_1.webp,PMC8531733_01_ABR-10-25-g002.jpg,undivided,PMC8531733_01,CC BY-NC-SA,11716,The radiograph of the lung with granulomatosis with polyangiitis. Arrow shows a big pulmonary cavity in the right lung.,['Figure 2'],radiology,x_ray,thorax,thorax,frontal,"['thorax', 'radiology', 'frontal', 'x_ray']","['radiology', 'x_ray']",True
file_0090936,PMC8545905_fcvm-08-759119-g0001_B_2_2.webp,PMC8545905_01_fcvm-08-759119-g0001.jpg,b,PMC8545905_01,CC BY,6538,"Electrocardiogram and Chest X-ray. (B) Chest X-ray with a single lead ICD, normal heart size and no signs of pulmonary congestion.",['Figure 1'],radiology,x_ray,thorax,thorax,frontal,"['thorax', 'radiology', 'frontal', 'x_ray']",[],True
file_0091022,PMC8551766_IJPVM-12-107-g001_undivided_1_1.webp,PMC8551766_01_IJPVM-12-107-g001.jpg,undivided,PMC8551766_01,CC BY-NC-SA,9384,Neonate chest X- ray in the first day of birth.,['Figure 1'],radiology,x_ray,thorax,thorax,frontal,"['thorax', 'radiology', 'frontal', 'x_ray']",[],True
file_0091023,PMC8551766_IJPVM-12-107-g002_undivided_1_1.webp,PMC8551766_01_IJPVM-12-107-g002.jpg,undivided,PMC8551766_01,CC BY-NC-SA,16592,Neonate chest X- ray in the 11 day after birth.,['Figure 2'],radiology,x_ray,thorax,thorax,frontal,"['thorax', 'radiology', 'frontal', 'x_ray']",[],True
file_0091130,PMC8556652_gr1_undivided_1_1.webp,PMC8556652_01_gr1.jpg,undivided,PMC8556652_01,CC BY,13944,Plain Chest X-Ray of 68 years old woman with mediastinal angiolipoma. Plain Chest X-Ray showed a right paratracheal mass (arrows) with a well-demarcated lesion attached to the mediastinal cage.,['Fig. 1'],radiology,x_ray,thorax,thorax,frontal,"['thorax', 'radiology', 'frontal', 'x_ray']","['radiology', 'thorax', 'x_ray', 'mass']",True
file_0091155,PMC8559625_cjim-12-474-g003_undivided_1_1.webp,PMC8559625_01_cjim-12-474-g003.jpg,undivided,PMC8559625_01,CC BY,17298,Chest x-ray no findings suggestive of COVID-19 pneumonia.,['figure 3'],radiology,x_ray,thorax,thorax,frontal,"['thorax', 'radiology', 'frontal', 'x_ray']","['radiology', 'thorax', 'x_ray']",True
file_0091170,PMC8559636_cjim-12-404-g002_undivided_1_1.webp,PMC8559636_01_cjim-12-404-g002.jpg,undivided,PMC8559636_01,CC BY,11200,The lung infiltration resolved in the chest X-ray following the treatment.,['figure 2'],radiology,x_ray,thorax,thorax,frontal,"['thorax', 'radiology', 'frontal', 'x_ray']","['radiology', 'thorax', 'x_ray']",True
file_0091187,PMC8559649_cjim-12-379-g001_undivided_1_1.webp,PMC8559649_01_cjim-12-379-g001.jpg,undivided,PMC8559649_01,CC BY,9414,Chest X-ray showing pneumopericardium.,['figure 1'],radiology,x_ray,thorax,thorax,frontal,"['thorax', 'radiology', 'frontal', 'x_ray']","['radiology', 'thorax', 'x_ray']",True
file_0091331,PMC8565686_acc-07-01-10-g002_undivided_1_1.webp,PMC8565686_01_acc-07-01-10-g002.jpg,undivided,PMC8565686_01,CC BY-NC,17914,Postprocedure chest radiography.,['Figure 2'],radiology,x_ray,thorax,thorax,frontal,"['thorax', 'radiology', 'frontal', 'x_ray']","['radiology', 'thorax', 'x_ray']",True
file_0091380,PMC8565702_acc-06-02-37-g001_undivided_1_1.webp,PMC8565702_01_acc-06-02-37-g001.jpg,undivided,PMC8565702_01,CC BY-NC,18104,Plain chest radiography with a water soluble contrast swallow: 9 cm long stricture and food bolus impaction in the middle third of the esophagus.,['Figure 1'],radiology,x_ray,thorax,thorax,frontal,"['thorax', 'radiology', 'frontal', 'x_ray']","['radiology', 'thorax', 'x_ray', 'contrast']",True
file_0091384,PMC8565702_acc-06-02-37-g005_undivided_1_1.webp,PMC8565702_01_acc-06-02-37-g005.jpg,undivided,PMC8565702_01,CC BY-NC,11120,"Plain chest radiography with a water soluble contrast swallow: esophageal stricture (arrow), esophageal food bolus impaction (arrow head), esophageal perforation (star).",['Figure 5'],radiology,x_ray,thorax,thorax,frontal,"['thorax', 'radiology', 'frontal', 'x_ray']","['radiology', 'x_ray', 'contrast']",True
file_0091387,PMC8565702_acc-06-02-37-g008_undivided_1_1.webp,PMC8565702_01_acc-06-02-37-g008.jpg,undivided,PMC8565702_01,CC BY-NC,9032,Plain chest X-ray immediately after the operation.,[],radiology,x_ray,thorax,thorax,frontal,"['thorax', 'radiology', 'frontal', 'x_ray']","['radiology', 'thorax', 'x_ray']",True
file_0091451,PMC8566889_fvets-08-748869-g0003_A_1_4.webp,PMC8566889_01_fvets-08-748869-g0003.jpg,a,PMC8566889_01,CC BY,5138,"Thoracic radiographs from Cat-1 at presentation On (A,C), a large amount of fat is visible around the apex of the cardiac silhouette (white stars).","['Figures 3A,B']",radiology,x_ray,thorax,thorax,frontal,"['thorax', 'radiology', 'frontal', 'x_ray']",['radiology'],True
file_0091452,PMC8566889_fvets-08-748869-g0003_B_2_4.webp,PMC8566889_01_fvets-08-748869-g0003.jpg,b,PMC8566889_01,CC BY,5420,Thoracic radiographs from Cat-1 at presentation.,"['Figures 3A,B']",radiology,x_ray,thorax,thorax,frontal,"['thorax', 'radiology', 'frontal', 'x_ray']",['radiology'],True
file_0091453,PMC8566889_fvets-08-748869-g0003_C_3_4.webp,PMC8566889_01_fvets-08-748869-g0003.jpg,c,PMC8566889_01,CC BY,4242,"After 1 month An ill-defined unstructured interstitial lung pattern (blue arrows) and thin interlobar fissures (white arrows) consistent with mild pleural effusion are present at presentation. Mild cardiomegaly and subjectively enlarged pulmonary vessels are also noted (blue stars). After 1 month, the pulmonary pattern and interlobar fissures have resolved, and the cardiac silhouette and pulmonary vessels have decreased in size. On (A,C), a large amount of fat is visible around the apex of the cardiac silhouette (white stars).",[],radiology,x_ray,thorax,thorax,frontal,"['thorax', 'radiology', 'frontal', 'x_ray']",[],True
file_0091454,PMC8566889_fvets-08-748869-g0003_D_4_4.webp,PMC8566889_01_fvets-08-748869-g0003.jpg,d,PMC8566889_01,CC BY,6112,"After 1 month An ill-defined unstructured interstitial lung pattern (blue arrows) and thin interlobar fissures (white arrows) consistent with mild pleural effusion are present at presentation. Mild cardiomegaly and subjectively enlarged pulmonary vessels are also noted (blue stars). After 1 month, the pulmonary pattern and interlobar fissures have resolved, and the cardiac silhouette and pulmonary vessels have decreased in size.",[],radiology,x_ray,thorax,thorax,sagittal,"['thorax', 'radiology', 'sagittal', 'x_ray']",[],True
file_0091668,PMC8571380_SNI-12-495-g004_a_1_2.webp,PMC8571380_01_SNI-12-495-g004.jpg,a,PMC8571380_01,CC BY-NC-SA,13932,"Follow-up at 1 week after surgery. Instrumentation with transpedicular screws at T9, T10, T12 and L1 with polymethylmethacrylate augmentation. (a) Anteroposterior view, radiopaque image in right lung associated with cement emboli.",['Figure 4'],radiology,x_ray,thorax,thorax,frontal,"['thorax', 'radiology', 'frontal', 'x_ray']","['radiology', 'frontal', 'anteroposterior']",True
file_0091712,PMC8573811_AJTCCM-27-3-116-fig1_B_2_2.webp,PMC8573811_01_AJTCCM-27-3-116-fig1.jpg,b,PMC8573811_01,CC BY,4272,Repeat. Chest radiograph.,['Fig. 1B'],radiology,x_ray,thorax,thorax,frontal,"['thorax', 'radiology', 'frontal', 'x_ray']","['radiology', 'thorax', 'x_ray']",True
file_0091715,PMC8573813_AJTCCM-27-3-105-fig1_undivided_1_1.webp,PMC8573813_01_AJTCCM-27-3-105-fig1.jpg,undivided,PMC8573813_01,CC BY,19720,"Chest X-ray showing reduction in the size of the left hemithorax, plethora of the right lung and leftward shift of the mediastinum.",[],radiology,x_ray,thorax,thorax,frontal,"['thorax', 'radiology', 'frontal', 'x_ray']","['radiology', 'thorax', 'x_ray']",True
file_0091766,PMC8576149_vrf-12-387-g001_B_2_2.webp,PMC8576149_01_vrf-12-387-g001.jpg,b,PMC8576149_01,CC BY-NC,5678,Right lateral radiograph of the thorax. Arrow shows the single-barbed fish hook lodged in the base of the heart.,['Fig. 1B'],radiology,x_ray,head,head,frontal,"['head', 'radiology', 'frontal', 'x_ray']",[],True
file_0091842,PMC8578850_fped-09-740853-g0001_A_1_6.webp,PMC8578850_01_fped-09-740853-g0001.jpg,a,PMC8578850_01,CC BY,6076,"(A) Massive air leak syndrome with pneumomediastinum, bilateral pneumothorax, and subcutaneous emphysema.","['Figure 1', 'Figure 1A']",radiology,x_ray,thorax,thorax,sagittal,"['thorax', 'radiology', 'sagittal', 'x_ray']",[],True
file_0091847,PMC8578850_fped-09-740853-g0001_F_6_6.webp,PMC8578850_01_fped-09-740853-g0001.jpg,f,PMC8578850_01,CC BY,4924,(F) Chest X-ray demonstrating the correct position of the cannula; the green line measures the tip-to-IP distance (9.4 cm).,"['Figure 1F', 'Figure 1']",radiology,x_ray,thorax,thorax,frontal,"['thorax', 'radiology', 'frontal', 'x_ray']","['radiology', 'thorax', 'x_ray']",True
file_0091871,PMC8580553_gr1_undivided_1_1.webp,PMC8580553_01_gr1.jpg,undivided,PMC8580553_01,CC BY,14778,"Chest X-ray. Chest X-ray shows bilateral scattered infiltrates, denser with partial consolidation in the right upper lobe bordering the minor fissure.",['Fig. 1'],radiology,x_ray,thorax,thorax,frontal,"['thorax', 'radiology', 'frontal', 'x_ray']","['radiology', 'thorax', 'x_ray']",True
file_0091937,PMC8583737_ICRP_A_1999245_F0004_C_undivided_1_1.webp,PMC8583737_01_ICRP_A_1999245_F0004_C.jpg,undivided,PMC8583737_01,CC BY,16678,Lymphangiography shows lymph vessels emptying into multiple cavities in the axilla and the lateral thoracic wall.,['Figure 4'],radiology,x_ray,upper_limb,elbow,frontal,"['radiology', 'upper_limb', 'frontal', 'elbow', 'x_ray']",[],True
file_0092019,PMC8591057_fped-09-765373-g0001_C_3_4.webp,PMC8591057_04_fped-09-765373-g0001.jpg,c,PMC8591057_04,CC BY,6082,"A residual round, metallic, foreign body shadow was apparent at the entrance of the thoracic cage on chest frontal and lateral DR performed at 6 h post-operatively (C,D).","['Figures 1C,D']",radiology,x_ray,thorax,thorax,frontal,"['thorax', 'radiology', 'frontal', 'x_ray']",[],True
file_0092020,PMC8591057_fped-09-765373-g0001_D_4_4.webp,PMC8591057_04_fped-09-765373-g0001.jpg,d,PMC8591057_04,CC BY,3778,"A residual round, metallic, foreign body shadow was apparent at the entrance of the thoracic cage on chest frontal and lateral DR performed at 6 h post-operatively (C,D).","['Figures 1C,D']",radiology,x_ray,thorax,thorax,sagittal,"['thorax', 'radiology', 'sagittal', 'x_ray']",[],True
file_0092022,PMC8591057_fped-09-765373-g0002_B_2_4.webp,PMC8591057_05_fped-09-765373-g0002.jpg,b,PMC8591057_05,CC BY,10308,Chest DR re-examination indicated that the foreign body shadow had disappeared before the planned second operation (B).,[],radiology,x_ray,thorax,thorax,frontal,"['thorax', 'radiology', 'frontal', 'x_ray']",[],True
file_0092046,PMC8591280_fimmu-12-753849-g002_A_1_2.webp,PMC8591280_01_fimmu-12-753849-g002.jpg,a,PMC8591280_01,CC BY,4778,Chest X-ray of the patient immediately before interferon administration at week 4.,[],radiology,x_ray,thorax,thorax,frontal,"['thorax', 'radiology', 'frontal', 'x_ray']","['radiology', 'thorax', 'x_ray']",True
file_0092090,PMC8593966_fgwh-01-567810-g0001_A_1_2.webp,PMC8593966_01_fgwh-01-567810-g0001.jpg,a,PMC8593966_01,CC BY,6552,Chest radiograph on day of delivery showing extensive diffuse bilateral opacities suggestive of pneumonia.,['Figure 1A'],radiology,x_ray,thorax,thorax,frontal,"['thorax', 'radiology', 'frontal', 'x_ray']","['radiology', 'thorax', 'x_ray', 'mass']",True
file_0092091,PMC8593966_fgwh-01-567810-g0001_B_2_2.webp,PMC8593966_01_fgwh-01-567810-g0001.jpg,b,PMC8593966_01,CC BY,7608,"Chest radiograph taken following endotracheal intubation on the 6th post-delivery day showing progression of pnuemonia, subcutaneous emphysema, pneumomediastinum, and prominent right heart contours suggestive of right heart failure.",['Figure 1B'],radiology,x_ray,thorax,thorax,frontal,"['thorax', 'radiology', 'frontal', 'x_ray']","['radiology', 'thorax', 'x_ray']",True
file_0092207,PMC8600159_EXCLI-20-1482-g-003_B_2_2.webp,PMC8600159_01_EXCLI-20-1482-g-003.jpg,b,PMC8600159_01,CC BY,5320,Endovascular coil embolization for the aneurysm in pulmonary artery was successfully performed (B).,"['Figure 3', 'Fig. 3']",radiology,x_ray,abdomen,abdomen,frontal,"['abdomen', 'radiology', 'frontal', 'x_ray']",[],True
file_0092292,PMC8604448_ZJCH_A_1983320_F0002_B_undivided_1_1.webp,PMC8604448_01_ZJCH_A_1983320_F0002_B.jpg,undivided,PMC8604448_01,CC BY-NC,16782,Chest X-ray above shows central vascular prominence with abnormal alveolar opacities in the mid and lower lungs bilaterally in addition to small effusions.,['Figure 2'],radiology,x_ray,thorax,thorax,frontal,"['thorax', 'radiology', 'frontal', 'x_ray']","['radiology', 'thorax', 'x_ray', 'mass']",True
file_0092315,PMC8605226_gr1_undivided_1_1.webp,PMC8605226_01_gr1.jpg,undivided,PMC8605226_01,CC BY,21222,Chest X-Ray of a 3-months-old boy with Pre-XDR TB. It shows infiltrate at the upper-middle right lung field with an increased of bronchovascular marking.,['Fig. 1'],radiology,x_ray,thorax,thorax,frontal,"['thorax', 'radiology', 'frontal', 'x_ray']","['radiology', 'thorax', 'x_ray']",True
file_0092316,PMC8605226_gr2_undivided_1_1.webp,PMC8605226_02_gr2.jpg,undivided,PMC8605226_02,CC BY,21036,"Chest X-Ray of a 14-years-olf girl with Pre-XDR TB. It shows opacity at the right hilar, lobulated infiltrate in the left apex, nodular at left hilar, and lymph node enlargement at bilateral peri-hilar.",['Fig. 2'],radiology,x_ray,thorax,thorax,frontal,"['thorax', 'radiology', 'frontal', 'x_ray']","['radiology', 'thorax', 'x_ray', 'mass']",True
file_0092337,PMC8606675_fonc-11-772411-g001_A_1_3.webp,PMC8606675_01_fonc-11-772411-g001.jpg,a,PMC8606675_01,CC BY,6904,(A) Chest x-ray obtained Day +42 demonstrates diffuse airspace disease bilaterally with more focal areas of consolidation in the left lung.,['Figure 1A'],radiology,x_ray,thorax,thorax,frontal,"['thorax', 'radiology', 'frontal', 'x_ray']","['radiology', 'thorax', 'x_ray']",True
file_0092379,PMC8613450_ABR-10-32-g003_undivided_1_1.webp,PMC8613450_01_ABR-10-32-g003.jpg,undivided,PMC8613450_01,CC BY-NC-SA,12568,Chest radiography: with left-sided pneumothorax and left lung upper lobe atelectasis on the 6th day of admission.,['Figure 3'],radiology,x_ray,thorax,thorax,frontal,"['thorax', 'radiology', 'frontal', 'x_ray']","['radiology', 'thorax', 'x_ray']",True
file_0092424,PMC8627985_gr1_undivided_1_1.webp,PMC8627985_01_gr1.jpg,undivided,PMC8627985_01,CC BY,12778,Chest radiograph on admission.,['Fig. 1'],radiology,x_ray,thorax,thorax,frontal,"['thorax', 'radiology', 'frontal', 'x_ray']","['radiology', 'thorax', 'x_ray']",True
file_0092494,PMC8631983_JAA-14-1425-g0001_A_1_7.webp,PMC8631983_01_JAA-14-1425-g0001.jpg,a,PMC8631983_01,CC BY-NC,5078,"(A, B) Chest X-ray and chest CT scan in October 2012. Patchy infiltrations predominantly around the pleura with air bronchograms in the left upper lobe are seen.",['Figure 1A'],radiology,x_ray,thorax,thorax,frontal,"['thorax', 'radiology', 'frontal', 'x_ray']",['radiology'],True
file_0092496,PMC8631983_JAA-14-1425-g0001_C_3_7.webp,PMC8631983_01_JAA-14-1425-g0001.jpg,c,PMC8631983_01,CC BY-NC,5422,"(C, D) Chest X-ray and chest CT scan in February 2013. Dramatic improvement is seen.",[],radiology,x_ray,thorax,thorax,frontal,"['thorax', 'radiology', 'frontal', 'x_ray']",['radiology'],True
file_0092498,PMC8631983_JAA-14-1425-g0001_E_5_7.webp,PMC8631983_01_JAA-14-1425-g0001.jpg,e,PMC8631983_01,CC BY-NC,5052,"(E, F) Chest X-ray and chest CT scan in April 2013. Relapse of CEP showing infiltration in right upper lobe is shown.",[],radiology,x_ray,thorax,thorax,frontal,"['thorax', 'radiology', 'frontal', 'x_ray']",['radiology'],True
file_0092500,PMC8631983_JAA-14-1425-g0001_G_7_7.webp,PMC8631983_01_JAA-14-1425-g0001.jpg,g,PMC8631983_01,CC BY-NC,5448,(G) Chest X-ray in August 2015. Infiltrative shadow in left lower lung field is seen.,[],radiology,x_ray,thorax,thorax,frontal,"['thorax', 'radiology', 'frontal', 'x_ray']","['radiology', 'thorax', 'x_ray']",True
file_0092550,PMC8632717_fsurg-08-741840-g0001_F_6_6.webp,PMC8632717_01_fsurg-08-741840-g0001.jpg,f,PMC8632717_01,CC BY,5766,"The left innominate vein aneurysm. Chest radiography on postoperative day 1 showed complete reexpansion of the lung, with no obvious pneumothorax or hydrothorax.",['Figure 1'],radiology,x_ray,thorax,thorax,frontal,"['thorax', 'radiology', 'frontal', 'x_ray']","['radiology', 'thorax', 'x_ray']",True
file_0092618,PMC8636690_IMCRJ-14-797-g0001_undivided_1_1.webp,PMC8636690_01_IMCRJ-14-797-g0001.jpg,undivided,PMC8636690_01,CC BY-NC,24946,Chest X-ray showing right-sided cardiac shadow with the apex pointing right and heterogeneous opacities in the left lung.,['Figure 1'],radiology,x_ray,thorax,thorax,frontal,"['thorax', 'radiology', 'frontal', 'x_ray']","['radiology', 'thorax', 'x_ray', 'mass']",True
file_0092682,PMC8639588_fsurg-08-755279-g0003_B_2_4.webp,PMC8639588_01_fsurg-08-755279-g0003.jpg,b,PMC8639588_01,CC BY,5790,Lateral. Chest X-ray one month after right-sided Bochdalek hernia repair and empyema evacuation. A right-sided pleural effusion (arrowhead) and opacity due to basal hypoventilation (star) accompanied by a moderate elevation of the right hemidiaphragm without any signs of hernia recurrence can be detected.,"['Figures 3A,B']",radiology,x_ray,thorax,thorax,frontal,"['thorax', 'radiology', 'frontal', 'x_ray']","['radiology', 'thorax', 'x_ray']",True
file_0092684,PMC8639588_fsurg-08-755279-g0003_D_4_4.webp,PMC8639588_01_fsurg-08-755279-g0003.jpg,d,PMC8639588_01,CC BY,5792,Lateral. Chest X-ray one year after right-sided Bochdalek hernia repair and empyema evacuation. No signs of hernia recurrence and only a slight right-basal hypoventilation (star) can be detected.,"['Figures 3C,D']",radiology,x_ray,thorax,thorax,sagittal,"['thorax', 'radiology', 'sagittal', 'x_ray']","['radiology', 'thorax', 'x_ray']",True
file_0092863,PMC8645503_SNI-12-544-g005_a_1_2.webp,PMC8645503_01_SNI-12-544-g005.jpg,a,PMC8645503_01,CC BY-NC-SA,7152,Radiography of thoracic spine.,['Figure 5'],radiology,x_ray,thorax,thorax,frontal,"['thorax', 'radiology', 'frontal', 'x_ray']","['radiology', 'thorax', 'x_ray']",True
file_0092864,PMC8645503_SNI-12-544-g005_b_2_2.webp,PMC8645503_01_SNI-12-544-g005.jpg,b,PMC8645503_01,CC BY-NC-SA,7532,Radiography of thoracic spine. Anterior - Posterior view. Lateral view. It observe correct placement of pedicle screws without signs of misplacement or vertebral lysis.,['Figure 5'],radiology,x_ray,thorax,thorax,sagittal,"['thorax', 'radiology', 'sagittal', 'x_ray']","['radiology', 'thorax', 'x_ray']",True
file_0093111,PMC8655874_fmed-08-732792-g0002_A_1_2.webp,PMC8655874_01_fmed-08-732792-g0002.jpg,a,PMC8655874_01,CC BY,6548,(A) X-ray at hospital admission describing parenchymal thickening and a bilateral widespread pulmonary interstitial involvement.,[],radiology,x_ray,thorax,thorax,frontal,"['thorax', 'radiology', 'frontal', 'x_ray']","['radiology', 'x_ray']",True
file_0093112,PMC8655874_fmed-08-732792-g0002_B_2_2.webp,PMC8655874_01_fmed-08-732792-g0002.jpg,b,PMC8655874_01,CC BY,4718,(B) Tocilizumab administration led to bilateral improvement with a decrease in the density and in the extension of lung thicknesses (X-ray).,[],radiology,x_ray,thorax,thorax,frontal,"['thorax', 'radiology', 'frontal', 'x_ray']","['radiology', 'x_ray']",True
file_0093184,PMC8661299_SAJR-25-2255-g001_undivided_1_1.webp,PMC8661299_01_SAJR-25-2255-g001.jpg,undivided,PMC8661299_01,CC BY,21484,Chest radiograph on admission demonstrating subcutaneous emphysema (red arrow) and pneumomediastinum (blue arrow).,['Figure 1'],radiology,x_ray,thorax,thorax,frontal,"['thorax', 'radiology', 'frontal', 'x_ray']","['radiology', 'thorax', 'x_ray']",True
file_0093187,PMC8661299_SAJR-25-2255-g004_a_1_3.webp,PMC8661299_01_SAJR-25-2255-g004.jpg,a,PMC8661299_01,CC BY,3960,"(a, b and c) Contrast swallow of the cervical and thoracic oesophagus excluded oesophageal perforation.",['Figure 4'],radiology,x_ray,thorax,thorax,frontal,"['thorax', 'radiology', 'frontal', 'x_ray']","['radiology', 'contrast']",True
file_0093188,PMC8661299_SAJR-25-2255-g004_b_2_3.webp,PMC8661299_01_SAJR-25-2255-g004.jpg,b,PMC8661299_01,CC BY,3616,"(a, b and c) Contrast swallow of the cervical and thoracic oesophagus excluded oesophageal perforation.",['Figure 4'],radiology,x_ray,thorax,thorax,frontal,"['thorax', 'radiology', 'frontal', 'x_ray']","['radiology', 'contrast']",True
file_0093189,PMC8661299_SAJR-25-2255-g004_c_3_3.webp,PMC8661299_01_SAJR-25-2255-g004.jpg,c,PMC8661299_01,CC BY,5594,"(a, b and c) Contrast swallow of the cervical and thoracic oesophagus excluded oesophageal perforation.",['Figure 4'],radiology,x_ray,abdomen,abdomen,sagittal,"['abdomen', 'radiology', 'sagittal', 'x_ray']","['radiology', 'contrast']",True
file_0093233,PMC8666499_JAFES-36-2-200-g002_A_1_4.webp,PMC8666499_01_JAFES-36-2-200-g002.jpg,a,PMC8666499_01,CC BY-NC,4622,"Serial chest radiographs showing acute pulmonary oedema from her previous 4 admissions. Left pleural effusion with bat's wings appearance, and ,cardiomegaly.",['Figure 2'],radiology,x_ray,thorax,thorax,frontal,"['thorax', 'radiology', 'frontal', 'x_ray']","['radiology', 'thorax', 'x_ray']",True
file_0093234,PMC8666499_JAFES-36-2-200-g002_B_2_4.webp,PMC8666499_01_JAFES-36-2-200-g002.jpg,b,PMC8666499_01,CC BY-NC,7812,Serial chest radiographs showing acute pulmonary oedema from her previous 4 admissions. Left pleural effusion with cardiomegaly.,['Figure 2'],radiology,x_ray,thorax,thorax,frontal,"['thorax', 'radiology', 'frontal', 'x_ray']","['radiology', 'thorax', 'x_ray']",True
file_0093235,PMC8666499_JAFES-36-2-200-g002_C_3_4.webp,PMC8666499_01_JAFES-36-2-200-g002.jpg,c,PMC8666499_01,CC BY-NC,6028,"Serial chest radiographs showing acute pulmonary oedema from her previous 4 admissions. Upper lobe diversion with bat's wings appearance, and ,cardiomegaly.",['Figure 2'],radiology,x_ray,thorax,thorax,frontal,"['thorax', 'radiology', 'frontal', 'x_ray']","['radiology', 'thorax', 'x_ray']",True
file_0093236,PMC8666499_JAFES-36-2-200-g002_D_4_4.webp,PMC8666499_01_JAFES-36-2-200-g002.jpg,d,PMC8666499_01,CC BY-NC,5976,Serial chest radiographs showing acute pulmonary oedema from her previous 4 admissions. Left pleural effusion.,['Figure 2'],radiology,x_ray,thorax,thorax,frontal,"['thorax', 'radiology', 'frontal', 'x_ray']","['radiology', 'thorax', 'x_ray']",True
file_0093329,PMC8675614_toj-20-0163-figure1_undivided_1_1.webp,PMC8675614_01_toj-20-0163-figure1.jpg,undivided,PMC8675614_01,CC BY,20230,Admission chest x-ray shows bilateral infiltrates and chronic emphysematous changes.,['Figure 1'],radiology,x_ray,thorax,thorax,frontal,"['thorax', 'radiology', 'frontal', 'x_ray']","['radiology', 'thorax', 'x_ray']",True
file_0093404,PMC8683484_PAMJ-40-154-g004_undivided_1_1.webp,PMC8683484_01_PAMJ-40-154-g004.jpg,undivided,PMC8683484_01,CC BY,18156,"electrocardiogram and chest X-ray following pacemaker implantation, electro entrained rhythm.",['Figure 4'],radiology,x_ray,upper_limb,elbow,frontal,"['radiology', 'upper_limb', 'frontal', 'elbow', 'x_ray']",[],True
file_0093530,PMC8694274_JAA-14-1539-g0001_undivided_1_1.webp,PMC8694274_01_JAA-14-1539-g0001.jpg,undivided,PMC8694274_01,CC BY-NC,20922,"Chest X-ray PA view of the patient on the day of admission shows a ""continuous diaphragm sign"" characterised by a mediastinal gas outlining the superior surface of the diaphragm and separating it from the heart (black arrowheads) and a ""Naclerio's V sign"" in which mediastinal gas outlines the lateral margin of the descending aorta and extends laterally over the left hemidiaphragm (red arrowheads).",['Figures 1'],radiology,x_ray,thorax,thorax,frontal,"['thorax', 'radiology', 'frontal', 'x_ray']","['radiology', 'thorax', 'frontal', 'posteroanterior', 'x_ray']",True
file_0093531,PMC8694274_JAA-14-1539-g0002_undivided_1_1.webp,PMC8694274_01_JAA-14-1539-g0002.jpg,undivided,PMC8694274_01,CC BY-NC,13676,Chest X-ray (lateral view) demonstrating lucency (Yellow arrows) overlying the heart signifying pneumopericardium.,['Figures 1'],radiology,x_ray,thorax,thorax,sagittal,"['thorax', 'radiology', 'sagittal', 'x_ray']","['radiology', 'thorax', 'sagittal', 'x_ray']",True
file_0093662,PMC8711636_IMCRJ-14-853-g0006_undivided_1_1.webp,PMC8711636_01_IMCRJ-14-853-g0006.jpg,undivided,PMC8711636_01,CC BY-NC,15152,X-ray of chest showing remarkable improvement in the resolution of lung lesions.,['Figure 6'],radiology,x_ray,thorax,thorax,frontal,"['thorax', 'radiology', 'frontal', 'x_ray']","['radiology', 'thorax', 'x_ray', 'mass']",True
file_0094189,PMC8728866_JTHC-16-42-g002_undivided_1_1.webp,PMC8728866_01_JTHC-16-42-g002.jpg,undivided,PMC8728866_01,CC BY-NC,47580,"The image depicts pulmonary vein isolation via CB ablation. The CB is positioned and inflated at the antrum of the left upper pulmonary vein (Panel A, left anterior oblique view) and the right upper pulmonary vein (Panel B, right anterior oblique view).",['Figure 2'],radiology,x_ray,thorax,thorax,oblique,"['thorax', 'radiology', 'oblique', 'x_ray']","['radiology', 'oblique']",True
file_0094339,PMC8757464_fvets-08-801885-g0001_A_1_4.webp,PMC8757464_01_fvets-08-801885-g0001.jpg,a,PMC8757464_01,CC BY,8540,"Four right lateral thoracic radiographs obtained from a cat with a compressive Coccidioides spp. Spinal granuloma from initial presentation and three time points after decompressive neurosurgery and fluconazole therapy. Earliest study performed on initial presentation, before surgery, revealed a miliary pulmonary pattern with numerous small soft tissue nodules (white chevrons) in all lung lobes, and ,sternal lymphadenomegaly (solid white arrow).","['Figure 1', 'Figure 1A']",radiology,x_ray,thorax,thorax,frontal,"['thorax', 'radiology', 'frontal', 'x_ray']",['radiology'],True
file_0094340,PMC8757464_fvets-08-801885-g0001_B_2_4.webp,PMC8757464_01_fvets-08-801885-g0001.jpg,b,PMC8757464_01,CC BY,9168,"Four right lateral thoracic radiographs obtained from a cat with a compressive Coccidioides spp. Spinal granuloma from initial presentation and three time points after decompressive neurosurgery and fluconazole therapy. On day 35 there were fewer pulmonary nodules (white chevrons), and ,the sternal lymphadenomegaly remained static (solid white arrow).","['Figure 1B', 'Figure 1']",radiology,x_ray,thorax,thorax,sagittal,"['thorax', 'radiology', 'sagittal', 'x_ray']",['radiology'],True
file_0094341,PMC8757464_fvets-08-801885-g0001_C_3_4.webp,PMC8757464_01_fvets-08-801885-g0001.jpg,c,PMC8757464_01,CC BY,9950,"Four right lateral thoracic radiographs obtained from a cat with a compressive Coccidioides spp. Spinal granuloma from initial presentation and three time points after decompressive neurosurgery and fluconazole therapy. Three months later (day 140), there were even fewer pulmonary nodules (white chevrons), and ,the sternal lymphadenomegaly remained relatively static (solid white arrow).","['Figure 1', 'Figure 1C']",radiology,x_ray,thorax,thorax,sagittal,"['thorax', 'radiology', 'sagittal', 'x_ray']",['radiology'],True
file_0094342,PMC8757464_fvets-08-801885-g0001_D_4_4.webp,PMC8757464_01_fvets-08-801885-g0001.jpg,d,PMC8757464_01,CC BY,6960,"Four right lateral thoracic radiographs obtained from a cat with a compressive Coccidioides spp. Spinal granuloma from initial presentation and three time points after decompressive neurosurgery and fluconazole therapy. Six months following images in C (day 310), there was resolution of the pulmonary nodules and the sternal lymphadenomegaly was static (solid white arrow).","['Figure 1', 'Figure 1D']",radiology,x_ray,thorax,thorax,sagittal,"['thorax', 'radiology', 'sagittal', 'x_ray']",['radiology'],True
file_0094373,PMC8759583_jvb-20-e20210160-g04_B_2_2.webp,PMC8759583_01_jvb-20-e20210160-g04.jpg,b,PMC8759583_01,CC BY,29316,"Endovascular component of the hybrid aortic arch repair. After thoracic endovascular stent-graft repair, complete aneurysm exclusion was observed.",['Figure 4'],radiology,x_ray,thorax,thorax,oblique,"['thorax', 'radiology', 'oblique', 'x_ray']",[],True
file_0094562,PMC8783314_PAMJ-40-209-g001_E_5_5.webp,PMC8783314_01_PAMJ-40-209-g001.jpg,e,PMC8783314_01,CC BY,3240,Chest X-ray taken on post-operative day 7 to rule out pleuritis or pleural tear.,['Figure 1E'],radiology,x_ray,thorax,thorax,frontal,"['thorax', 'radiology', 'frontal', 'x_ray']","['radiology', 'thorax', 'x_ray']",True
file_0094612,PMC8789659_fmed-08-777457-g0004_a_1_4.webp,PMC8789659_01_fmed-08-777457-g0004.jpg,a,PMC8789659_01,CC BY,9334,Controlled chest x-ray during first-line treatment in 2020:. At the beginning of the therapy - thick-walled cavity with internal consolidations in apical parts of the right lung.,[],radiology,x_ray,thorax,thorax,frontal,"['thorax', 'radiology', 'frontal', 'x_ray']","['radiology', 'thorax', 'x_ray']",True
file_0094896,PMC8826680_fped-09-810718-g0001_undivided_1_1.webp,PMC8826680_01_fped-09-810718-g0001.jpg,undivided,PMC8826680_01,CC BY,30392,Chest radiography on admission.,['Figure 1'],radiology,x_ray,thorax,thorax,frontal,"['thorax', 'radiology', 'frontal', 'x_ray']","['radiology', 'thorax', 'x_ray']",True
file_0094935,PMC8831220_PAMJ-40-242-g001_undivided_1_1.webp,PMC8831220_02_PAMJ-40-242-g001.jpg,undivided,PMC8831220_02,CC BY,25858,plain chest X-ray shows the left diaphragmatic hernia (arrow).,[],radiology,x_ray,thorax,thorax,frontal,"['thorax', 'radiology', 'frontal', 'x_ray']","['radiology', 'thorax', 'x_ray']",True
file_0095105,PMC8864216_fped-09-738215-g0001_A_1_2.webp,PMC8864216_01_fped-09-738215-g0001.jpg,a,PMC8864216_01,CC BY,5862,(A) Chest X-ray image exhibiting increased bronchoalveolar infiltration over the right lung field.,['Figure 1A'],radiology,x_ray,thorax,thorax,frontal,"['thorax', 'radiology', 'frontal', 'x_ray']","['radiology', 'thorax', 'x_ray']",True
file_0095197,PMC8958450_autopsy-12-e2021362-g02_undivided_1_1.webp,PMC8958450_01_autopsy-12-e2021362-g02.jpg,undivided,PMC8958450_01,CC BY,12742,"Subsequent Chest X-ray, AP view, Significant increase in nodular airspace opacities bilaterally with associated small bilateral pleural effusions and persistent consolidation in the right upper lobe.",[],radiology,x_ray,thorax,thorax,frontal,"['thorax', 'radiology', 'frontal', 'x_ray']","['radiology', 'thorax', 'frontal', 'anteroposterior', 'x_ray', 'mass']",True
file_0095198,PMC8963484_fcimb-11-835946-g001_A_1_2.webp,PMC8963484_01_fcimb-11-835946-g001.jpg,a,PMC8963484_01,CC BY,6358,"Chest X-ray of the lungs from the acute phage of the two fatal cases. (A) Case 1. Acute phage of pneumonia revealed the texture of the two lungs as thickened and fuzzy, the light transmittance of the left lung is diffusely reduced, left diaphragm blurred, the light transmittance of the right lung unevenly reduced, patchy shadows shown in the right lung.",[],radiology,x_ray,thorax,thorax,frontal,"['thorax', 'radiology', 'frontal', 'x_ray']","['radiology', 'thorax', 'x_ray']",True
file_0095199,PMC8963484_fcimb-11-835946-g001_B_2_2.webp,PMC8963484_01_fcimb-11-835946-g001.jpg,b,PMC8963484_01,CC BY,10566,"Chest X-ray of the lungs from the acute phage of the two fatal cases. (B) Case 2. The lung light transmittance was unevenly reduced, and multiple high-density shadows and small air bubble emphysema were seen in both lungs. Part of the bronchiectasis and part of the cavity were irregular, especially in the middle lobe of the right lung.",['Figure 1B'],radiology,x_ray,thorax,thorax,frontal,"['thorax', 'radiology', 'frontal', 'x_ray']","['radiology', 'thorax', 'x_ray']",True
file_0095235,PMC9014116_tsaco-2022-000935f01_undivided_1_1.webp,PMC9014116_01_tsaco-2022-000935f01.jpg,undivided,PMC9014116_01,CC BY-NC,31882,Admission chest X-ray for patient #1 with stab wound to the left supraclavicular space.,['figure 1'],radiology,x_ray,thorax,thorax,frontal,"['thorax', 'radiology', 'frontal', 'x_ray']","['radiology', 'thorax', 'x_ray']",True
file_0095236,PMC9014116_tsaco-2022-000935f02_undivided_1_1.webp,PMC9014116_02_tsaco-2022-000935f02.jpg,undivided,PMC9014116_02,CC BY-NC,57014,Admission chest X-ray for patient #2 with gunshot wounds to the left anterior neck and left hemithorax.,['figure 2'],radiology,x_ray,thorax,thorax,frontal,"['thorax', 'radiology', 'frontal', 'x_ray']","['radiology', 'thorax', 'x_ray']",True
file_0095269,PMC9021672_f1000research-11-122669-g0002_undivided_1_1.webp,PMC9021672_01_f1000research-11-122669-g0002.jpg,undivided,PMC9021672_01,CC BY,14934,Chest radiograph at hospital admission.,['Figure 3'],radiology,x_ray,thorax,thorax,frontal,"['thorax', 'radiology', 'frontal', 'x_ray']","['radiology', 'thorax', 'x_ray']",True
file_0095271,PMC9021672_f1000research-11-122669-g0004_undivided_1_1.webp,PMC9021672_01_f1000research-11-122669-g0004.jpg,undivided,PMC9021672_01,CC BY,11034,Chest radiograph at hospital discharge.,['Figure 5'],radiology,x_ray,thorax,thorax,frontal,"['thorax', 'radiology', 'frontal', 'x_ray']","['radiology', 'thorax', 'x_ray']",True
file_0095410,PMC9033252_fped-10-852701-g0002_C_3_6.webp,PMC9033252_02_fped-10-852701-g0002.jpg,c,PMC9033252_02,CC BY,6224,"(C) Anteroposterior chest X-ray: small chest shape, short floating ribs, and irregular bilateral proximal humerus.",['Figure 2C'],radiology,x_ray,thorax,thorax,frontal,"['thorax', 'radiology', 'frontal', 'x_ray']","['radiology', 'x_ray']",True
file_0095568,PMC9035965_crg-0016-0148-g01_undivided_1_1.webp,PMC9035965_01_crg-0016-0148-g01.jpg,undivided,PMC9035965_01,CC BY-NC,21922,Chest X-ray obtained in ED demonstrating large left pleural effusion and moderate-to-large right pleural effusion.,['Fig. 1'],radiology,x_ray,thorax,thorax,frontal,"['thorax', 'radiology', 'frontal', 'x_ray']","['radiology', 'thorax', 'x_ray']",True
file_0095569,PMC9035965_crg-0016-0148-g03_undivided_1_1.webp,PMC9035965_01_crg-0016-0148-g03.jpg,undivided,PMC9035965_01,CC BY-NC,27852,Chest X-ray demonstrating loculated left pneumothorax with concern for trapped lung (arrows).,['Fig. 3'],radiology,x_ray,thorax,thorax,frontal,"['thorax', 'radiology', 'frontal', 'x_ray']","['radiology', 'thorax', 'x_ray']",True
file_0095616,PMC9039281_fmed-09-808205-g0001_A_1_2.webp,PMC9039281_01_fmed-09-808205-g0001.jpg,a,PMC9039281_01,CC BY,6556,The patients' chest X-ray on July 1st.,['Figure 1'],radiology,x_ray,thorax,thorax,frontal,"['thorax', 'radiology', 'frontal', 'x_ray']","['radiology', 'thorax', 'x_ray']",True
file_0095742,PMC9048080_gr1_undivided_1_1.webp,PMC9048080_01_gr1.jpg,undivided,PMC9048080_01,CC BY,20014,Chest radiograph demonstrating bilateral hilar adenopathy.,['Fig. 1'],radiology,x_ray,thorax,thorax,frontal,"['thorax', 'radiology', 'frontal', 'x_ray']","['radiology', 'thorax', 'x_ray']",True
file_0095746,PMC9048082_gr1_undivided_1_1.webp,PMC9048082_01_gr1.jpg,undivided,PMC9048082_01,CC BY,26948,Chest x-ray demonstrating bilateral calcifications and interstitial changes on initial workup.,[],radiology,x_ray,thorax,thorax,frontal,"['thorax', 'radiology', 'frontal', 'x_ray']","['radiology', 'thorax', 'x_ray']",True
file_0095801,PMC9053549_jbsr-106-1-2761-g1_undivided_1_1.webp,PMC9053549_01_jbsr-106-1-2761-g1.jpg,undivided,PMC9053549_01,CC BY,38074,Volume rendering 3D reformat of the airways showing complete obstruction of the non-visible left mainstem bronchus. The air visible in the left lung results from the aerated collapse of the left upper lobe. The left lower lobe suffered non-aerated collapse and thus is not visible.,['Figures 1'],radiology,x_ray,breast,breast,oblique,"['breast', 'radiology', 'oblique', 'x_ray', 'mammography']","['radiology', '3d']",True
file_0095858,PMC9061985_fimmu-13-863177-g001_A_1_2.webp,PMC9061985_01_fimmu-13-863177-g001.jpg,a,PMC9061985_01,CC BY,9578,(A) Chest X-ray revealing diffuse interstitial and airspace opacities.,['Figure 1'],radiology,x_ray,thorax,thorax,frontal,"['thorax', 'radiology', 'frontal', 'x_ray']","['radiology', 'thorax', 'x_ray', 'mass']",True
file_0095890,PMC9062898_JCIS-12-16-g001_a_1_1.webp,PMC9062898_01_JCIS-12-16-g001.jpg,a,PMC9062898_01,CC BY-NC-SA,19034,A 15-year-old boy was referred for a barium swallow investigation as part of a workup for chronic dysphagia and odynophagia. His symptoms commenced after the endoscopic removal of an impacted tablet several years earlier. (a) A lateral projection of the thorax demonstrates barium within the true lumen of the esophagus (white arrows) and a defect within the anterior esophageal mucosa through which there is the passage of barium into a false passage (black arrow); features consistent with an oesophageal dissection.,['Figures 1a-c'],radiology,x_ray,neck,neck,frontal,"['neck', 'radiology', 'frontal', 'x_ray']",[],True
file_0096554,PMC9083582_jvb-21-e20210189-g01-en_B_2_2.webp,PMC9083582_01_jvb-21-e20210189-g01-en.jpg,b,PMC9083582_01,CC BY,3422,Chest X-ray showing migration of the chemotherapy totally implantable venous access catheter to the hepatic vein. Explanatory Note: Arrows indicate that totally implantable venous catheter for chemotherapy migrated to hepatic vein.,[],radiology,x_ray,thorax,thorax,sagittal,"['thorax', 'radiology', 'sagittal', 'x_ray']","['radiology', 'x_ray']",True
file_0096557,PMC9083582_jvb-21-e20210189-g03-en_a_1_1.webp,PMC9083582_01_jvb-21-e20210189-g03-en.jpg,a,PMC9083582_01,CC BY,9006,"Chest X-ray taken after the procedure to remove the chemotherapy totally implantable venous access catheter that had migrated to the hepatic vein, showing the new port-a-cath fitted without complications. Explanatory Note: Arrows indicate that the new venous access port was implanted without complications; The posteroanterior (PA) chest view refers to the X-ray beams passing through the patient from posterior to anterior, with better evaluation of the structures closer to the ventral region.",['Figure 3'],radiology,x_ray,thorax,thorax,frontal,"['thorax', 'radiology', 'frontal', 'x_ray']","['radiology', 'frontal', 'posteroanterior', 'x_ray']",True
file_0096577,PMC9085217_fped-10-837568-g001_b_2_2.webp,PMC9085217_02_fped-10-837568-g001.jpg,b,PMC9085217_02,CC BY,14798,Arms. With associated oedema.,['Figure 1'],radiology,x_ray,upper_limb,elbow,sagittal,"['radiology', 'upper_limb', 'sagittal', 'elbow', 'x_ray']",[],True
file_0096959,PMC9108358_fimmu-13-887041-g001_A_1_5.webp,PMC9108358_01_fimmu-13-887041-g001.jpg,a,PMC9108358_01,CC BY,3748,"Imaging features of the patient with both systemic lupus erythematosus (SLE) and Sjogren's syndrome (SS) when she was 5 years old. The textures of both lungs were increased and blurred, and there were small patchy shadows (A).",['Figure 1A'],radiology,x_ray,thorax,thorax,frontal,"['thorax', 'radiology', 'frontal', 'x_ray']",[],True
file_0097036,PMC9113034_IMCRJ-15-239-g0001_undivided_1_1.webp,PMC9113034_01_IMCRJ-15-239-g0001.jpg,undivided,PMC9113034_01,CC BY-NC,14146,Initial CXR showing right pneumothorax. Right lung is collapsed and left paracardiac opacities are also present from the underlying lung disease.,[],radiology,x_ray,thorax,thorax,frontal,"['thorax', 'radiology', 'frontal', 'x_ray']","['radiology', 'thorax', 'x_ray', 'mass']",True
file_0097037,PMC9113034_IMCRJ-15-239-g0002_undivided_1_1.webp,PMC9113034_01_IMCRJ-15-239-g0002.jpg,undivided,PMC9113034_01,CC BY-NC,15494,"Follow-up CXR after a few hours of chest tube insertion and drainage. Note the expanding but still opacified right lung despite decreasing pneumothorax, and worsening opacities noted in the left lung compared with the previous imaging demonstrating bilateral involvement of the pulmonary edema.",['Figure 2'],radiology,x_ray,thorax,thorax,frontal,"['thorax', 'radiology', 'frontal', 'x_ray']","['radiology', 'thorax', 'x_ray', 'mass']",True
file_0097098,PMC9117717_fgene-13-870192-g001_E_5_12.webp,PMC9117717_01_fgene-13-870192-g001.jpg,e,PMC9117717_01,CC BY,6158,Small pigmented macules with skin sclerosis. Mild lymphedema of the lower limbs.,"['Figures 1E,F']",radiology,x_ray,upper_limb,elbow,frontal,"['radiology', 'upper_limb', 'frontal', 'elbow', 'x_ray']",[],True
file_0097120,PMC9120596_fcvm-09-822150-g0002_A_1_4.webp,PMC9120596_01_fcvm-09-822150-g0002.jpg,a,PMC9120596_01,CC BY,4002,Image of case 1 (Figure 1:II-6). (A) Chest X-ray showed congestion with a cardiothoracic ratio of 80.,[],radiology,x_ray,thorax,thorax,frontal,"['thorax', 'radiology', 'frontal', 'x_ray']","['radiology', 'thorax', 'x_ray']",True
file_0097470,PMC9146591_PAMJ-41-195-g002_A_1_2.webp,PMC9146591_02_PAMJ-41-195-g002.jpg,a,PMC9146591_02,CC BY,14414,Chest X-ray showing radiolucent gastric bubble over the left side.,['Figure 2A'],radiology,x_ray,thorax,thorax,frontal,"['thorax', 'radiology', 'frontal', 'x_ray']","['radiology', 'x_ray']",True
file_0097751,PMC9194088_fsurg-09-861797-g001_D_4_6.webp,PMC9194088_01_fsurg-09-861797-g001.jpg,d,PMC9194088_01,CC BY,7008,Imaging and pathological data of the patient. (D) X-ray of the chest on the first postoperative day showing exudative changes in both lungs.,['Figure 1D'],radiology,x_ray,thorax,thorax,frontal,"['thorax', 'radiology', 'frontal', 'x_ray']","['radiology', 'thorax', 'x_ray']",True
file_0097782,PMC9195066_jchimp-12-02-045f1_undivided_1_1.webp,PMC9195066_01_jchimp-12-02-045f1.jpg,undivided,PMC9195066_01,CC BY-NC,6296,Chest X ray showing bibasilar opacities.,[],radiology,x_ray,thorax,thorax,frontal,"['thorax', 'radiology', 'frontal', 'x_ray']",[],True
file_0097786,PMC9195080_jchimp-12-03-061f1_undivided_1_1.webp,PMC9195080_01_jchimp-12-03-061f1.jpg,undivided,PMC9195080_01,CC BY-NC,19548,Chest x-ray demonstrating hyperinflated lungs despite intubation.,['Fig. 1'],radiology,x_ray,thorax,thorax,frontal,"['thorax', 'radiology', 'frontal', 'x_ray']","['radiology', 'thorax', 'x_ray']",True
file_0097787,PMC9195080_jchimp-12-03-061f2_undivided_1_1.webp,PMC9195080_01_jchimp-12-03-061f2.jpg,undivided,PMC9195080_01,CC BY-NC,17844,"Chest x-ray demonstrating worsening of pulmonary inflation despite mechanical ventilation and treatment to bronchoconstriction, with possible pneumomediastinum.",[],radiology,x_ray,thorax,thorax,frontal,"['thorax', 'radiology', 'frontal', 'x_ray']","['radiology', 'thorax', 'x_ray']",True
file_0097789,PMC9195080_jchimp-12-03-061f4_undivided_1_1.webp,PMC9195080_01_jchimp-12-03-061f4.jpg,undivided,PMC9195080_01,CC BY-NC,18354,"A chest x-ray obtained after the patient's recovery, demonstrating atelectasis and possible consolidation after prolonged invasive mechanical ventilation.",['Fig. 4'],radiology,x_ray,thorax,thorax,frontal,"['thorax', 'radiology', 'frontal', 'x_ray']","['radiology', 'thorax', 'x_ray']",True
file_0097821,PMC9196837_ZECR_A_2086359_F0001_B_a_1_3.webp,PMC9196837_01_ZECR_A_2086359_F0001_B.jpg,a,PMC9196837_01,CC BY-NC,4250,"Chest CT and x-ray during first admission to Pulmonary Department. Chest x-ray depicting right upper lobe (RUL) cavity, retractile findings, and bilateral lung volume loss (a).",['Figure 1A'],radiology,x_ray,thorax,thorax,frontal,"['thorax', 'radiology', 'frontal', 'x_ray']",['radiology'],True
file_0097935,PMC9201408_f1000research-10-133791-g0001_undivided_1_1.webp,PMC9201408_01_f1000research-10-133791-g0001.jpg,undivided,PMC9201408_01,CC BY,27494,Radiological examination by posteroanterior chest X-ray did not show any abnormality.,[],radiology,x_ray,thorax,thorax,frontal,"['thorax', 'radiology', 'frontal', 'x_ray']","['radiology', 'thorax', 'frontal', 'posteroanterior', 'x_ray']",True
file_0098079,PMC9208636_IMCRJ-15-299-g0001_undivided_1_1.webp,PMC9208636_01_IMCRJ-15-299-g0001.jpg,undivided,PMC9208636_01,CC BY-NC,23918,Chest X-ray indicated bilateral pulmonary inflammation and pleural effusion.,['Figure 1'],radiology,x_ray,thorax,thorax,frontal,"['thorax', 'radiology', 'frontal', 'x_ray']","['radiology', 'thorax', 'x_ray']",True
file_0098123,PMC9210193_SAJR-26-2385-g001_c_3_3.webp,PMC9210193_01_SAJR-26-2385-g001.jpg,c,PMC9210193_01,CC BY,7228,The frontal chest radiograph (c) indicates displacement of the right paraspinal stripe (thin arrows) and a retrocardiac opacity (thick arrow) indenting (curved arrow) the gastric fundus (asterisk).,['Figure 1c'],radiology,x_ray,thorax,thorax,frontal,"['thorax', 'radiology', 'frontal', 'x_ray']","['radiology', 'x_ray', 'mass']",True
file_0098312,PMC9234165_fmed-09-893968-g001_undivided_1_1.webp,PMC9234165_01_fmed-09-893968-g001.jpg,undivided,PMC9234165_01,CC BY,22392,Chest X-ray shows dextrocardia in this patient with situs inversus.,['Figure 1'],radiology,x_ray,thorax,thorax,frontal,"['thorax', 'radiology', 'frontal', 'x_ray']","['radiology', 'thorax', 'x_ray']",True
file_0098323,PMC9234257_fmed-09-917050-g0003_undivided_1_1.webp,PMC9234257_01_fmed-09-917050-g0003.jpg,undivided,PMC9234257_01,CC BY,18470,"Chest radiography. The cardio-thoracic proportion of 0.47, elevating dexter diaphragm.",['Figure 3'],radiology,x_ray,thorax,thorax,frontal,"['thorax', 'radiology', 'frontal', 'x_ray']","['radiology', 'thorax', 'x_ray']",True
file_0098359,PMC9235427_JCIS-12-30-g002_undivided_1_1.webp,PMC9235427_01_JCIS-12-30-g002.jpg,undivided,PMC9235427_01,CC BY-NC-SA,15386,"A 1-year-7-months-old infant with multiple organ tuberculomas who presented with shortness of breath, lumps in the neck and weakness on in both legs and right hand. Anteroposterior projection of chest radiograph showed soft tissue density with unclear margin at left lung field (black arrow). There was also obscuration of the left costo-phrenicus angle.",['Figure 2'],radiology,x_ray,thorax,thorax,frontal,"['thorax', 'radiology', 'frontal', 'x_ray']","['radiology', 'frontal', 'anteroposterior', 'x_ray']",True
file_0098404,PMC9238202_jksr-83-212-g001_A_1_5.webp,PMC9238202_01_jksr-83-212-g001.jpg,a,PMC9238202_01,CC BY-NC,12234,"Images of a thymic epidermoid cyst in a 37-year-old female. . A. Posteroanterior chest radiograph shows consolidation in the left lower lung area, suggesting pneumonia. The lateral chest radiograph (left) shows a suspicious nodular opacity in the anterior mediastinum (arrow).",['Fig. 1A'],radiology,x_ray,thorax,thorax,frontal,"['thorax', 'radiology', 'frontal', 'x_ray']","['radiology', 'thorax', 'frontal', 'posteroanterior', 'x_ray', 'mass']",True
file_0098571,PMC10468596_fonc-13-1230074-g002_A_1_2.webp,PMC10468596_01_fonc-13-1230074-g002.jpg,a,PMC10468596_01,CC BY,7270,"(A) At the time of second surgery, no pulmonary lesion was detected on radiography.",['Figure 2A'],radiology,x_ray,thorax,thorax,frontal,"['thorax', 'radiology', 'frontal', 'x_ray']","['radiology', 'x_ray']",True
file_0098572,PMC10468596_fonc-13-1230074-g002_B_2_2.webp,PMC10468596_01_fonc-13-1230074-g002.jpg,b,PMC10468596_01,CC BY,7546,"(B) Three years after the second surgery, radiography showed multiple lung nodules.",['Figure 2B'],radiology,x_ray,thorax,thorax,frontal,"['thorax', 'radiology', 'frontal', 'x_ray']","['radiology', 'x_ray', 'mass']",True
file_0098580,PMC10469619_fcvm-10-1218158-g002_B_2_2.webp,PMC10469619_01_fcvm-10-1218158-g002.jpg,b,PMC10469619_01,CC BY,6620,"(B) Aortography after TEVAR revealed complete closure of PDA without any endoleaks. PDA, patent ductus arteriosus; TEVAR, thoracic endovascular aortic repair.",['Figure 2'],radiology,x_ray,thorax,thorax,sagittal,"['thorax', 'radiology', 'sagittal', 'x_ray']",[],True
file_0099001,PMC10485611_fped-11-1201999-g001_A_1_6.webp,PMC10485611_01_fped-11-1201999-g001.jpg,a,PMC10485611_01,CC BY,5902,Abnormal imaging of the proband. (A) X-ray of the proband showing a short chest and distorted and fused ribs.,['Figure S1'],radiology,x_ray,pelvis,pelvis,frontal,"['pelvis', 'radiology', 'frontal', 'x_ray']",[],True
file_0099006,PMC10485611_fped-11-1201999-g001_F_6_6.webp,PMC10485611_01_fped-11-1201999-g001.jpg,f,PMC10485611_01,CC BY,3840,Abnormal imaging of the proband. (F) Chest x-ray showing mild scoliosis at the age of 11 months.,"['Figure 1F', 'Figure S1']",radiology,x_ray,thorax,thorax,frontal,"['thorax', 'radiology', 'frontal', 'x_ray']","['radiology', 'thorax', 'x_ray']",True
file_0099047,PMC10492604_ABR-12-179-g001_undivided_1_1.webp,PMC10492604_01_ABR-12-179-g001.jpg,undivided,PMC10492604_01,CC BY-NC-SA,28980,The chest X-ray showing multiple round masses.,['Figure 1'],radiology,x_ray,thorax,thorax,frontal,"['thorax', 'radiology', 'frontal', 'x_ray']","['radiology', 'thorax', 'x_ray']",True
file_0099215,PMC10502300_fphar-14-1203379-g004_A_1_3.webp,PMC10502300_01_fphar-14-1203379-g004.jpg,a,PMC10502300_01,CC BY,4642,Chest X-ray images.,['Figure 4'],radiology,x_ray,thorax,thorax,frontal,"['thorax', 'radiology', 'frontal', 'x_ray']","['radiology', 'thorax', 'x_ray']",True
file_0099216,PMC10502300_fphar-14-1203379-g004_B_2_3.webp,PMC10502300_01_fphar-14-1203379-g004.jpg,b,PMC10502300_01,CC BY,4474,Chest X-ray images. Chest X-ray on July 10.,['Figure 4'],radiology,x_ray,thorax,thorax,frontal,"['thorax', 'radiology', 'frontal', 'x_ray']","['radiology', 'thorax', 'x_ray']",True
file_0099217,PMC10502300_fphar-14-1203379-g004_C_3_3.webp,PMC10502300_01_fphar-14-1203379-g004.jpg,c,PMC10502300_01,CC BY,4178,"Chest X-ray images. Chest X-ray on October 23. Chest X-ray on December 10. Even after he stopped taking diuretic from July 27, the chest X-ray findings above show decrease of pleural effusion.",['Figure 4'],radiology,x_ray,thorax,thorax,frontal,"['thorax', 'radiology', 'frontal', 'x_ray']","['radiology', 'thorax', 'x_ray']",True
file_0099256,PMC10505427_IDR-16-6185-g0004_a_1_3.webp,PMC10505427_01_IDR-16-6185-g0004.jpg,a,PMC10505427_01,CC BY-NC,3652,"The chest X-ray films of the patient during PJP treatment. On day 11, bilateral lung texture increased, and ,blurred, and ,scattered patchy shadows (red arrow) in the left middle, and ,lower lobe plus right lower lobe 7 days after oral sulfamethoxazole-trimethoprim (TMP-SMX) treatment.",['Figure 4a'],radiology,x_ray,thorax,thorax,frontal,"['thorax', 'radiology', 'frontal', 'x_ray']","['radiology', 'thorax', 'x_ray']",True
file_0099257,PMC10505427_IDR-16-6185-g0004_b_2_3.webp,PMC10505427_01_IDR-16-6185-g0004.jpg,b,PMC10505427_01,CC BY-NC,4840,"The chest X-ray films of the patient during PJP treatment. On day 16, patchy shadows of bilateral lung (red arrow) were not changed 12 days after oral TMP-SMX treatment.",['Figure 4b'],radiology,x_ray,thorax,thorax,frontal,"['thorax', 'radiology', 'frontal', 'x_ray']","['radiology', 'thorax', 'x_ray']",True
file_0099258,PMC10505427_IDR-16-6185-g0004_c_3_3.webp,PMC10505427_01_IDR-16-6185-g0004.jpg,c,PMC10505427_01,CC BY-NC,4104,"The chest X-ray films of the patient during PJP treatment. On day 17, patchy shadows of bilateral lung (red arrow) were absorbed 2 days after intravenous TMP-SMX treatment.",['Figure 4c'],radiology,x_ray,thorax,thorax,frontal,"['thorax', 'radiology', 'frontal', 'x_ray']","['radiology', 'thorax', 'x_ray']",True
file_0099346,PMC10508278_IMCRJ-16-551-g0002_undivided_1_1.webp,PMC10508278_01_IMCRJ-16-551-g0002.jpg,undivided,PMC10508278_01,CC BY-NC,12466,"Admission chest radiograph demonstrating interstitial lesions, parenchymal consolidation of the lower two thirds of the lungs, and moderate right pleural effusion.",['Figure 2'],radiology,x_ray,thorax,thorax,frontal,"['thorax', 'radiology', 'frontal', 'x_ray']","['radiology', 'thorax', 'x_ray', 'mass']",True
file_0099352,PMC10508278_IMCRJ-16-551-g0008_undivided_1_1.webp,PMC10508278_01_IMCRJ-16-551-g0008.jpg,undivided,PMC10508278_01,CC BY-NC,22124,"Chest radiograph before discharge, demonstrating enlargement of the cardiac silhouette.",['Figure 8'],radiology,x_ray,thorax,thorax,frontal,"['thorax', 'radiology', 'frontal', 'x_ray']","['radiology', 'thorax', 'x_ray']",True
file_0099394,PMC10513049_fped-11-1241273-g002_undivided_1_1.webp,PMC10513049_01_fped-11-1241273-g002.jpg,undivided,PMC10513049_01,CC BY,3720,Intraoperative x-ray chest showed an ARDS syndrome.,['Figure 2'],radiology,x_ray,thorax,thorax,frontal,"['thorax', 'radiology', 'frontal', 'x_ray']","['radiology', 'thorax', 'x_ray']",True
file_0099415,PMC10514492_fped-11-1252660-g001_undivided_1_1.webp,PMC10514492_01_fped-11-1252660-g001.jpg,undivided,PMC10514492_01,CC BY,47840,Chest and abdominal radiographs obtained post-orogastric tube insertion demonstrated a coiled orogastric tube (indicated by the yellow arrow) and the double bubble sign (indicated by the orange arrow).,['Figure 1'],radiology,x_ray,abdomen,abdomen,frontal,"['abdomen', 'radiology', 'frontal', 'x_ray']","['radiology', 'x_ray']",True
file_0099563,PMC10521064_f1000research-12-155070-g0000_undivided_1_1.webp,PMC10521064_01_f1000research-12-155070-g0000.jpg,undivided,PMC10521064_01,CC BY,16136,Chest X-ray showing a retractile opacity in the right chest with hilar enlargement.,[],radiology,x_ray,thorax,thorax,frontal,"['thorax', 'radiology', 'frontal', 'x_ray']","['radiology', 'thorax', 'x_ray', 'mass']",True
file_0099694,PMC10535103_fcvm-10-1233873-g001_A_1_4.webp,PMC10535103_01_fcvm-10-1233873-g001.jpg,a,PMC10535103_01,CC BY,8294,Preoperative chest radiography. Revealed the partially enlarged heart shadow.,['Figure 1A'],radiology,x_ray,thorax,thorax,frontal,"['thorax', 'radiology', 'frontal', 'x_ray']","['radiology', 'thorax', 'x_ray']",True
file_0099719,PMC10536161_fimmu-14-1249878-g001_undivided_1_1.webp,PMC10536161_01_fimmu-14-1249878-g001.jpg,undivided,PMC10536161_01,CC BY,67416,Bedside chest radiography. Diffuse infectious foci in both lungs with a slight bilateral pleural effusion.,['Figure 1'],radiology,x_ray,thorax,thorax,frontal,"['thorax', 'radiology', 'frontal', 'x_ray']","['radiology', 'thorax', 'x_ray', 'mass']",True
file_0099838,PMC10541074_CHSJ-49-01-134-fig1_undivided_1_1.webp,PMC10541074_01_CHSJ-49-01-134-fig1.jpg,undivided,PMC10541074_01,CC BY-NC-SA,47780,Chest X-Ray.,[],radiology,x_ray,thorax,thorax,sagittal,"['thorax', 'radiology', 'sagittal', 'x_ray']","['radiology', 'thorax', 'x_ray']",True
file_0099969,PMC10544144_IMCRJ-16-617-g0003_B_2_4.webp,PMC10544144_02_IMCRJ-16-617-g0003.jpg,b,PMC10544144_02,CC BY-NC,8630,"Clinical course of the 76-Year-Old Patient with Scrub Typhus. (B) Result of bedside chest x-ray (CXR), the red circle demonstrated multiple patchy exudations in bilateral lungs.",['Figure 3B and C'],radiology,x_ray,thorax,thorax,frontal,"['thorax', 'radiology', 'frontal', 'x_ray']","['radiology', 'thorax', 'x_ray']",True
file_0100013,PMC10546056_fmed-10-1212580-g001_B_2_6.webp,PMC10546056_01_fmed-10-1212580-g001.jpg,b,PMC10546056_01,CC BY,3664,"(B,C) Lumbar radiographs (anteroposterior and lateral views) showing multilevel narrowing of the thoracic and lumbar intervertebral spaces and lumbar spondylolisthesis, with osteophytosis, calcification, and subchondral osteosclerosis.","['Figures 1B, C']",radiology,x_ray,abdomen,abdomen,sagittal,"['abdomen', 'radiology', 'sagittal', 'x_ray']","['radiology', 'sagittal', 'x_ray']",True
file_0100014,PMC10546056_fmed-10-1212580-g001_C_3_6.webp,PMC10546056_01_fmed-10-1212580-g001.jpg,c,PMC10546056_01,CC BY,4012,"(B,C) Lumbar radiographs (anteroposterior and lateral views) showing multilevel narrowing of the thoracic and lumbar intervertebral spaces and lumbar spondylolisthesis, with osteophytosis, calcification, and subchondral osteosclerosis.","['Figures 1B, C']",radiology,x_ray,abdomen,abdomen,sagittal,"['abdomen', 'radiology', 'sagittal', 'x_ray']","['radiology', 'sagittal', 'x_ray']",True
file_0100054,PMC10546231_SAJR-27-2730-g003_undivided_1_1.webp,PMC10546231_01_SAJR-27-2730-g003.jpg,undivided,PMC10546231_01,CC BY,27350,The chest radiograph (CHR) reveals the extensive bizarre breast calcifications with contrasting insignificant pulmonary changes.,['Figure 3'],radiology,x_ray,thorax,thorax,frontal,"['thorax', 'radiology', 'frontal', 'x_ray']","['radiology', 'x_ray']",True
file_0100069,PMC10546250_SAJR-27-2725-g001_undivided_1_1.webp,PMC10546250_01_SAJR-27-2725-g001.jpg,undivided,PMC10546250_01,CC BY,6094,"Chest radiograph of a 12-year-old female, shows bilateral air space opacities with few cystic lucencies in the right perihilar region (black arrow).",['Figure 1'],radiology,x_ray,thorax,thorax,frontal,"['thorax', 'radiology', 'frontal', 'x_ray']","['radiology', 'thorax', 'x_ray', 'mass']",True
file_0100070,PMC10546250_SAJR-27-2725-g002_a_1_6.webp,PMC10546250_01_SAJR-27-2725-g002.jpg,a,PMC10546250_01,CC BY,5212,"Chest radiography (CXR) (a) shows bilateral patchy lung opacities with multiple cystic lucencies (black arrows), subcutaneous emphysema (white arrow) and pneumomediastinum (arrowhead).",['Figure 2'],radiology,x_ray,thorax,thorax,frontal,"['thorax', 'radiology', 'frontal', 'x_ray']","['radiology', 'thorax', 'x_ray', 'mass']",True
file_0100075,PMC10546250_SAJR-27-2725-g002_f_6_6.webp,PMC10546250_01_SAJR-27-2725-g002.jpg,f,PMC10546250_01,CC BY,5266,(f) Follow-up CXR (after 5 months) appeared normal.,['Figure 2'],radiology,x_ray,thorax,thorax,frontal,"['thorax', 'radiology', 'frontal', 'x_ray']","['radiology', 'thorax', 'x_ray']",True
file_0100076,PMC10546250_SAJR-27-2725-g003_a_1_5.webp,PMC10546250_02_SAJR-27-2725-g003.jpg,a,PMC10546250_02,CC BY,5380,A 7-year-old boy with disseminated TB on antitubercular therapy. Chest radiography (CXR) (a) shows a loculated left pneumothorax (arrow) and cystic lucencies in both lungs.,['Figure 3'],radiology,x_ray,thorax,thorax,frontal,"['thorax', 'radiology', 'frontal', 'x_ray']","['radiology', 'thorax', 'x_ray']",True
file_0100088,PMC10546250_SAJR-27-2725-g007_undivided_1_1.webp,PMC10546250_05_SAJR-27-2725-g007.jpg,undivided,PMC10546250_05,CC BY,5294,"An 18-month-old male, follow-up case of disseminated multidrug resistant (MDR) TB on MDR regime. Chest radiography shows multiple cystic lucencies, ill-defined opacities in both lungs and a right pneumothorax with an intercostal drainage tube in situ (arrow).",['Figure 7'],radiology,x_ray,thorax,thorax,frontal,"['thorax', 'radiology', 'frontal', 'x_ray']","['radiology', 'thorax', 'x_ray', 'mass']",True
file_0100181,PMC10547600_CCID-16-2737-g0002_B_2_4.webp,PMC10547600_01_CCID-16-2737-g0002.jpg,b,PMC10547600_01,CC BY-NC,9264,"Electrocardiogram (ECG), Chest x-ray, and Echocardiography of our Carvajal syndrome patient with novel variants in the desmoplakin gene. Chest x-ray showing dilated heart, and ,increased cardiothoracic ratio.",['Figure 2B'],radiology,x_ray,thorax,thorax,frontal,"['thorax', 'radiology', 'frontal', 'x_ray']",[],True
file_0100194,PMC10547894_fonc-13-1260844-g003_A_1_4.webp,PMC10547894_01_fonc-13-1260844-g003.jpg,a,PMC10547894_01,CC BY,7128,Radiographic images showing extensive pulmonary masses on chest X-ray.,['Figure 3'],radiology,x_ray,thorax,thorax,frontal,"['thorax', 'radiology', 'frontal', 'x_ray']","['radiology', 'thorax', 'x_ray']",True
file_0100212,PMC10548549_EMIDDT-23-1562_F1_undivided_1_1.webp,PMC10548549_01_EMIDDT-23-1562_F1.jpg,undivided,PMC10548549_01,CC BY,15152,Chest X-ray showing a well-demarcated homogeneous space-occupying lesion. Trachea is central. The right principal bronchus is not well defined. Cardiomediastinal shadow is lightly pushed on left side.,[],radiology,x_ray,thorax,thorax,frontal,"['thorax', 'radiology', 'frontal', 'x_ray']","['radiology', 'thorax', 'x_ray', 'mass']",True
file_0100220,PMC10548549_EMIDDT-23-1562_F5_undivided_1_1.webp,PMC10548549_01_EMIDDT-23-1562_F5.jpg,undivided,PMC10548549_01,CC BY,18524,Chest X-ray after resection (1 month).,['Fig. 5'],radiology,x_ray,thorax,thorax,frontal,"['thorax', 'radiology', 'frontal', 'x_ray']","['radiology', 'thorax', 'x_ray']",True
file_0100762,PMC10568310_fped-11-1136647-g001_A_1_2.webp,PMC10568310_01_fped-11-1136647-g001.jpg,a,PMC10568310_01,CC BY,17104,Thoracic CT scan. Pre-intervention.,['Figure 1'],radiology,x_ray,thorax,thorax,oblique,"['thorax', 'radiology', 'oblique', 'x_ray']",[],True
file_0100815,PMC10570445_fcvm-10-1211365-g003_B_2_2.webp,PMC10570445_01_fcvm-10-1211365-g003.jpg,b,PMC10570445_01,CC BY,6680,(B) Chest x-ray of the patient after Aeson TAH implantation.,['Figure 3'],radiology,x_ray,thorax,thorax,frontal,"['thorax', 'radiology', 'frontal', 'x_ray']","['radiology', 'thorax', 'x_ray']",True
file_0100899,PMC10576464_IDR-16-6629-g0001_A_1_12.webp,PMC10576464_01_IDR-16-6629-g0001.jpg,a,PMC10576464_01,CC BY-NC,3724,"Chest X-ray and computed tomography of the upper, middle, and lower lungs, before the start of amikacin liposome inhalation suspension (ALIS) therapy.",['Figure 1A-D'],radiology,x_ray,thorax,thorax,frontal,"['thorax', 'radiology', 'frontal', 'x_ray']",['radiology'],True
file_0100900,PMC10576464_IDR-16-6629-g0001_B_2_12.webp,PMC10576464_01_IDR-16-6629-g0001.jpg,b,PMC10576464_01,CC BY-NC,3862,"Chest X-ray and computed tomography of the upper, middle, and lower lungs, before the start of amikacin liposome inhalation suspension (ALIS) therapy.",['Figure 1A-D'],radiology,x_ray,thorax,thorax,frontal,"['thorax', 'radiology', 'frontal', 'x_ray']",['radiology'],True
file_0100901,PMC10576464_IDR-16-6629-g0001_C_3_12.webp,PMC10576464_01_IDR-16-6629-g0001.jpg,c,PMC10576464_01,CC BY-NC,3602,"Chest X-ray and computed tomography of the upper, middle, and lower lungs, before the start of amikacin liposome inhalation suspension (ALIS) therapy.",['Figure 1A-D'],radiology,x_ray,thorax,thorax,frontal,"['thorax', 'radiology', 'frontal', 'x_ray']",['radiology'],True
file_0100934,PMC10577281_fimmu-14-1226148-g002_B_2_3.webp,PMC10577281_01_fimmu-14-1226148-g002.jpg,b,PMC10577281_01,CC BY,2792,"CMV reactivation. (B), The image of chest X-ray showed prominent interstitial infiltration.",['Figure 2B'],radiology,x_ray,thorax,thorax,frontal,"['thorax', 'radiology', 'frontal', 'x_ray']","['radiology', 'thorax', 'x_ray']",True
file_0100965,PMC10578172_IMCRJ-16-679-g0001_undivided_1_1.webp,PMC10578172_01_IMCRJ-16-679-g0001.jpg,undivided,PMC10578172_01,CC BY-NC,24894,CXR image. Diffuse bilateral fine reticular interstitial densities. Peribronchial thickenings. Enlarged heart. No discrete consolidation.,['Figure 1'],radiology,x_ray,thorax,thorax,frontal,"['thorax', 'radiology', 'frontal', 'x_ray']","['radiology', 'thorax', 'x_ray']",True
file_0100978,PMC10578367_luac013f1_B_1_2.webp,PMC10578367_01_luac013f1.jpg,b,PMC10578367_01,CC BY,4474,"Chest A, x-ray and B, computed tomography (CT) scan. B, CT scan images showed that tumor was non-homogeneously enhanced by the contrast material.",['Fig. 1B'],radiology,x_ray,thorax,thorax,frontal,"['thorax', 'radiology', 'frontal', 'x_ray']",['radiology'],True
file_0101065,PMC10583601_bjvm-45-e000423-g06_A_1_3.webp,PMC10583601_01_bjvm-45-e000423-g06.jpg,a,PMC10583601_01,CC BY,8646,"Thoracic radiographs, post-surgical staging (27 days). Ventrodorsal view (VD - ventro-dorsal).",['Figure 6'],radiology,x_ray,thorax,thorax,frontal,"['thorax', 'radiology', 'frontal', 'x_ray']","['radiology', 'thorax', 'x_ray']",True
file_0101066,PMC10583601_bjvm-45-e000423-g06_B_2_3.webp,PMC10583601_01_bjvm-45-e000423-g06.jpg,b,PMC10583601_01,CC BY,5856,"Thoracic radiographs, post-surgical staging (27 days). Right lateral view (LLD - latero-lateral direita).",['Figure 6'],radiology,x_ray,thorax,thorax,sagittal,"['thorax', 'radiology', 'sagittal', 'x_ray']","['radiology', 'thorax', 'sagittal', 'x_ray']",True
file_0101067,PMC10583601_bjvm-45-e000423-g06_C_3_3.webp,PMC10583601_01_bjvm-45-e000423-g06.jpg,c,PMC10583601_01,CC BY,6240,"Thoracic radiographs, post-surgical staging (27 days). Left lateral view (LLE - latero-lateral esquerda), showing no evidence of metastasis.",['Figure 6'],radiology,x_ray,thorax,thorax,sagittal,"['thorax', 'radiology', 'sagittal', 'x_ray']","['radiology', 'thorax', 'sagittal', 'x_ray']",True
file_0101145,PMC10589018_jchim-13-04-053f1_A_1_1.webp,PMC10589018_01_jchim-13-04-053f1.jpg,a,PMC10589018_01,CC BY-NC,8782,A: Initial Chest X-Ray normal finndings B: Repeat Chest X-Ray showed Bilateral Alveolar infiltrates.,[],radiology,x_ray,thorax,thorax,frontal,"['thorax', 'radiology', 'frontal', 'x_ray']","['radiology', 'thorax', 'x_ray']",True
file_0101148,PMC10589020_jchim-13-04-042f1_undivided_1_1.webp,PMC10589020_01_jchim-13-04-042f1.jpg,undivided,PMC10589020_01,CC BY-NC,18428,Admission CXR.,['Fig. 1'],radiology,x_ray,thorax,thorax,frontal,"['thorax', 'radiology', 'frontal', 'x_ray']","['radiology', 'thorax', 'x_ray']",True
file_0101158,PMC10589027_jchim-13-04-074f1_undivided_1_1.webp,PMC10589027_02_jchim-13-04-074f1.jpg,undivided,PMC10589027_02,CC BY-NC,17922,Chest x-ray showing mild interstitial prominence at the lung bases.,['Fig. 1'],radiology,x_ray,thorax,thorax,frontal,"['thorax', 'radiology', 'frontal', 'x_ray']","['radiology', 'thorax', 'x_ray']",True
file_0101165,PMC10589042_jchim-13-05-101f1_undivided_1_1.webp,PMC10589042_01_jchim-13-05-101f1.jpg,undivided,PMC10589042_01,CC BY-NC,28700,Initial CXR 3 months prior to presentation showed right upper lung opacities consistent with pneumonia.,['Fig. 1'],radiology,x_ray,thorax,thorax,frontal,"['thorax', 'radiology', 'frontal', 'x_ray']","['radiology', 'thorax', 'x_ray', 'mass']",True
file_0101166,PMC10589042_jchim-13-05-101f2_undivided_1_1.webp,PMC10589042_01_jchim-13-05-101f2.jpg,undivided,PMC10589042_01,CC BY-NC,45424,CXR at this presentation showed migratory right upper and middle lung opacities in a peripheral distribution.,[],radiology,x_ray,thorax,thorax,frontal,"['thorax', 'radiology', 'frontal', 'x_ray']","['radiology', 'thorax', 'x_ray', 'mass']",True
file_0101175,PMC10589413_PAMJ-45-154-g002_undivided_1_1.webp,PMC10589413_01_PAMJ-45-154-g002.jpg,undivided,PMC10589413_01,CC BY,19992,chest X-ray showing right aortic arch.,['Figure 2'],radiology,x_ray,thorax,thorax,frontal,"['thorax', 'radiology', 'frontal', 'x_ray']","['radiology', 'thorax', 'x_ray']",True
file_0101269,PMC10597659_fcvm-10-1218582-g002_undivided_1_1.webp,PMC10597659_01_fcvm-10-1218582-g002.jpg,undivided,PMC10597659_01,CC BY,6486,Angiography shows brisk contrast extravasation into the pulmonary artery space.,['Figure 2'],radiology,x_ray,thorax,thorax,oblique,"['thorax', 'radiology', 'oblique', 'x_ray']","['radiology', 'contrast', 'angiography']",True
file_0101275,PMC10598042_gr1_undivided_1_1.webp,PMC10598042_01_gr1.jpg,undivided,PMC10598042_01,CC BY,13770,Evidence of peribronchial cuffing and hilar congestion at the Chest X-Ray.,[],radiology,x_ray,thorax,thorax,frontal,"['thorax', 'radiology', 'frontal', 'x_ray']","['radiology', 'thorax', 'x_ray']",True
file_0101497,PMC10601740_cro-2023-0016-0001-531592_F02_undivided_1_1.webp,PMC10601740_01_cro-2023-0016-0001-531592_F02.jpg,undivided,PMC10601740_01,CC BY-NC,33458,"Chest X-ray showing right-sided pleural effusion, extensive lung consolidation, and patchy ground glass on the right side with air bronchograms throughout the right lower lobe.",['Fig. 2'],radiology,x_ray,thorax,thorax,frontal,"['thorax', 'radiology', 'frontal', 'x_ray']","['radiology', 'thorax', 'x_ray']",True
file_0101520,PMC10601756_cro-2023-0016-0001-533440_F01_undivided_1_1.webp,PMC10601756_01_cro-2023-0016-0001-533440_F01.jpg,undivided,PMC10601756_01,CC BY-NC,17470,"Chest X-ray: Pulmonary patterns in the left lung field have disappeared, and the left diaphragm has been pushed down. This is considered to be a finding of severe lung collapse.",['Fig. 1'],radiology,x_ray,thorax,thorax,frontal,"['thorax', 'radiology', 'frontal', 'x_ray']","['radiology', 'thorax', 'x_ray']",True
file_0101602,PMC10601786_cro-2023-0016-0001-533893_F01_a_1_2.webp,PMC10601786_01_cro-2023-0016-0001-533893_F01.jpg,a,PMC10601786_01,CC BY-NC,13012,A; Chest X-ray shows atelectasis of the right lower lung.,['Fig. 1a'],radiology,x_ray,thorax,thorax,frontal,"['thorax', 'radiology', 'frontal', 'x_ray']","['radiology', 'thorax', 'x_ray']",True
file_0101603,PMC10601786_cro-2023-0016-0001-533893_F01_b_2_2.webp,PMC10601786_01_cro-2023-0016-0001-533893_F01.jpg,b,PMC10601786_01,CC BY-NC,9918,B; Chest X-ray shows that the atelectasis disappears following the targeted therapy using sunitinib.,['Fig. 1b'],radiology,x_ray,thorax,thorax,frontal,"['thorax', 'radiology', 'frontal', 'x_ray']","['radiology', 'thorax', 'x_ray']",True
file_0101617,PMC10601792_cro-2023-0016-0001-533957_F01_left_1_2.webp,PMC10601792_01_cro-2023-0016-0001-533957_F01.jpg,left,PMC10601792_01,CC BY-NC,6750,Chest radiographs from days 0.,['Fig. 1'],radiology,x_ray,thorax,thorax,frontal,"['thorax', 'radiology', 'frontal', 'x_ray']","['radiology', 'thorax', 'x_ray']",True
file_0101618,PMC10601792_cro-2023-0016-0001-533957_F01_right_2_2.webp,PMC10601792_01_cro-2023-0016-0001-533957_F01.jpg,right,PMC10601792_01,CC BY-NC,7164,"1 , demonstrating rapid improvement of diffuse bilateral pulmonary edema.",['Fig. 1'],radiology,x_ray,thorax,thorax,frontal,"['thorax', 'radiology', 'frontal', 'x_ray']",[],True
file_0101897,PMC10611486_fcvm-10-1269032-g002_B_2_4.webp,PMC10611486_01_fcvm-10-1269032-g002.jpg,b,PMC10611486_01,CC BY,10922,The ASO device embolization. ; The lateral chest x-ray showed that the embolized occluder was located in the descending aorta (white arrow).,['Figure 2B'],radiology,x_ray,thorax,thorax,frontal,"['thorax', 'radiology', 'frontal', 'x_ray']","['radiology', 'thorax', 'x_ray']",True
file_0102111,PMC10619460_JAA-16-1187-g0001_undivided_1_1.webp,PMC10619460_01_JAA-16-1187-g0001.jpg,undivided,PMC10619460_01,CC BY-NC,44900,"Chest radiograph. Atelectasis is indicated by the covered right heart margin, the declivitous right lower lobe bronchus, and the triangular high-density shadow above the right diaphragm covering the right diaphragm and right lower lobe blood vessel. There is a fiber chord in the left lung.",['Figure 1'],radiology,x_ray,thorax,thorax,frontal,"['thorax', 'radiology', 'frontal', 'x_ray']","['radiology', 'thorax', 'x_ray']",True
file_0102161,PMC10620834_fmed-10-1264928-g003_undivided_1_1.webp,PMC10620834_01_fmed-10-1264928-g003.jpg,undivided,PMC10620834_01,CC BY,21386,"Imaging features of chest X-ray (D1, D3, D5, and D8).",[],radiology,x_ray,thorax,thorax,sagittal,"['thorax', 'radiology', 'sagittal', 'x_ray']","['radiology', 'thorax', 'x_ray']",True
file_0102222,PMC10624936_crg-2023-0017-0001-531705_F03_undivided_1_1.webp,PMC10624936_07_crg-2023-0017-0001-531705_F03.jpg,undivided,PMC10624936_07,CC BY-NC,28358,Chest X-ray film. A fracture line was seen in the left seventh rib.,['Fig. 3'],radiology,x_ray,thorax,thorax,frontal,"['thorax', 'radiology', 'frontal', 'x_ray']","['radiology', 'thorax', 'x_ray']",True
file_0102310,PMC10625820_cro-2023-0016-0001-531986_F01_undivided_1_1.webp,PMC10625820_01_cro-2023-0016-0001-531986_F01.jpg,undivided,PMC10625820_01,CC BY-NC,15978,Initial CXR showed a perihilar infiltration and a soft tissue shadow in the hilar of the left lung.,['Fig. 1'],radiology,x_ray,thorax,thorax,frontal,"['thorax', 'radiology', 'frontal', 'x_ray']","['radiology', 'thorax', 'x_ray']",True
file_0102314,PMC10625820_cro-2023-0016-0001-531986_F03_undivided_1_1.webp,PMC10625820_01_cro-2023-0016-0001-531986_F03.jpg,undivided,PMC10625820_01,CC BY-NC,35972,Follow-up chest X-ray after lobectomy treatment.,['Fig. 3'],radiology,x_ray,thorax,thorax,frontal,"['thorax', 'radiology', 'frontal', 'x_ray']","['radiology', 'thorax', 'x_ray']",True
file_0102394,PMC10626754_tsaco-2023-001260f05_undivided_1_1.webp,PMC10626754_04_tsaco-2023-001260f05.jpg,undivided,PMC10626754_04,CC BY-NC,33732,"Postoperative day 1 radiograph. Shown is a fully expanded lung without pneumohemothorax. AP, anteroposterior.",['figure 5'],radiology,x_ray,thorax,thorax,frontal,"['thorax', 'radiology', 'frontal', 'x_ray']","['radiology', 'x_ray']",True
file_0102395,PMC10626754_tsaco-2023-001260f06_undivided_1_1.webp,PMC10626754_04_tsaco-2023-001260f06.jpg,undivided,PMC10626754_04,CC BY-NC,22570,Postoperative day 4. Shown are fully expanded lungs and total regression of pulmonary contusion.,['figure 6'],radiology,x_ray,thorax,thorax,frontal,"['thorax', 'radiology', 'frontal', 'x_ray']",[],True
file_0102396,PMC10626754_tsaco-2023-001260f07_undivided_1_1.webp,PMC10626754_05_tsaco-2023-001260f07.jpg,undivided,PMC10626754_05,CC BY-NC,14800,Chest radiograph on follow-up consult showed a normal study.,['figure 7'],radiology,x_ray,thorax,thorax,frontal,"['thorax', 'radiology', 'frontal', 'x_ray']","['radiology', 'thorax', 'x_ray']",True
file_0102426,PMC10627209_bmed-13-03-057f1_a_1_3.webp,PMC10627209_01_bmed-13-03-057f1.jpg,a,PMC10627209_01,CC BY,9476,"A. The anteroposterior (AP) view of the patient's chest X-ray film on 31 December 2021. Before using pembrolizumab, multiple metastatic tumors were in both lungs, and the border of each tumor was sharp and distinct. Bilateral pleural effusions were noted. Besides, the patient also had subcutaneous emphysema in the lower neck and upper chest wall, a complication of radiotherapy to his mediastinal lymphadenopathy in Dec 2021.",['Fig. 1'],radiology,x_ray,thorax,thorax,frontal,"['thorax', 'radiology', 'frontal', 'x_ray']","['radiology', 'thorax', 'malignant', 'x_ray', 'mass']",True
file_0102427,PMC10627209_bmed-13-03-057f1_b_2_3.webp,PMC10627209_01_bmed-13-03-057f1.jpg,b,PMC10627209_01,CC BY,8058,B. AP view of the patient's chest X-ray film on 7 January 2022. The border of metastatic tumors became blurred with increasing infiltration. This phenomenon might be due to the clearance of HCC by T cells and inducing inflammatory reactions.,['Fig. 1'],radiology,x_ray,thorax,thorax,frontal,"['thorax', 'radiology', 'frontal', 'x_ray']",[],True
file_0102428,PMC10627209_bmed-13-03-057f1_c_3_3.webp,PMC10627209_01_bmed-13-03-057f1.jpg,c,PMC10627209_01,CC BY,5674,"C. AP view of the patient's chest X-ray film on 14 January 2022. The infiltration area, especially in the left lung, became more prominent than that one week ago. There was no apparent ground glass pattern in the right upper lobe. This phenomenon might be because there were no evident metastatic nodules in this area. Ten days later, left tension pneumothorax developed. This event might result from the necrosis of metastatic tumors in the left lung.",['Fig. 1'],radiology,x_ray,thorax,thorax,frontal,"['thorax', 'radiology', 'frontal', 'x_ray']","['radiology', 'thorax', 'frontal', 'anteroposterior', 'x_ray']",True
file_0102626,PMC10629857_cro-2023-0016-0001-534527_F01_undivided_1_1.webp,PMC10629857_01_cro-2023-0016-0001-534527_F01.jpg,undivided,PMC10629857_01,CC BY-NC,22952,Chest X-ray: An irregular opacity in the right middle zone.,['Fig. 1'],radiology,x_ray,thorax,thorax,frontal,"['thorax', 'radiology', 'frontal', 'x_ray']","['radiology', 'thorax', 'x_ray', 'mass']",True
file_0102641,PMC10630663_gr1_undivided_1_1.webp,PMC10630663_01_gr1.jpg,undivided,PMC10630663_01,CC BY,14160,"Chest X-ray (CXR) of a 33-year-old male from the Gambia with previous history of tuberculosis who presented with epigastric pain, weight loss and fatigue. The CXR shows consolidation in the upper zone of the right lung (white arrow).",['Fig. 1'],radiology,x_ray,thorax,thorax,frontal,"['thorax', 'radiology', 'frontal', 'x_ray']","['radiology', 'thorax', 'x_ray']",True
file_0102684,PMC10635521_fonc-13-1238467-g001_A_1_8.webp,PMC10635521_01_fonc-13-1238467-g001.jpg,a,PMC10635521_01,CC BY,3306,Comprehensive radiological and intraoperative visualization in Situs Inversus Totalis (SIT) accompanied by gastric cancer. (A) Chest X-ray demonstrates dextrocardia and mirror-image arrangement of the thoracic structures.,['Figure 1A'],radiology,x_ray,thorax,thorax,frontal,"['thorax', 'radiology', 'frontal', 'x_ray']","['radiology', 'x_ray']",True
file_0102731,PMC10641601_gr1_undivided_1_1.webp,PMC10641601_01_gr1.jpg,undivided,PMC10641601_01,CC BY,11738,Chest X-ray: posteroanterior view. Mild bronchial wall thickening.,['Fig. 1'],radiology,x_ray,thorax,thorax,frontal,"['thorax', 'radiology', 'frontal', 'x_ray']","['radiology', 'thorax', 'frontal', 'posteroanterior', 'x_ray']",True
file_0102762,PMC10642443_fcvm-10-1237967-g001_undivided_1_1.webp,PMC10642443_01_fcvm-10-1237967-g001.jpg,undivided,PMC10642443_01,CC BY,1004,A preoperative chest radiograph of the patient.,['Figure 1'],radiology,x_ray,thorax,thorax,oblique,"['thorax', 'radiology', 'oblique', 'x_ray']","['radiology', 'thorax', 'x_ray']",True
file_0102776,PMC10643883_f1000research-12-157467-g0001_undivided_1_1.webp,PMC10643883_01_f1000research-12-157467-g0001.jpg,undivided,PMC10643883_01,CC BY,22978,Chest radiograph PA view.,['Figure 2'],radiology,x_ray,thorax,thorax,frontal,"['thorax', 'radiology', 'frontal', 'x_ray']","['radiology', 'thorax', 'frontal', 'posteroanterior', 'x_ray']",True
file_0102845,PMC10647881_jvb-22-e20230101-g02_A_1_4.webp,PMC10647881_01_jvb-22-e20230101-g02.jpg,a,PMC10647881_01,CC BY,9102,Thoracic duct embolization via percutaneous puncture of the cisterna chyli. Serial fluoroscopic imaging showing the contrast agent ascending to abdominal lymph nodes.,['Figure 2'],radiology,x_ray,head,head,frontal,"['head', 'radiology', 'frontal', 'x_ray']","['radiology', 'x_ray', 'contrast']",True
file_0102846,PMC10647881_jvb-22-e20230101-g02_B_2_4.webp,PMC10647881_01_jvb-22-e20230101-g02.jpg,b,PMC10647881_01,CC BY,3638,Thoracic duct embolization via percutaneous puncture of the cisterna chyli. Fluoroscopic imaging showing the cisterna chyli (white arrow).,['Figure 2'],radiology,x_ray,thorax,thorax,oblique,"['thorax', 'radiology', 'oblique', 'x_ray']","['radiology', 'thorax', 'x_ray']",True
file_0102847,PMC10647881_jvb-22-e20230101-g02_C_3_4.webp,PMC10647881_01_jvb-22-e20230101-g02.jpg,c,PMC10647881_01,CC BY,3970,Thoracic duct embolization via percutaneous puncture of the cisterna chyli. Successful catheterization into the thoracic duct.,['Figure 2'],radiology,x_ray,thorax,thorax,oblique,"['thorax', 'radiology', 'oblique', 'x_ray']",[],True
file_0102848,PMC10647881_jvb-22-e20230101-g02_D_4_4.webp,PMC10647881_01_jvb-22-e20230101-g02.jpg,d,PMC10647881_01,CC BY,5112,Thoracic duct embolization via percutaneous puncture of the cisterna chyli. Fluoroscopic imaging following coil embolization (white arrow) and glue embolization (black arrow).,['Figure 2'],radiology,x_ray,thorax,thorax,frontal,"['thorax', 'radiology', 'frontal', 'x_ray']","['radiology', 'thorax', 'x_ray']",True
file_0102849,PMC10647881_jvb-22-e20230101-g03_A_1_2.webp,PMC10647881_02_jvb-22-e20230101-g03.jpg,a,PMC10647881_02,CC BY,11398,Thoracic duct embolization via percutaneous puncture of the thoracic duct. Fluoroscopic imaging showing the thoracic duct cannulated at its confluence with the left subclavian vein via a direct percutaneous access.,[],radiology,x_ray,thorax,thorax,oblique,"['thorax', 'radiology', 'oblique', 'x_ray']","['radiology', 'thorax', 'x_ray']",True
file_0102850,PMC10647881_jvb-22-e20230101-g03_B_2_2.webp,PMC10647881_02_jvb-22-e20230101-g03.jpg,b,PMC10647881_02,CC BY,9624,Thoracic duct embolization via percutaneous puncture of the thoracic duct. Fluoroscopic imaging following coil and liquid agent embolization.,[],radiology,x_ray,thorax,thorax,oblique,"['thorax', 'radiology', 'oblique', 'x_ray']","['radiology', 'thorax', 'x_ray']",True
file_0102851,PMC10647881_jvb-22-e20230101-g04_A_1_3.webp,PMC10647881_03_jvb-22-e20230101-g04.jpg,a,PMC10647881_03,CC BY,4930,"Thoracic duct embolization using the transvenous approach. Fluoroscopic imaging showing the chylous leak, confirming the thoracic duct lesion. The transvenous approach: Thoracic duct cannulation was attempted using a microcatheter.",['Figure 4'],radiology,x_ray,thorax,thorax,frontal,"['thorax', 'radiology', 'frontal', 'x_ray']","['radiology', 'thorax', 'x_ray', 'mass']",True
file_0102852,PMC10647881_jvb-22-e20230101-g04_B_2_3.webp,PMC10647881_03_jvb-22-e20230101-g04.jpg,b,PMC10647881_03,CC BY,2736,"Thoracic duct embolization using the transvenous approach. Passed through a macrocatheter , after left brachial vein access.",['Figure 4'],radiology,x_ray,head,head,frontal,"['head', 'radiology', 'frontal', 'x_ray']",[],True
file_0102853,PMC10647881_jvb-22-e20230101-g04_C_3_3.webp,PMC10647881_03_jvb-22-e20230101-g04.jpg,c,PMC10647881_03,CC BY,3398,Thoracic duct embolization using the transvenous approach. Final lymphangiography demonstrating no chylous leak.,['Figure 4'],radiology,x_ray,abdomen,abdomen,frontal,"['abdomen', 'radiology', 'frontal', 'x_ray']",[],True
file_0102967,PMC10656587_PAMJ-45-183-g001_undivided_1_1.webp,PMC10656587_02_PAMJ-45-183-g001.jpg,undivided,PMC10656587_02,CC BY,17840,"barium oesophagogram, note the severe oesophageal stenosis at the level of the aortic arch, thoracic vertebra 4/5, caused by an extrinsic mass.",['Figure 1'],radiology,x_ray,thorax,thorax,frontal,"['thorax', 'radiology', 'frontal', 'x_ray']","['radiology', 'thorax', 'mass', 'contrast']",True
file_0103055,PMC10660240_acc-10-04-10263-g001_undivided_1_1.webp,PMC10660240_01_acc-10-04-10263-g001.jpg,undivided,PMC10660240_01,CC BY-NC,21790,Chest radiograph (posteroanterior view) showing moderate pleural effusion.,['Fig. 1'],radiology,x_ray,thorax,thorax,frontal,"['thorax', 'radiology', 'frontal', 'x_ray']","['radiology', 'thorax', 'frontal', 'posteroanterior', 'x_ray']",True
file_0103149,PMC10666049_fcvm-10-1287506-g004_undivided_1_1.webp,PMC10666049_01_fcvm-10-1287506-g004.jpg,undivided,PMC10666049_01,CC BY,13888,Post-procedural chest x-Ray showing a dual chamber transvenous pacemaker and a MICRA. AV leadless pacemaker implanted at the interventricular septum.,['Figure 4'],radiology,x_ray,thorax,thorax,frontal,"['thorax', 'radiology', 'frontal', 'x_ray']","['radiology', 'thorax', 'x_ray']",True
file_0103284,PMC10680256_fvets-10-1287185-g002_A_1_4.webp,PMC10680256_01_fvets-10-1287185-g002.jpg,a,PMC10680256_01,CC BY,4088,"Changes in the pulmonary nodules on thoracic radiographs from before toceranib administration to 2 weeks, 2 months, and 4 months after treatment initiation. Pulmonary nodules with well-defined borders are indicated by white arrows, whereas regressed nodules are indicated by yellow dashed arrows. (A) Prior to toceranib administration, multiple pulmonary nodules with soft tissue opacity are observed throughout the generalized lung field. The pulmonary nodule with the largest size measures 11.4 x 8.8 mm.",[],radiology,x_ray,thorax,thorax,frontal,"['thorax', 'radiology', 'frontal', 'x_ray']","['radiology', 'thorax', 'x_ray', 'mass']",True
file_0103285,PMC10680256_fvets-10-1287185-g002_B_2_4.webp,PMC10680256_01_fvets-10-1287185-g002.jpg,b,PMC10680256_01,CC BY,7884,"Changes in the pulmonary nodules on thoracic radiographs from before toceranib administration to 2 weeks, 2 months, and 4 months after treatment initiation. Pulmonary nodules with well-defined borders are indicated by white arrows, whereas regressed nodules are indicated by yellow dashed arrows. (B) In a thoracic radiograph obtained 2 weeks after toceranib administration, the previously identified pulmonary nodule with the largest size is no longer visible in the lateral view. The largest measurable diameter of the remaining nodule is approximately 9 mm.","['Figure 2B', 'Figure 2']",radiology,x_ray,thorax,thorax,sagittal,"['thorax', 'radiology', 'sagittal', 'x_ray']","['radiology', 'thorax', 'sagittal', 'x_ray']",True
file_0103286,PMC10680256_fvets-10-1287185-g002_C_3_4.webp,PMC10680256_01_fvets-10-1287185-g002.jpg,c,PMC10680256_01,CC BY,16014,"Changes in the pulmonary nodules on thoracic radiographs from before toceranib administration to 2 weeks, 2 months, and 4 months after treatment initiation. Pulmonary nodules with well-defined borders are indicated by white arrows, whereas regressed nodules are indicated by yellow dashed arrows. (C) In a thoracic radiograph obtained 2 months after toceranib administration, another pulmonary nodule initially sized 8.4 x 7.7 mm is no longer detected. The majority of the pulmonary nodules exhibit partial remission and a diminished size.","['Figure 2', 'Figure 2C']",radiology,x_ray,thorax,thorax,frontal,"['thorax', 'radiology', 'frontal', 'x_ray']","['radiology', 'thorax', 'x_ray']",True
file_0103287,PMC10680256_fvets-10-1287185-g002_D_4_4.webp,PMC10680256_01_fvets-10-1287185-g002.jpg,d,PMC10680256_01,CC BY,3206,"Changes in the pulmonary nodules on thoracic radiographs from before toceranib administration to 2 weeks, 2 months, and 4 months after treatment initiation. Pulmonary nodules with well-defined borders are indicated by white arrows, whereas regressed nodules are indicated by yellow dashed arrows. (D) In a thoracic radiograph obtained 4 months after toceranib administration, no further remission is observed in the existing pulmonary nodules. Indications of newly detected nodules or the recurrence of previously diminished pulmonary nodules are also not found.","['Figure 2D', 'Figure 2']",radiology,x_ray,thorax,thorax,sagittal,"['thorax', 'radiology', 'sagittal', 'x_ray']","['radiology', 'thorax', 'x_ray']",True
file_0103545,PMC10694204_fcvm-10-1257373-g001_A_1_4.webp,PMC10694204_01_fcvm-10-1257373-g001.jpg,a,PMC10694204_01,CC BY,8812,Chest image findings before and after 6 cycles of chemotherapy. (A) x-ray image shows cardiomegaly with pericardial effusion and blunted left costophrenic angle.,['Figure 1A'],radiology,x_ray,thorax,thorax,frontal,"['thorax', 'radiology', 'frontal', 'x_ray']","['radiology', 'thorax', 'x_ray']",True
file_0103547,PMC10694204_fcvm-10-1257373-g001_C_3_4.webp,PMC10694204_01_fcvm-10-1257373-g001.jpg,c,PMC10694204_01,CC BY,6800,Chest image findings before and after 6 cycles of chemotherapy. (C) x-ray image showed normal heart size without pleural effusion.,['Figure 1C'],radiology,x_ray,thorax,thorax,frontal,"['thorax', 'radiology', 'frontal', 'x_ray']","['radiology', 'thorax', 'x_ray']",True
file_0103572,PMC10694266_fped-11-1302182-g004_undivided_1_1.webp,PMC10694266_01_fped-11-1302182-g004.jpg,undivided,PMC10694266_01,CC BY,21544,A post-aneurysmectomy chest radiograph showed a normal-sized heart with a normal silhouette of the left atrial appendage.,['Figure 4'],radiology,x_ray,thorax,thorax,frontal,"['thorax', 'radiology', 'frontal', 'x_ray']","['radiology', 'thorax', 'x_ray']",True
file_0103736,PMC10701290_RCR2-12-e01268-g001_A_1_3.webp,PMC10701290_01_RCR2-12-e01268-g001.jpg,a,PMC10701290_01,CC BY,1980,(A) Chest x-ray demonstrated complete atelectasis of the left lung and mediastinal deviation to the left.,['Figure 1A'],radiology,x_ray,thorax,thorax,frontal,"['thorax', 'radiology', 'frontal', 'x_ray']","['radiology', 'thorax', 'x_ray']",True
file_0103876,PMC10709079_gr2_undivided_1_1.webp,PMC10709079_01_gr2.jpg,undivided,PMC10709079_01,CC BY,69400,Pulmonary angiogram demonstrating pouch-like ending of pulmonary artery segments with pre stenotic dilation of the vasculature.,['Fig. 2'],radiology,x_ray,abdomen,abdomen,frontal,"['abdomen', 'radiology', 'frontal', 'x_ray']","['radiology', 'angiography']",True
file_0103916,PMC10712253_PHMT-14-477-g0001_undivided_1_1.webp,PMC10712253_01_PHMT-14-477-g0001.jpg,undivided,PMC10712253_01,CC BY-NC,19292,"PA CXR taken at presentation showed widening of the mediastinum with right paratracheal, right axillary calcified Lymph nodes (blue arrows) and air space opacity, effusion at right lower lung (black arrow).",['Figure 1'],radiology,x_ray,thorax,thorax,frontal,"['thorax', 'radiology', 'frontal', 'x_ray']","['radiology', 'thorax', 'x_ray', 'mass']",True
file_0103943,PMC10713698_fmed-10-1294421-g001_undivided_1_1.webp,PMC10713698_01_fmed-10-1294421-g001.jpg,undivided,PMC10713698_01,CC BY,16420,A chest radiograph shows no obvious abnormalities in both lungs.,['Figure 1'],radiology,x_ray,thorax,thorax,frontal,"['thorax', 'radiology', 'frontal', 'x_ray']","['radiology', 'thorax', 'x_ray']",True
file_0103975,PMC10713811_fcvm-10-1291089-g003_B_2_5.webp,PMC10713811_01_fcvm-10-1291089-g003.jpg,b,PMC10713811_01,CC BY,3932,TAVR process. The valve was quickly delivered to the aortic root through the catheter under mechanical chest compressions and was released after proper positioning (B).,"['Figures 3B,C']",radiology,x_ray,thorax,thorax,oblique,"['thorax', 'radiology', 'oblique', 'x_ray']",[],True
file_0104127,PMC10719987_acc-10-04-10268-g001_undivided_1_1.webp,PMC10719987_02_acc-10-04-10268-g001.jpg,undivided,PMC10719987_02,CC BY-NC,13130,Chest X-ray film which confirms the presence of a left-sided stomach gas bubble and a right-sided heart.,['Figure 1'],radiology,x_ray,thorax,thorax,frontal,"['thorax', 'radiology', 'frontal', 'x_ray']","['radiology', 'x_ray']",True
file_0104269,PMC10724029_PAMJ-46-25-g001_undivided_1_1.webp,PMC10724029_01_PAMJ-46-25-g001.jpg,undivided,PMC10724029_01,CC BY,44784,chest X-ray-lung fields showing a large right mid zone consolidation (arrows right) with no significant loss of volume; few left lower zone infiltrates are noted as well (arrow left).,['Figure 1'],radiology,x_ray,thorax,thorax,frontal,"['thorax', 'radiology', 'frontal', 'x_ray']","['radiology', 'thorax', 'x_ray']",True
file_0104276,PMC10724682_IDR-16-7581-g0002_a_1_2.webp,PMC10724682_01_IDR-16-7581-g0002.jpg,a,PMC10724682_01,CC BY-NC,17954,(a) Image of interventional therapy for pyopneumothorax on day 2 after admission.,['Figure 2a and b'],radiology,x_ray,abdomen,abdomen,frontal,"['abdomen', 'radiology', 'frontal', 'x_ray']",[],True
file_0104277,PMC10724682_IDR-16-7581-g0002_b_2_2.webp,PMC10724682_01_IDR-16-7581-g0002.jpg,b,PMC10724682_01,CC BY-NC,22632,(b) Image of interventional therapy for pyopneumothorax on day 6 after admission.,['Figure 2a and b'],radiology,x_ray,thorax,thorax,oblique,"['thorax', 'radiology', 'oblique', 'x_ray']",[],True
file_0104366,PMC10729832_IMCRJ-16-847-g0001_undivided_1_1.webp,PMC10729832_01_IMCRJ-16-847-g0001.jpg,undivided,PMC10729832_01,CC BY-NC,33668,"Left leg pitting edema, with hyperpigmented skin and flexion-contraction of the knee.",['Figure 1'],radiology,x_ray,upper_limb,elbow,frontal,"['radiology', 'upper_limb', 'frontal', 'elbow', 'x_ray']",[],True
file_0104440,PMC10731725_IDR-16-7663-g0001_A_1_2.webp,PMC10731725_01_IDR-16-7663-g0001.jpg,a,PMC10731725_01,CC BY,4254,"Plain film chest radiographs for patient one - Postero-Anterior view:. June 2020, showing bilateral upper lobe infiltration, and ,right upper lobe cavity, and ,right paratracheal hilar lymphadenopathy.",['Figure 1A'],radiology,x_ray,thorax,thorax,frontal,"['thorax', 'radiology', 'frontal', 'x_ray']","['radiology', 'thorax', 'frontal', 'anteroposterior', 'x_ray']",True
file_0104442,PMC10731725_IDR-16-7663-g0002_A_1_2.webp,PMC10731725_02_IDR-16-7663-g0002.jpg,a,PMC10731725_02,CC BY,6924,"Plain film chest radiographs for patient two - Postero-Anterior view:. September 2020, showing extensive bilateral infiltration, and ,cavitation, involving the left lung more extensively than the right.",['Figure 2A'],radiology,x_ray,thorax,thorax,frontal,"['thorax', 'radiology', 'frontal', 'x_ray']","['radiology', 'thorax', 'frontal', 'anteroposterior', 'x_ray']",True
file_0104443,PMC10731725_IDR-16-7663-g0002_B_2_2.webp,PMC10731725_02_IDR-16-7663-g0002.jpg,b,PMC10731725_02,CC BY,6052,"With left upper lobe bullous lesion. March 2021, showing fibrosis of the right upper lobe with residual cavities, and fibro-cavitary changes involving of the left lung.",['Figure 2B'],radiology,x_ray,thorax,thorax,frontal,"['thorax', 'radiology', 'frontal', 'x_ray']",[],True
file_0104500,PMC10741810_toj-23-0030-figure1_undivided_1_1.webp,PMC10741810_01_toj-23-0030-figure1.jpg,undivided,PMC10741810_01,CC BY,31548,"Chest x-ray was unremarkable, showing no signs of tuberculosis.",['Figure 1'],radiology,x_ray,thorax,thorax,frontal,"['thorax', 'radiology', 'frontal', 'x_ray']","['radiology', 'thorax', 'x_ray']",True
file_0104531,PMC10743322_bet-11-196-g002_B_2_2.webp,PMC10743322_01_bet-11-196-g002.jpg,b,PMC10743322_01,CC BY-NC,10658,Antro-posterior. Views of post-operative X-ray radiograph of our case with thoracic ossification of the posterior longitudinal ligament who underwent laminectomy and instrumented fusion from T6 to T11.,['Figure 2'],radiology,x_ray,thorax,thorax,frontal,"['thorax', 'radiology', 'frontal', 'x_ray']","['radiology', 'thorax', 'x_ray']",True
file_0104532,PMC10746877_PAMJ-46-31-g001_undivided_1_1.webp,PMC10746877_01_PAMJ-46-31-g001.jpg,undivided,PMC10746877_01,CC BY,18310,plain chest X-ray (anterior-posterior view) showing features of bilateral pulmonary edema.,['Figure 1'],radiology,x_ray,thorax,thorax,frontal,"['thorax', 'radiology', 'frontal', 'x_ray']","['radiology', 'thorax', 'frontal', 'posteroanterior', 'x_ray']",True
file_0104646,PMC10751563_ytad625f1_A_1_4.webp,PMC10751563_01_ytad625f1.jpg,a,PMC10751563_01,CC BY-NC,6426,Fluoroscopy images during initial implantation of a cardiac resynchronization therapy-defibrillator 11 years before current presentation and chest x-ray image prior to the extraction procedure. (A) Venography showed a single appropriate branch vessel for cardiac resynchronization therapy implantation (white arrow).,['Figure 1'],radiology,x_ray,thorax,thorax,oblique,"['thorax', 'radiology', 'oblique', 'x_ray']","['radiology', 'thorax', 'venogram', 'x_ray', 'angiography']",True
file_0104647,PMC10751563_ytad625f1_B_2_4.webp,PMC10751563_01_ytad625f1.jpg,b,PMC10751563_01,CC BY-NC,7250,Fluoroscopy images during initial implantation of a cardiac resynchronization therapy-defibrillator 11 years before current presentation and chest x-ray image prior to the extraction procedure. (B) Right anterior oblique view after implantation.,['Figure 1'],radiology,x_ray,thorax,thorax,oblique,"['thorax', 'radiology', 'oblique', 'x_ray']","['radiology', 'thorax', 'oblique', 'x_ray']",True
file_0104648,PMC10751563_ytad625f1_C_3_4.webp,PMC10751563_01_ytad625f1.jpg,c,PMC10751563_01,CC BY-NC,4106,Fluoroscopy images during initial implantation of a cardiac resynchronization therapy-defibrillator 11 years before current presentation and chest x-ray image prior to the extraction procedure. (C) LAO view after implantation.,['Figure 1'],radiology,x_ray,thorax,thorax,oblique,"['thorax', 'radiology', 'oblique', 'x_ray']","['radiology', 'thorax', 'oblique', 'x_ray']",True
file_0104649,PMC10751563_ytad625f1_D_4_4.webp,PMC10751563_01_ytad625f1.jpg,d,PMC10751563_01,CC BY-NC,7052,"Fluoroscopy images during initial implantation of a cardiac resynchronization therapy-defibrillator 11 years before current presentation and chest x-ray image prior to the extraction procedure. (D) Chest x-ray image prior to the current extraction procedure. CRT-D, cardiac resynchronization therapy-defibrillator; CS, coronary sinus.",['Figure 1'],radiology,x_ray,thorax,thorax,frontal,"['thorax', 'radiology', 'frontal', 'x_ray']","['radiology', 'thorax', 'x_ray']",True
file_0104662,PMC10751564_ytad620f2_undivided_1_1.webp,PMC10751564_01_ytad620f2.jpg,undivided,PMC10751564_01,CC BY,7262,Chest radiograph and electrocardiogram at the transfer to our hospital.,[],radiology,x_ray,thorax,thorax,frontal,"['thorax', 'radiology', 'frontal', 'x_ray']",[],True
file_0104774,PMC10753991_fonc-13-1283932-g002_F_6_7.webp,PMC10753991_01_fonc-13-1283932-g002.jpg,f,PMC10753991_01,CC BY,5170,"Lung CT, operative photograph, tumor specimen, X-ray, and pelvic CT after surgery. (F) Partial bone loss in the right ilium and sacrum, with metal fixation in the corresponding areas.","['Figures 2F, G']",radiology,x_ray,lower_limb,hip,frontal,"['radiology', 'lower_limb', 'frontal', 'x_ray', 'hip']",[],True
file_0105129,PMC10761405_fcvm-10-1331982-g002_B_2_6.webp,PMC10761405_01_fcvm-10-1331982-g002.jpg,b,PMC10761405_01,CC BY,4438,Pulmonary artery vascular management schematic. (B) Replacement of the ascending pulmonary artery with an artificial blood vessel and wrapping.,['Figure S2'],radiology,x_ray,abdomen,abdomen,frontal,"['abdomen', 'radiology', 'frontal', 'x_ray']",[],True
file_0105131,PMC10761405_fcvm-10-1331982-g002_D_4_6.webp,PMC10761405_01_fcvm-10-1331982-g002.jpg,d,PMC10761405_01,CC BY,4928,"Pulmonary artery vascular management schematic. (D-F) represent schematic illustrations of involvement of the left pulmonary artery, right pulmonary artery, or bilateral pulmonary artery branches, respectively, with subsequent replacement.",['Figure S2'],radiology,x_ray,lower_limb,lower_leg,frontal,"['radiology', 'lower_limb', 'frontal', 'x_ray', 'lower_leg']",[],True
file_0105132,PMC10761405_fcvm-10-1331982-g002_E_5_6.webp,PMC10761405_01_fcvm-10-1331982-g002.jpg,e,PMC10761405_01,CC BY,4938,"Pulmonary artery vascular management schematic. (D-F) represent schematic illustrations of involvement of the left pulmonary artery, right pulmonary artery, or bilateral pulmonary artery branches, respectively, with subsequent replacement.",['Figure S2'],radiology,x_ray,abdomen,abdomen,frontal,"['abdomen', 'radiology', 'frontal', 'x_ray']",[],True
file_0105133,PMC10761405_fcvm-10-1331982-g002_F_6_6.webp,PMC10761405_01_fcvm-10-1331982-g002.jpg,f,PMC10761405_01,CC BY,5458,"Pulmonary artery vascular management schematic. (D-F) represent schematic illustrations of involvement of the left pulmonary artery, right pulmonary artery, or bilateral pulmonary artery branches, respectively, with subsequent replacement.",['Figure S2'],radiology,x_ray,abdomen,abdomen,frontal,"['abdomen', 'radiology', 'frontal', 'x_ray']",[],True
file_0105204,PMC10762482_CCR3-12-e8406-g002_A_1_2.webp,PMC10762482_02_CCR3-12-e8406-g002.jpg,a,PMC10762482_02,CC BY,5258,Chest X-ray P view) shows the decreased volume of the lung. And fracture of the posterior of the 6th left ribe due to labor dystocia (white arrow).,['Figure 1'],radiology,x_ray,thorax,thorax,frontal,"['thorax', 'radiology', 'frontal', 'x_ray']","['radiology', 'thorax', 'x_ray']",True
file_0105205,PMC10762482_CCR3-12-e8406-g002_B_2_2.webp,PMC10762482_02_CCR3-12-e8406-g002.jpg,b,PMC10762482_02,CC BY,6064,P view) shows the decreased volume of the lung. And fracture of the posterior of the 6th left ribe due to labor dystocia (white arrow).,['Figure 1'],radiology,x_ray,thorax,thorax,frontal,"['thorax', 'radiology', 'frontal', 'x_ray']",[],True
file_0105238,PMC10762865_PUL2-14-e12329-g001_d_4_7.webp,PMC10762865_01_PUL2-14-e12329-g001.jpg,d,PMC10762865_01,CC BY-NC,3040,(d) Selective pulmonary vein angiography showed right inferior pulmonary vein stenosis (red arrow).,['Figure 1d-f'],radiology,x_ray,thorax,thorax,oblique,"['thorax', 'radiology', 'oblique', 'x_ray']","['radiology', 'angiography']",True
file_0105239,PMC10762865_PUL2-14-e12329-g001_e_5_7.webp,PMC10762865_01_PUL2-14-e12329-g001.jpg,e,PMC10762865_01,CC BY-NC,3032,(e) Selective pulmonary vein angiography showed left superior pulmonary vein stenosis (red arrow).,['Figure 1d-f'],radiology,x_ray,thorax,thorax,oblique,"['thorax', 'radiology', 'oblique', 'x_ray']","['radiology', 'angiography']",True
file_0105240,PMC10762865_PUL2-14-e12329-g001_f_6_7.webp,PMC10762865_01_PUL2-14-e12329-g001.jpg,f,PMC10762865_01,CC BY-NC,3192,(f) Selective pulmonary vein angiography showed stenting in the right inferior pulmonary vein stenosis (red arrow).,['Figure 1d-f'],radiology,x_ray,thorax,thorax,oblique,"['thorax', 'radiology', 'oblique', 'x_ray']","['radiology', 'angiography']",True
file_0105241,PMC10762865_PUL2-14-e12329-g001_g_7_7.webp,PMC10762865_01_PUL2-14-e12329-g001.jpg,g,PMC10762865_01,CC BY-NC,3280,(g) Selective pulmonary vein angiography showed stenting in the left superior pulmonary vein stenosis (red arrow).,[],radiology,x_ray,thorax,thorax,frontal,"['thorax', 'radiology', 'frontal', 'x_ray']","['radiology', 'angiography']",True
file_0105242,PMC10762869_PUL2-14-e12332-g002_undivided_1_1.webp,PMC10762869_01_PUL2-14-e12332-g002.jpg,undivided,PMC10762869_01,CC BY-NC,4502,Chest X-ray findings: A smooth curving structure projecting across the right pulmonary hilum toward the base of the lung.,['Figure 1'],radiology,x_ray,thorax,thorax,frontal,"['thorax', 'radiology', 'frontal', 'x_ray']","['radiology', 'thorax', 'x_ray']",True
file_0105280,PMC10763515_RCR2-12-e01271-g002_undivided_1_1.webp,PMC10763515_01_RCR2-12-e01271-g002.jpg,undivided,PMC10763515_01,CC BY,19096,Chest x-ray image showing the collapse of the right lung from his rib cage.,['Figure 1'],radiology,x_ray,thorax,thorax,frontal,"['thorax', 'radiology', 'frontal', 'x_ray']","['radiology', 'thorax', 'x_ray']",True
file_0105347,PMC10765128_cureus-0016-00000051620-i02_undivided_1_1.webp,PMC10765128_01_cureus-0016-00000051620-i02.jpg,undivided,PMC10765128_01,CC BY,49550,Initial lateral thoracic and lateral lumbar radiographs stitched for sagittal balance analysis. The red dashed line measures the posterior tangents of the vertebral bodies using the Harrison Posterior Tangent Method. The green line represents ideal thoracic kyphosis and lumbar lordosis.,['Figure 2'],radiology,x_ray,abdomen,abdomen,sagittal,"['abdomen', 'radiology', 'sagittal', 'x_ray']","['radiology', 'sagittal', 'x_ray']",True
file_0105350,PMC10765128_cureus-0016-00000051620-i06_undivided_1_1.webp,PMC10765128_01_cureus-0016-00000051620-i06.jpg,undivided,PMC10765128_01,CC BY,47872,Re-examination lateral thoracic and lateral lumbar radiographs stitched. Lateral thoracic and lumbar radiographs demonstrated significant improvement in spine alignment and sagittal balance. The dashed red line measures vertebral body posterior tangents and the green line represents ideal thoracic and lumbar curvature.,['Figures 5'],radiology,x_ray,abdomen,abdomen,sagittal,"['abdomen', 'radiology', 'sagittal', 'x_ray']","['radiology', 'sagittal', 'x_ray']",True
file_0105351,PMC10765128_cureus-0016-00000051620-i07_undivided_1_1.webp,PMC10765128_01_cureus-0016-00000051620-i07.jpg,undivided,PMC10765128_01,CC BY,47266,"Three-year lateral thoracic and lateral lumbar radiographs demonstrating slight increased forward sagittal balance. Long-term stitched lateral lumbar and lateral thoracic show some increase in positive translation of the torso; however, the patient maintained good contours with no in-office treatment for three years.",['Figure 7'],radiology,x_ray,abdomen,abdomen,sagittal,"['abdomen', 'radiology', 'sagittal', 'x_ray']","['radiology', 'sagittal', 'x_ray']",True
file_0105381,PMC10766067_ytad627f2_undivided_1_1.webp,PMC10766067_01_ytad627f2.jpg,undivided,PMC10766067_01,CC BY,16678,"Endovascular aneurysm repair. The thoracic aortic stent graft was deployed first. The SMA stent was placed through the implanted graft. The stent in the left renal artery was placed from the left femoral artery, and the second aortic stent graft was positioned from the right femoral artery.",[],radiology,x_ray,thorax,thorax,oblique,"['thorax', 'radiology', 'oblique', 'x_ray']",[],True
file_0105675,PMC10772306_cureus-0016-00000051823-i01_undivided_1_1.webp,PMC10772306_01_cureus-0016-00000051823-i01.jpg,undivided,PMC10772306_01,CC BY,20734,Chest X-ray showing dextrocardia and partial opacification of the right hemithorax and hyperinflation of the left lung.,['Figure 1'],radiology,x_ray,thorax,thorax,frontal,"['thorax', 'radiology', 'frontal', 'x_ray']","['radiology', 'thorax', 'x_ray', 'mass']",True
file_0105797,PMC10781509_cureus-0016-00000052051-i01_A_1_2.webp,PMC10781509_01_cureus-0016-00000052051-i01.jpg,a,PMC10781509_01,CC BY,5178,Imaging studies. Chest x-ray shows bilateral pleural effusions (A).,['Figure 1'],radiology,x_ray,thorax,thorax,frontal,"['thorax', 'radiology', 'frontal', 'x_ray']","['radiology', 'thorax', 'x_ray']",True
file_0105799,PMC10781509_cureus-0016-00000052051-i02_undivided_1_1.webp,PMC10781509_01_cureus-0016-00000052051-i02.jpg,undivided,PMC10781509_01,CC BY,34874,"Bilateral pleural thoracentesis from the posterior view of the patient. The red arrow indicates the hemorrhagic pleural effusion in the left lung, and the blue arrow points to the exudate pleural effusion in the right lung.",['Figure 2'],radiology,x_ray,upper_limb,hand,frontal,"['radiology', 'upper_limb', 'frontal', 'hand', 'x_ray']","['radiology', 'frontal', 'posteroanterior']",True
file_0105853,PMC10783414_ms9-86-575-g003_undivided_1_1.webp,PMC10783414_01_ms9-86-575-g003.jpg,undivided,PMC10783414_01,CC BY,17356,Chest X-ray showed severe bilateral infiltrates and cardiomegaly.,['Fig. 3'],radiology,x_ray,thorax,thorax,frontal,"['thorax', 'radiology', 'frontal', 'x_ray']","['radiology', 'thorax', 'x_ray']",True
file_0105981,PMC10784611_kcj-54-59-g001_A_1_7.webp,PMC10784611_01_kcj-54-59-g001.jpg,a,PMC10784611_01,CC BY-NC,2546,Chest X-ray showing opacity in cardiac silhouette raising suspicion of calcification of mediastinal structure.,['Figure 1A'],radiology,x_ray,thorax,thorax,frontal,"['thorax', 'radiology', 'frontal', 'x_ray']","['radiology', 'thorax', 'x_ray', 'mass']",True
file_0106055,PMC10787941_cureus-0016-00000052237-i01_A_1_2.webp,PMC10787941_02_cureus-0016-00000052237-i01.jpg,a,PMC10787941_02,CC BY,16218,Chest X-ray and CT chest findings of the elder sister. . A: Anteroposterior chest X-ray.,[],radiology,x_ray,thorax,thorax,frontal,"['thorax', 'radiology', 'frontal', 'x_ray']",['radiology'],True
file_0106057,PMC10787941_cureus-0016-00000052237-i02_undivided_1_1.webp,PMC10787941_02_cureus-0016-00000052237-i02.jpg,undivided,PMC10787941_02,CC BY,12336,Anteroposterior chest X-ray of the younger sister. . Chest radiography showing left lower lobe consolidation.,[],radiology,x_ray,thorax,thorax,frontal,"['thorax', 'radiology', 'frontal', 'x_ray']","['radiology', 'thorax', 'x_ray']",True
file_0106071,PMC10788092_cureus-0016-00000052255-i01_undivided_1_1.webp,PMC10788092_01_cureus-0016-00000052255-i01.jpg,undivided,PMC10788092_01,CC BY,33164,Chest X-ray on the first admission showing no significant alteration.,['Figure 1'],radiology,x_ray,thorax,thorax,frontal,"['thorax', 'radiology', 'frontal', 'x_ray']","['radiology', 'thorax', 'x_ray']",True
file_0106105,PMC10789358_npm-16-npm230097-g001_undivided_1_1.webp,PMC10789358_01_npm-16-npm230097-g001.jpg,undivided,PMC10789358_01,CC BY-NC,19302,"Antero-posterior radiograph of the aneurysm of the ductus arteriosus, with less areation of the right upper lung lobe.",['Fig. 1'],radiology,x_ray,thorax,thorax,frontal,"['thorax', 'radiology', 'frontal', 'x_ray']","['radiology', 'x_ray']",True
file_0106109,PMC10789483_cureus-0016-00000052317-i03_A_1_1.webp,PMC10789483_01_cureus-0016-00000052317-i03.jpg,a,PMC10789483_01,CC BY,25798,"A; PA chest x-ray revealing the classic pattern of sarcoidosis: 123 sign or Garland's triad. The characteristics of this sign include mediastinal enlargement, usually right paratracheal (1) and bilateral hilar nodes, on the right (2) and left (3), due to lymphadenopathy. . PA, posteroanterior.",['Figure 3'],radiology,x_ray,thorax,thorax,frontal,"['thorax', 'radiology', 'frontal', 'x_ray']","['radiology', 'thorax', 'frontal', 'posteroanterior', 'x_ray']",True
file_0106222,PMC10792061_fsurg-10-1254937-g002_undivided_1_1.webp,PMC10792061_01_fsurg-10-1254937-g002.jpg,undivided,PMC10792061_01,CC BY,22624,Chest x-ray findings. A chest x-ray was taken to confirm the tip location and showed that the catheter was positioned at the left paramediastinal border near the T8 vertebrae.,['Figure 2'],radiology,x_ray,thorax,thorax,frontal,"['thorax', 'radiology', 'frontal', 'x_ray']","['radiology', 'thorax', 'x_ray']",True
file_0106317,PMC10794634_fped-11-1329404-g001_E_5_6.webp,PMC10794634_01_fped-11-1329404-g001.jpg,e,PMC10794634_01,CC BY,7478,"(E) Chest x-ray of the female full-term neonate displays a slightly enlarged heart and homogeneous ground-glass opacities of both lungs (in full-term neonates, the lungs are normally much more transparent). Note the missing ossification of the proximal humeral epiphysis in concert with an indistinct border of the metaphysis (white arrow).",['Figure 1E'],radiology,x_ray,thorax,thorax,frontal,"['thorax', 'radiology', 'frontal', 'x_ray']","['radiology', 'x_ray', 'mass']",True
file_0106333,PMC10794872_ytae004f1_A_1_2.webp,PMC10794872_01_ytae004f1.jpg,a,PMC10794872_01,CC BY,6878,Case report 1. (A) Post-implant chest X-ray.,[],radiology,x_ray,thorax,thorax,frontal,"['thorax', 'radiology', 'frontal', 'x_ray']","['radiology', 'thorax', 'x_ray']",True
file_0106334,PMC10794872_ytae004f1_B_2_2.webp,PMC10794872_01_ytae004f1.jpg,b,PMC10794872_01,CC BY,7338,Case report 1. (B) Chest X-ray:6 months later.,['Figure 1B'],radiology,x_ray,thorax,thorax,frontal,"['thorax', 'radiology', 'frontal', 'x_ray']","['radiology', 'thorax', 'x_ray']",True
file_0106335,PMC10794872_ytae004f2_A_1_2.webp,PMC10794872_01_ytae004f2.jpg,a,PMC10794872_01,CC BY,7142,Case report 1. (A) Pre-discharged chest X-ray:after revision of the pacemaker and repositioning of the lead.,['Figure 2A'],radiology,x_ray,thorax,thorax,frontal,"['thorax', 'radiology', 'frontal', 'x_ray']","['radiology', 'thorax', 'x_ray']",True
file_0106336,PMC10794872_ytae004f2_B_2_2.webp,PMC10794872_01_ytae004f2.jpg,b,PMC10794872_01,CC BY,5082,Case report 1. (B) Chest X-ray:1 month after the pacemaker revision.,['Figure 2B'],radiology,x_ray,thorax,thorax,frontal,"['thorax', 'radiology', 'frontal', 'x_ray']","['radiology', 'thorax', 'x_ray']",True
file_0106337,PMC10794872_ytae004f3_undivided_1_1.webp,PMC10794872_01_ytae004f3.jpg,undivided,PMC10794872_01,CC BY,11530,Case report 1. Chest X-ray:after complete removal of the stimulation system and leadless pacemaker (Medtronic Micra VR) implantation.,['Figure 3'],radiology,x_ray,thorax,thorax,frontal,"['thorax', 'radiology', 'frontal', 'x_ray']","['radiology', 'thorax', 'x_ray']",True
file_0106338,PMC10794872_ytae004f4_A_1_2.webp,PMC10794872_02_ytae004f4.jpg,a,PMC10794872_02,CC BY,8432,Case report 2. (A) Post-implant chest X-ray.,[],radiology,x_ray,thorax,thorax,frontal,"['thorax', 'radiology', 'frontal', 'x_ray']","['radiology', 'thorax', 'x_ray']",True
file_0106339,PMC10794872_ytae004f4_B_2_2.webp,PMC10794872_02_ytae004f4.jpg,b,PMC10794872_02,CC BY,5552,Case report 2. (B) Chest X-ray:1 month later.,['Figure 4B'],radiology,x_ray,thorax,thorax,frontal,"['thorax', 'radiology', 'frontal', 'x_ray']","['radiology', 'thorax', 'x_ray']",True
file_0106340,PMC10794872_ytae004f5_undivided_1_1.webp,PMC10794872_02_ytae004f5.jpg,undivided,PMC10794872_02,CC BY,16538,Case report 2. Chest X-ray:7 months later.,['Figure 5'],radiology,x_ray,thorax,thorax,frontal,"['thorax', 'radiology', 'frontal', 'x_ray']","['radiology', 'thorax', 'x_ray']",True
file_0106343,PMC10794872_ytae004f7_A_1_2.webp,PMC10794872_02_ytae004f7.jpg,a,PMC10794872_02,CC BY,10924,Case report 2. (A) Post-revision chest X-ray.,[],radiology,x_ray,thorax,thorax,frontal,"['thorax', 'radiology', 'frontal', 'x_ray']","['radiology', 'thorax', 'x_ray']",True
file_0106344,PMC10794872_ytae004f7_B_2_2.webp,PMC10794872_02_ytae004f7.jpg,b,PMC10794872_02,CC BY,8688,Case report 2. (B) Chest X-ray after lead repositioning.,[],radiology,x_ray,thorax,thorax,frontal,"['thorax', 'radiology', 'frontal', 'x_ray']","['radiology', 'thorax', 'x_ray']",True
file_0106345,PMC10794872_ytae004f8_A_1_2.webp,PMC10794872_02_ytae004f8.jpg,a,PMC10794872_02,CC BY,8720,Case report 2. (A) Chest X-ray:3 months after the revision of pacing system.,['Figure 8A'],radiology,x_ray,thorax,thorax,frontal,"['thorax', 'radiology', 'frontal', 'x_ray']","['radiology', 'thorax', 'x_ray']",True
file_0106346,PMC10794872_ytae004f8_B_2_2.webp,PMC10794872_02_ytae004f8.jpg,b,PMC10794872_02,CC BY,8010,Case report 2. (B) Control chest X-ray:1 month after submuscular (pectoralis major muscle) implantation.,[],radiology,x_ray,thorax,thorax,frontal,"['thorax', 'radiology', 'frontal', 'x_ray']","['radiology', 'thorax', 'x_ray']",True
file_0106370,PMC10796211_RCR2-12-e01280-g002_A_1_2.webp,PMC10796211_01_RCR2-12-e01280-g002.jpg,a,PMC10796211_01,CC BY,3208,X-Ray and enhanced computed tomography of the chest. (A) A large tumour is observed in the right upper lung field in the x-ray.,[],radiology,x_ray,thorax,thorax,frontal,"['thorax', 'radiology', 'frontal', 'x_ray']",['radiology'],True
file_0106418,PMC10797206_gr1_A_1_3.webp,PMC10797206_01_gr1.jpg,a,PMC10797206_01,CC BY,3428,Chest X-rays of the patient. (A) Image at first visit to our hospital showed bilateral multiple tumorous and nodular shadows.,['Fig. 1A'],radiology,x_ray,thorax,thorax,frontal,"['thorax', 'radiology', 'frontal', 'x_ray']","['radiology', 'thorax', 'x_ray', 'mass']",True
file_0106419,PMC10797206_gr1_B_2_3.webp,PMC10797206_01_gr1.jpg,b,PMC10797206_01,CC BY,3636,"Chest X-rays of the patient. (B) Image obtained 3 months after first visit showed improvement of opacities in the right lower lung field, and nodular shadows were partly enlarged in the left lung.",['Figs. 1B'],radiology,x_ray,thorax,thorax,frontal,"['thorax', 'radiology', 'frontal', 'x_ray']","['radiology', 'thorax', 'x_ray', 'mass']",True
file_0106420,PMC10797206_gr1_C_3_3.webp,PMC10797206_01_gr1.jpg,c,PMC10797206_01,CC BY,3138,Chest X-rays of the patient. (C) Image at 7 months after first visit showed extensive consolidation and enlargement of tumorous shadow in the left lung field. Nodular shadows were also present in the right hilum and the middle right lung field.,['Fig. 1C'],radiology,x_ray,thorax,thorax,frontal,"['thorax', 'radiology', 'frontal', 'x_ray']","['radiology', 'thorax', 'x_ray', 'mass']",True
file_0106432,PMC10797325_ytad641f5_left_1_2.webp,PMC10797325_03_ytad641f5.jpg,left,PMC10797325_03,CC BY,9220,"Anteroposterior caudal projection (CAU 20 deg) contrast opacifying left anterior descending, Retrogradely filling left circumflex artery, and emptying into the main pulmonary artery (left). Straight right anterior oblique (RAO) projection (RAO 30 deg). Catheter engaged and contrast opacifying right coronary artery predominantly.",['Figure 5'],radiology,x_ray,thorax,thorax,oblique,"['thorax', 'radiology', 'oblique', 'x_ray']","['radiology', 'contrast']",True
file_0106494,PMC10799245_rjad732f1_undivided_1_1.webp,PMC10799245_01_rjad732f1.jpg,undivided,PMC10799245_01,CC BY,16130,AP supine chest radiograph showing right-sided pneumothorax.,['Fig. 1'],radiology,x_ray,thorax,thorax,frontal,"['thorax', 'radiology', 'frontal', 'x_ray']","['radiology', 'thorax', 'x_ray']",True
file_0106495,PMC10799245_rjad732f2_undivided_1_1.webp,PMC10799245_01_rjad732f2.jpg,undivided,PMC10799245_01,CC BY,15456,AP upright chest radiograph showing placement of right-sided chest tube and resolution of right pneumothorax.,['Fig. 2'],radiology,x_ray,thorax,thorax,frontal,"['thorax', 'radiology', 'frontal', 'x_ray']","['radiology', 'thorax', 'x_ray']",True
file_0106496,PMC10799245_rjad732f3_right_1_1.webp,PMC10799245_01_rjad732f3.jpg,right,PMC10799245_01,CC BY,18554,"AP upright chest radiograph showing intraabdominal free air, right-sided chest tube in place, and bilateral chest wall subcutaneous emphysema that is worse on the right. Bilateral patchy airspace disease is noted as well.",['Fig. 3'],radiology,x_ray,thorax,thorax,frontal,"['thorax', 'radiology', 'frontal', 'x_ray']","['radiology', 'thorax', 'x_ray']",True
file_0106497,PMC10799245_rjad732f4_undivided_1_1.webp,PMC10799245_01_rjad732f4.jpg,undivided,PMC10799245_01,CC BY,30586,"Post-operative chest radiograph showing increased diffuse subcutaneous emphysema in chest, lower neck and upper left abdominal wall. Previously demonstrated pneumoperitoneum is not visualized on the current film.",['Fig. 4'],radiology,x_ray,thorax,thorax,frontal,"['thorax', 'radiology', 'frontal', 'x_ray']","['radiology', 'x_ray']",True
file_0106535,PMC10799656_ytae007f1_B_2_4.webp,PMC10799656_01_ytae007f1.jpg,b,PMC10799656_01,CC BY,3860,(B) Barium oesophagram demonstrating a large aortic aneurysm (dark silhouette in the upper left hemithorax) compressing the oesophagus at the T5 level.,['Figure 1'],radiology,x_ray,thorax,thorax,frontal,"['thorax', 'radiology', 'frontal', 'x_ray']","['radiology', 'thorax', 'contrast']",True
file_0106559,PMC10800633_gr1_undivided_1_1.webp,PMC10800633_01_gr1.jpg,undivided,PMC10800633_01,CC BY,27300,Chest X ray demonstrates a cavitary mass within the left upper lung with increasing thickness seen surrounding the mass. There is increased interstitial density and airspace consolidation seen bilaterally.,[],radiology,x_ray,thorax,thorax,frontal,"['thorax', 'radiology', 'frontal', 'x_ray']",[],True
file_0106653,PMC10801163_fped-11-1237111-g001_A_1_3.webp,PMC10801163_01_fped-11-1237111-g001.jpg,a,PMC10801163_01,CC BY,2438,Bilateral pulmonary infiltrates post-transfusion.,['Figure 1A'],radiology,x_ray,thorax,thorax,frontal,"['thorax', 'radiology', 'frontal', 'x_ray']",[],True
file_0106789,PMC10806513_tsaco-2023-001322f02_undivided_1_1.webp,PMC10806513_02_tsaco-2023-001322f02.jpg,undivided,PMC10806513_02,CC BY-NC,17928,"Plain chest X-ray after insertion of a right thoracic drain and intubation of the left main bronchus with a double-lumen endotracheal tube. The right pneumothorax has improved, but there is a marked decrease in the permeability of the entire right lung field.",['figure 2'],radiology,x_ray,thorax,thorax,frontal,"['thorax', 'radiology', 'frontal', 'x_ray']","['radiology', 'thorax', 'x_ray']",True
file_0106812,PMC10807503_RCR2-12-e01284-g001_A_1_3.webp,PMC10807503_01_RCR2-12-e01284-g001.jpg,a,PMC10807503_01,CC BY,1868,(A) Chest radiography before the introduction of sotorasib showing no ground glass opacities in both lung fields.,['Figure 2'],radiology,x_ray,thorax,thorax,frontal,"['thorax', 'radiology', 'frontal', 'x_ray']","['radiology', 'thorax', 'x_ray']",True
file_0106813,PMC10807503_RCR2-12-e01284-g001_B_2_3.webp,PMC10807503_01_RCR2-12-e01284-g001.jpg,b,PMC10807503_01,CC BY,3734,(B) Chest radiography on day 80 after the start of sotorasib reveals ground glass opacities in both lung fields with decreased lung volume.,['Figure 2'],radiology,x_ray,thorax,thorax,frontal,"['thorax', 'radiology', 'frontal', 'x_ray']","['radiology', 'thorax', 'x_ray', 'mass']",True
file_0106814,PMC10807503_RCR2-12-e01284-g001_C_3_3.webp,PMC10807503_01_RCR2-12-e01284-g001.jpg,c,PMC10807503_01,CC BY,3532,"(C) After prednisolone treatment, ground glass opacities in both lung fields disappear and lung volume improves, but the mass shadow in the right upper lung field increased.",['Figure 2'],radiology,x_ray,thorax,thorax,frontal,"['thorax', 'radiology', 'frontal', 'x_ray']",[],True
file_0107055,PMC10822107_PAMJ-46-62-g002_undivided_1_1.webp,PMC10822107_01_PAMJ-46-62-g002.jpg,undivided,PMC10822107_01,CC BY,29756,"chest radiogram showing cardiomegaly with globular enlargement of the cardiac silhouette with ""water bottle"" configuration.",['Figure 2'],radiology,x_ray,thorax,thorax,frontal,"['thorax', 'radiology', 'frontal', 'x_ray']",[],True
file_0107128,PMC10823319_omad152f1_undivided_1_1.webp,PMC10823319_01_omad152f1.jpg,undivided,PMC10823319_01,CC BY-NC,11390,Chest X-ray of the patient shows a cardiomegaly with no lung congestion.,['Fig. 1'],radiology,x_ray,thorax,thorax,frontal,"['thorax', 'radiology', 'frontal', 'x_ray']","['radiology', 'thorax', 'x_ray']",True
file_0107194,PMC10823810_JOCR-14-125-g001_undivided_1_1.webp,PMC10823810_01_JOCR-14-125-g001.jpg,undivided,PMC10823810_01,CC BY-NC-SA,13848,Pre-operative full spine EOS showed a 43. left thoracic scoliosis.,[],radiology,x_ray,abdomen,abdomen,frontal,"['abdomen', 'radiology', 'frontal', 'x_ray']",[],True
file_0107437,PMC10829414_icrm-15-5739-g001_undivided_1_1.webp,PMC10829414_03_icrm-15-5739-g001.jpg,undivided,PMC10829414_03,CC BY,22108,Chest radiography showing subxiphoid placement of the Micra. implantable pulse generator connected to epicardial leads.,['Figure 1'],radiology,x_ray,thorax,thorax,frontal,"['thorax', 'radiology', 'frontal', 'x_ray']","['radiology', 'thorax', 'x_ray']",True
file_0107661,PMC10833009_SJA-18-131-g001_a_1_2.webp,PMC10833009_01_SJA-18-131-g001.jpg,a,PMC10833009_01,CC BY-NC-SA,3692,Chest x-ray at PACU shows bilateral ground-glass opacities (a: Left).,['Figure 1a'],radiology,x_ray,thorax,thorax,frontal,"['thorax', 'radiology', 'frontal', 'x_ray']","['radiology', 'thorax', 'x_ray', 'mass']",True
file_0107662,PMC10833009_SJA-18-131-g001_b_2_2.webp,PMC10833009_01_SJA-18-131-g001.jpg,b,PMC10833009_01,CC BY-NC-SA,3572,A follow-up chest x-ray day after APE shows improvement after receiving the treatment (b: Right).,['Figure 1b'],radiology,x_ray,thorax,thorax,frontal,"['thorax', 'radiology', 'frontal', 'x_ray']","['radiology', 'thorax', 'x_ray']",True
file_0107663,PMC10833014_SJA-18-123-g001_undivided_1_1.webp,PMC10833014_01_SJA-18-123-g001.jpg,undivided,PMC10833014_01,CC BY-NC-SA,13288,Portable chest radiography in the operating room revealed consolidation and effusion in both lung fields.,['Figure 1'],radiology,x_ray,thorax,thorax,frontal,"['thorax', 'radiology', 'frontal', 'x_ray']","['radiology', 'thorax', 'x_ray']",True
file_0107664,PMC10833014_SJA-18-123-g002_undivided_1_1.webp,PMC10833014_01_SJA-18-123-g002.jpg,undivided,PMC10833014_01,CC BY-NC-SA,10148,Chest radiography of POD 4 revealed a slight resolution of the consolidation in both the middle and lower lobes.,['Figure 2'],radiology,x_ray,thorax,thorax,frontal,"['thorax', 'radiology', 'frontal', 'x_ray']","['radiology', 'thorax', 'x_ray']",True
file_0107665,PMC10833014_SJA-18-123-g003_undivided_1_1.webp,PMC10833014_01_SJA-18-123-g003.jpg,undivided,PMC10833014_01,CC BY-NC-SA,12928,Chest radiography of POD 6 revealed almost clear status in both lung fields.,['Figure 3'],radiology,x_ray,thorax,thorax,frontal,"['thorax', 'radiology', 'frontal', 'x_ray']","['radiology', 'thorax', 'x_ray']",True
file_0107673,PMC10833044_SJA-18-129-g001_b_2_3.webp,PMC10833044_01_SJA-18-129-g001.jpg,b,PMC10833044_01,CC BY-NC-SA,7336,"CXR lateral, and ,PA views.",[],radiology,x_ray,thorax,thorax,frontal,"['thorax', 'radiology', 'frontal', 'x_ray']","['radiology', 'thorax', 'x_ray']",True
file_0107702,PMC10834024_cureus-0016-00000051533-i01_undivided_1_1.webp,PMC10834024_01_cureus-0016-00000051533-i01.jpg,undivided,PMC10834024_01,CC BY,7292,"X-ray chest (frontal view). Frontal view of the chest with shallow inspiration and no acute pulmonary disease or fractures. There is hyperostosis, sclerosis, and expansion of the right scapula (red arrows).",['Figures 1'],radiology,x_ray,thorax,thorax,frontal,"['thorax', 'radiology', 'frontal', 'x_ray']","['radiology', 'thorax', 'frontal', 'x_ray']",True
file_0107706,PMC10834024_cureus-0016-00000051533-i03_a_1_3.webp,PMC10834024_01_cureus-0016-00000051533-i03.jpg,a,PMC10834024_01,CC BY,3586,"X-ray images of skull, chest, abdomen, hips and bilateral lower extremities. Partial skeletal survey of the skull/mandible.",['Figure 3'],radiology,x_ray,head,head,frontal,"['head', 'radiology', 'frontal', 'x_ray']","['radiology', 'dental_view', 'x_ray']",True
file_0107707,PMC10834024_cureus-0016-00000051533-i03_b_2_3.webp,PMC10834024_01_cureus-0016-00000051533-i03.jpg,b,PMC10834024_01,CC BY,6964,"X-ray images of skull, chest, abdomen, hips and bilateral lower extremities. , abdomen, hips and bilateral lower extremities.",['Figure 3'],radiology,x_ray,lower_limb,lower_leg,oblique,"['radiology', 'lower_limb', 'oblique', 'x_ray', 'lower_leg']","['radiology', 'x_ray']",True
file_0107708,PMC10834024_cureus-0016-00000051533-i03_c_3_3.webp,PMC10834024_01_cureus-0016-00000051533-i03.jpg,c,PMC10834024_01,CC BY,14138,"X-ray images of skull, chest, abdomen, hips and bilateral lower extremities. And the chest Given an available comparison of the left shoulder, there is indistinctness of the contour of the right scapula (red arrows).",['Figure 3'],radiology,x_ray,thorax,thorax,frontal,"['thorax', 'radiology', 'frontal', 'x_ray']","['radiology', 'x_ray']",True
file_0107841,PMC10836181_cureus-0016-00000051579-i05_undivided_1_1.webp,PMC10836181_01_cureus-0016-00000051579-i05.jpg,undivided,PMC10836181_01,CC BY,40150,Chest X-ray showed pneumonitis most likely due to radiation.,['Figure 5'],radiology,x_ray,thorax,thorax,frontal,"['thorax', 'radiology', 'frontal', 'x_ray']","['radiology', 'thorax', 'x_ray']",True
file_0107962,PMC10837743_cureus-0016-00000051634-i02_undivided_1_1.webp,PMC10837743_01_cureus-0016-00000051634-i02.jpg,undivided,PMC10837743_01,CC BY,64818,"Chest X-ray, posteroanterior view. Enlarged cardiac silhouette with prominent pulmonary trunk and pulmonary arteries proximally.",['Figure 2'],radiology,x_ray,thorax,thorax,frontal,"['thorax', 'radiology', 'frontal', 'x_ray']","['radiology', 'thorax', 'frontal', 'posteroanterior', 'x_ray']",True
file_0107986,PMC10838010_cureus-0016-00000052141-i03_undivided_1_1.webp,PMC10838010_01_cureus-0016-00000052141-i03.jpg,undivided,PMC10838010_01,CC BY,19862,Posteroanterior chest radiograph after pleural decortication. The image shows the return of the lung to the wall; mediastinal elements and drains are in place.,['Figure 3'],radiology,x_ray,thorax,thorax,frontal,"['thorax', 'radiology', 'frontal', 'x_ray']","['radiology', 'thorax', 'frontal', 'posteroanterior', 'x_ray']",True
file_0108034,PMC10838808_cureus-0016-00000051715-i01_undivided_1_1.webp,PMC10838808_02_cureus-0016-00000051715-i01.jpg,undivided,PMC10838808_02,CC BY,17266,Retrocardiac lucent tubular shadows with air-fluid level; chest CT was then performed to rule out diaphragmatic hernia.,['Figures 1'],radiology,x_ray,thorax,thorax,frontal,"['thorax', 'radiology', 'frontal', 'x_ray']",[],True
file_0108035,PMC10838808_cureus-0016-00000051715-i02_undivided_1_1.webp,PMC10838808_02_cureus-0016-00000051715-i02.jpg,undivided,PMC10838808_02,CC BY,13840,Retrocardiac lucent tubular shadows with air-fluid level; chest CT was then performed to rule out diaphragmatic hernia.,['Figures 1'],radiology,x_ray,thorax,thorax,sagittal,"['thorax', 'radiology', 'sagittal', 'x_ray']",[],True
file_0108038,PMC10838808_cureus-0016-00000051715-i05_undivided_1_1.webp,PMC10838808_02_cureus-0016-00000051715-i05.jpg,undivided,PMC10838808_02,CC BY,23068,Post-operatively the chest X-ray.,['Figure 5'],radiology,x_ray,thorax,thorax,frontal,"['thorax', 'radiology', 'frontal', 'x_ray']","['radiology', 'thorax', 'x_ray']",True
file_0108049,PMC10839348_cureus-0016-00000051639-i04_undivided_1_1.webp,PMC10839348_01_cureus-0016-00000051639-i04.jpg,undivided,PMC10839348_01,CC BY,31108,PA view of chest X-ray displaying areas of diffuse osteopenia (blue arrow). . PA: posteroanterior.,[],radiology,x_ray,thorax,thorax,frontal,"['thorax', 'radiology', 'frontal', 'x_ray']","['radiology', 'thorax', 'frontal', 'posteroanterior', 'x_ray']",True
file_0108133,PMC10840558_OAEM-16-19-g0006_undivided_1_1.webp,PMC10840558_01_OAEM-16-19-g0006.jpg,undivided,PMC10840558_01,CC BY-NC,23562,Chest X-ray at discharge.,['Figure 6'],radiology,x_ray,thorax,thorax,frontal,"['thorax', 'radiology', 'frontal', 'x_ray']","['radiology', 'thorax', 'x_ray']",True
file_0108189,PMC10844797_cureus-0016-00000051774-i02_undivided_1_1.webp,PMC10844797_01_cureus-0016-00000051774-i02.jpg,undivided,PMC10844797_01,CC BY,19790,"X-ray of chest showing fourth, fifth, and sixth rib fracture. The circle shows a fracture of the anterolateral aspect of the right fourth and fifth ribs and the posterolateral aspect of the sixth rib.",['Figures 1'],radiology,x_ray,thorax,thorax,frontal,"['thorax', 'radiology', 'frontal', 'x_ray']","['radiology', 'thorax', 'x_ray']",True
file_0108278,PMC10846629_cureus-0016-00000051797-i02_undivided_1_1.webp,PMC10846629_01_cureus-0016-00000051797-i02.jpg,undivided,PMC10846629_01,CC BY,26370,Chest X-ray image. The arrow is pointing toward pulmonary opacity on the left lower lobe of the lung.,['Figure 2'],radiology,x_ray,thorax,thorax,frontal,"['thorax', 'radiology', 'frontal', 'x_ray']","['radiology', 'thorax', 'x_ray', 'mass']",True
file_0108326,PMC10847065_cureus-0016-00000051819-i01_undivided_1_1.webp,PMC10847065_01_cureus-0016-00000051819-i01.jpg,undivided,PMC10847065_01,CC BY,30610,Chest X-ray in the current presentation (2023) showing cardiomegaly with dilation of the atrium. There is non-specific ground opacification with infectious or inflammatory etiology in the lungs.,[],radiology,x_ray,thorax,thorax,frontal,"['thorax', 'radiology', 'frontal', 'x_ray']","['radiology', 'thorax', 'x_ray', 'mass']",True
file_0108329,PMC10847065_cureus-0016-00000051819-i04_undivided_1_1.webp,PMC10847065_01_cureus-0016-00000051819-i04.jpg,undivided,PMC10847065_01,CC BY,41150,Chest X-ray from 2020 displaying no confluent infiltrate or effusion.,[],radiology,x_ray,thorax,thorax,frontal,"['thorax', 'radiology', 'frontal', 'x_ray']","['radiology', 'thorax', 'x_ray']",True
file_0108390,PMC10847897_cureus-0016-00000051835-i02_undivided_1_1.webp,PMC10847897_01_cureus-0016-00000051835-i02.jpg,undivided,PMC10847897_01,CC BY,42698,A normal chest radiograph.,[],radiology,x_ray,thorax,thorax,frontal,"['thorax', 'radiology', 'frontal', 'x_ray']","['radiology', 'thorax', 'x_ray']",True
file_0108450,PMC10849260_cureus-0016-00000051879-i01_A_1_2.webp,PMC10849260_01_cureus-0016-00000051879-i01.jpg,a,PMC10849260_01,CC BY,7486,A. Chest X-ray at day one of life documenting the presence of large left-sided tension pneumothorax before tube placement (red arrow). There is a moderate-sized right pneumothorax which is partially obscured by the mediastinal shift (blue arrow).,['Figure 1A'],radiology,x_ray,thorax,thorax,frontal,"['thorax', 'radiology', 'frontal', 'x_ray']","['radiology', 'thorax', 'x_ray']",True
file_0108451,PMC10849260_cureus-0016-00000051879-i01_B_2_2.webp,PMC10849260_01_cureus-0016-00000051879-i01.jpg,b,PMC10849260_01,CC BY,8310,B. Chest X-ray on the first day of life after left chest tube placement (red arrow) without signs of subcutaneous emphysema.,['Figure 1B'],radiology,x_ray,thorax,thorax,frontal,"['thorax', 'radiology', 'frontal', 'x_ray']","['radiology', 'thorax', 'x_ray']",True
file_0108452,PMC10849260_cureus-0016-00000051879-i02_A_1_2.webp,PMC10849260_01_cureus-0016-00000051879-i02.jpg,a,PMC10849260_01,CC BY,9206,A. Chest X-ray on the first day of life showing initial left-sided subcutaneous emphysema (red arrow).,['Figure 2'],radiology,x_ray,thorax,thorax,frontal,"['thorax', 'radiology', 'frontal', 'x_ray']","['radiology', 'thorax', 'x_ray']",True
file_0108453,PMC10849260_cureus-0016-00000051879-i02_B_2_2.webp,PMC10849260_01_cureus-0016-00000051879-i02.jpg,b,PMC10849260_01,CC BY,9370,"B. Chest X-ray on the third day of life showing left-sided subcutaneous emphysema increased in size from previous imaging, tracking upper chest and abdomen anteriorly and posteriorly (red arrows).",['Figure 2'],radiology,x_ray,thorax,thorax,frontal,"['thorax', 'radiology', 'frontal', 'x_ray']","['radiology', 'x_ray']",True
file_0108454,PMC10849260_cureus-0016-00000051879-i03_undivided_1_1.webp,PMC10849260_01_cureus-0016-00000051879-i03.jpg,undivided,PMC10849260_01,CC BY,18748,Chest X-ray on the sixth day of life showing resolution of pneumothoraces bilaterally with continued presence of left-sided subcutaneous emphysema (red arrow).,['Figure 3'],radiology,x_ray,thorax,thorax,frontal,"['thorax', 'radiology', 'frontal', 'x_ray']","['radiology', 'thorax', 'x_ray']",True
file_0108561,PMC10851651_cureus-0016-00000051931-i01_undivided_1_1.webp,PMC10851651_01_cureus-0016-00000051931-i01.jpg,undivided,PMC10851651_01,CC BY,8148,Chest X-ray. The proximal part of the guidewire.,['Figures 1'],radiology,x_ray,thorax,thorax,frontal,"['thorax', 'radiology', 'frontal', 'x_ray']","['radiology', 'thorax', 'x_ray']",True
file_0108599,PMC10852138_TJEM-24-62-g001_undivided_1_1.webp,PMC10852138_01_TJEM-24-62-g001.jpg,undivided,PMC10852138_01,CC BY-NC-SA,11304,"X-ray image on admission. Diagnosis: Normal cardiac configuration, both lung felids show increased bronchovascular markings; however, no detected pulmonary opacities and clear costophrenic angles.",['Figure 1'],radiology,x_ray,thorax,thorax,frontal,"['thorax', 'radiology', 'frontal', 'x_ray']","['radiology', 'x_ray']",True
file_0108628,PMC10853013_cureus-0016-00000051967-i02_undivided_1_1.webp,PMC10853013_01_cureus-0016-00000051967-i02.jpg,undivided,PMC10853013_01,CC BY,15028,Post-operative chest X-ray shows partial median sternotomy closed with stainless steel wire sutures.,['Figure 2'],radiology,x_ray,thorax,thorax,frontal,"['thorax', 'radiology', 'frontal', 'x_ray']","['radiology', 'thorax', 'x_ray']",True
file_0108688,PMC10853599_cureus-0016-00000052024-i01_undivided_1_1.webp,PMC10853599_01_cureus-0016-00000052024-i01.jpg,undivided,PMC10853599_01,CC BY,20548,Chest X-ray image.,['Figure 1'],radiology,x_ray,thorax,thorax,frontal,"['thorax', 'radiology', 'frontal', 'x_ray']","['radiology', 'thorax', 'x_ray']",True
file_0108752,PMC10855642_cureus-0016-00000052030-i01_undivided_1_1.webp,PMC10855642_01_cureus-0016-00000052030-i01.jpg,undivided,PMC10855642_01,CC BY,12546,Chest x-ray showing cardiomegaly.,['Figure 1'],radiology,x_ray,thorax,thorax,frontal,"['thorax', 'radiology', 'frontal', 'x_ray']","['radiology', 'thorax', 'x_ray']",True
file_0108766,PMC10857800_cureus-0016-00000052046-i01_undivided_1_1.webp,PMC10857800_01_cureus-0016-00000052046-i01.jpg,undivided,PMC10857800_01,CC BY,8260,Anterior-Posterior Semi-Upright Chest X-ray Obtained Upon Admission.,['Figure 1'],radiology,x_ray,thorax,thorax,frontal,"['thorax', 'radiology', 'frontal', 'x_ray']","['radiology', 'thorax', 'x_ray']",True
file_0108815,PMC10858340_cureus-0016-00000052071-i01_undivided_1_1.webp,PMC10858340_01_cureus-0016-00000052071-i01.jpg,undivided,PMC10858340_01,CC BY,29958,The chest X-ray showed left homogeneous opacity.,['Figure 1'],radiology,x_ray,thorax,thorax,frontal,"['thorax', 'radiology', 'frontal', 'x_ray']","['radiology', 'thorax', 'x_ray', 'mass']",True
file_0108922,PMC10858777_SNI-15-16-g003_a_1_2.webp,PMC10858777_02_SNI-15-16-g003.jpg,a,PMC10858777_02,CC BY-NC-SA,7910,"(a) Lateral thorax x ray view it can be observed thick arrow tip: peel away dilator, thin arrow: ventricular atrium.",['Figure 3'],radiology,x_ray,thorax,thorax,oblique,"['thorax', 'radiology', 'oblique', 'x_ray']",[],True
file_0108950,PMC10858791_cureus-0016-00000052119-i02_undivided_1_1.webp,PMC10858791_01_cureus-0016-00000052119-i02.jpg,undivided,PMC10858791_01,CC BY,13030,"Chest X-rays with tube insertion. This is a post-interventional chest radiograph, following intercostal tube (ICT) placement, demonstrating the re-expansion of the previously collapsed lung. However, the remaining extensive pulmonary infiltrate is indicative of persistent parenchymal disease.",[],radiology,x_ray,thorax,thorax,frontal,"['thorax', 'radiology', 'frontal', 'x_ray']","['radiology', 'thorax', 'x_ray']",True
file_0108951,PMC10858791_cureus-0016-00000052119-i03_undivided_1_1.webp,PMC10858791_01_cureus-0016-00000052119-i03.jpg,undivided,PMC10858791_01,CC BY,11896,"Chest X-rays with the presence of a tension pneumothorax on the left side. This is a chest radiograph indicating the presence of a tension pneumothorax on the left side, characterized by the displacement of mediastinal structures away from the affected side, along with the collapse of the left lung and a significant pressure effect on the thoracic components.",[],radiology,x_ray,thorax,thorax,frontal,"['thorax', 'radiology', 'frontal', 'x_ray']","['radiology', 'thorax', 'x_ray']",True
file_0108952,PMC10858791_cureus-0016-00000052119-i04_undivided_1_1.webp,PMC10858791_01_cureus-0016-00000052119-i04.jpg,undivided,PMC10858791_01,CC BY,14886,"Chest X-rays prior to discharge (normal lungs). This is a radiograph showing both lung fields appearing symmetrical and clear without any visible abnormalities, indicating the restoration of normal lung architecture.",['Figure 4'],radiology,x_ray,thorax,thorax,periapical,"['thorax', 'radiology', 'periapical', 'x_ray']","['radiology', 'thorax', 'x_ray']",True
file_0109001,PMC10859060_cureus-0016-00000052159-i01_undivided_1_1.webp,PMC10859060_01_cureus-0016-00000052159-i01.jpg,undivided,PMC10859060_01,CC BY,20954,"Chest radiograph upon admission showing bilateral subpleural opacities, highlighted by the blue arrows.",[],radiology,x_ray,thorax,thorax,frontal,"['thorax', 'radiology', 'frontal', 'x_ray']","['radiology', 'thorax', 'x_ray', 'mass']",True
file_0109025,PMC10859110_cureus-0016-00000052164-i01_undivided_1_1.webp,PMC10859110_01_cureus-0016-00000052164-i01.jpg,undivided,PMC10859110_01,CC BY,12390,Case 1 chest X-ray. Arrows showing bilateral pulmonary infiltrates.,['Figure 1'],radiology,x_ray,thorax,thorax,frontal,"['thorax', 'radiology', 'frontal', 'x_ray']","['radiology', 'thorax', 'x_ray']",True
file_0109026,PMC10859110_cureus-0016-00000052164-i04_undivided_1_1.webp,PMC10859110_05_cureus-0016-00000052164-i04.jpg,undivided,PMC10859110_05,CC BY,23766,Case 5 chest X-ray. Arrows indicating pneumothorax on the right side of the chest and pneumomediastinum on the left side of the chest.,['Figure 4'],radiology,x_ray,thorax,thorax,frontal,"['thorax', 'radiology', 'frontal', 'x_ray']","['radiology', 'thorax', 'x_ray']",True
file_0109032,PMC10859126_cureus-0016-00000052169-i04_undivided_1_1.webp,PMC10859126_01_cureus-0016-00000052169-i04.jpg,undivided,PMC10859126_01,CC BY,21550,"Chest x-ray taken in the ICU showing bilateral pulmonary edema. . Chest x-ray was taken in the intensive care unit and read as follows: a left IJ central line catheter is placed, terminating in the projection of mid-SVC (red arrow). Hyperinflated lungs are seen. Widespread patchy alveolar interstitial ground-glass opacities in both lung fields are seen (both white arrows). Likely small bilateral pleural effusion present (black arrows). . SVC: superior vena cava.",['Figure 4'],radiology,x_ray,thorax,thorax,frontal,"['thorax', 'radiology', 'frontal', 'x_ray']","['radiology', 'thorax', 'x_ray', 'mass']",True
file_0109471,PMC10865048_gr1_undivided_1_1.webp,PMC10865048_01_gr1.jpg,undivided,PMC10865048_01,CC BY,5146,Pre EM Titration. Marked cardiac enlargement with increased pulmonary vascularity. Prominent diffuse bilateral pulmonary infiltrates. Remainder unremarkable.,['Figure 1'],radiology,x_ray,thorax,thorax,frontal,"['thorax', 'radiology', 'frontal', 'x_ray']",[],True
file_0109472,PMC10865048_gr2_undivided_1_1.webp,PMC10865048_01_gr2.jpg,undivided,PMC10865048_01,CC BY,12070,"Post EM Titration. Endotracheal tube tip is about 3.9 cm above the carina. NG tube overlies the mediastinum, the tip not seen, and can be confirmed by abdominal radiograph. Diffuse bilateral patchy airspace disease, similar to prior. No large effusions or pneumothorax. Unchanged cardiac size.",[],radiology,x_ray,thorax,thorax,frontal,"['thorax', 'radiology', 'frontal', 'x_ray']",[],True
file_0109473,PMC10865048_gr3_undivided_1_1.webp,PMC10865048_01_gr3.jpg,undivided,PMC10865048_01,CC BY,10640,Pre EM Titration (admit 2). Portable view of the chest is performed. Endotracheal tube is in the right mainstem bronchus and should be repositioned approximately 2-3 cm in the more proximal airway. Pulmonary vascular congestion is present possibly due to hypoaeration of the lungs. Heart appears enlarged. Retrocardiac opacity likely due to left lower lobe atelectasis or possibly pneumonia.,['Figure 3'],radiology,x_ray,thorax,thorax,frontal,"['thorax', 'radiology', 'frontal', 'x_ray']",[],True
file_0109474,PMC10865048_gr4_undivided_1_1.webp,PMC10865048_01_gr4.jpg,undivided,PMC10865048_01,CC BY,11084,Post EM Titration (admit 2). Marked left lower lobe atelectasis and/or infiltrate. Right lung grossly clear. Tubes and lines grossly unchanged.,['Figure 4'],radiology,x_ray,thorax,thorax,frontal,"['thorax', 'radiology', 'frontal', 'x_ray']",[],True
file_0109544,PMC10866550_cureus-0016-00000052315-i03_undivided_1_1.webp,PMC10866550_01_cureus-0016-00000052315-i03.jpg,undivided,PMC10866550_01,CC BY,24344,Chest radiograph for initial pediatric intensive care unit (PICU) admission.,[],radiology,x_ray,thorax,thorax,frontal,"['thorax', 'radiology', 'frontal', 'x_ray']","['radiology', 'thorax', 'x_ray']",True
file_0109545,PMC10866550_cureus-0016-00000052315-i04_undivided_1_1.webp,PMC10866550_01_cureus-0016-00000052315-i04.jpg,undivided,PMC10866550_01,CC BY,21850,Chest radiograph on day of discharge from initial pediatric intensive care unit (PICU) admission showing clinical improvement of stenosis.,[],radiology,x_ray,thorax,thorax,frontal,"['thorax', 'radiology', 'frontal', 'x_ray']","['radiology', 'thorax', 'x_ray']",True
file_0109586,PMC10866739_cureus-0016-00000052331-i01_undivided_1_1.webp,PMC10866739_01_cureus-0016-00000052331-i01.jpg,undivided,PMC10866739_01,CC BY,21802,Pre-op Chest X-ray.,['Figure 1'],radiology,x_ray,thorax,thorax,frontal,"['thorax', 'radiology', 'frontal', 'x_ray']","['radiology', 'thorax', 'x_ray']",True
file_0109636,PMC10867547_cureus-0016-00000052350-i01_undivided_1_1.webp,PMC10867547_01_cureus-0016-00000052350-i01.jpg,undivided,PMC10867547_01,CC BY,20220,"The chest X-ray of the patient showing a nodular opacity in the right lower lobe (July 22, 2023).",[],radiology,x_ray,thorax,thorax,frontal,"['thorax', 'radiology', 'frontal', 'x_ray']","['radiology', 'thorax', 'x_ray', 'mass']",True
file_0109637,PMC10867547_cureus-0016-00000052350-i02_undivided_1_1.webp,PMC10867547_01_cureus-0016-00000052350-i02.jpg,undivided,PMC10867547_01,CC BY,11332,"Chest X-ray of the patient conducted in October 18, 2019.",[],radiology,x_ray,thorax,thorax,frontal,"['thorax', 'radiology', 'frontal', 'x_ray']","['radiology', 'thorax', 'x_ray']",True
file_0109645,PMC10867549_cureus-0016-00000052343-i02_undivided_1_1.webp,PMC10867549_01_cureus-0016-00000052343-i02.jpg,undivided,PMC10867549_01,CC BY,51206,Unremarkable chest radiograph.,['Figure 2'],radiology,x_ray,thorax,thorax,frontal,"['thorax', 'radiology', 'frontal', 'x_ray']","['radiology', 'thorax', 'x_ray']",True
file_0109708,PMC10868913_cureus-0016-00000052391-i01_undivided_1_1.webp,PMC10868913_01_cureus-0016-00000052391-i01.jpg,undivided,PMC10868913_01,CC BY,19516,Chest x-ray after right chest tube placement.,['Figure 1'],radiology,x_ray,thorax,thorax,frontal,"['thorax', 'radiology', 'frontal', 'x_ray']","['radiology', 'thorax', 'x_ray']",True
file_0109710,PMC10868913_cureus-0016-00000052391-i03_undivided_1_1.webp,PMC10868913_01_cureus-0016-00000052391-i03.jpg,undivided,PMC10868913_01,CC BY,17784,Chest X-ray showing stable small right apical pneumothorax.,['Figure 3'],radiology,x_ray,thorax,thorax,frontal,"['thorax', 'radiology', 'frontal', 'x_ray']","['radiology', 'thorax', 'x_ray']",True
file_0109734,PMC10869316_cureus-0016-00000052408-i02_undivided_1_1.webp,PMC10869316_01_cureus-0016-00000052408-i02.jpg,undivided,PMC10869316_01,CC BY,20522,Chest X-ray after chest tube placement with resolving pneumothorax.,['Figure 2'],radiology,x_ray,thorax,thorax,frontal,"['thorax', 'radiology', 'frontal', 'x_ray']","['radiology', 'thorax', 'x_ray']",True
file_0109930,PMC10874128_cureus-0016-00000052491-i01_undivided_1_1.webp,PMC10874128_01_cureus-0016-00000052491-i01.jpg,undivided,PMC10874128_01,CC BY,14976,Chest X-ray on admission showed more perihilar interstitial prominence on the left than on the right.,[],radiology,x_ray,thorax,thorax,frontal,"['thorax', 'radiology', 'frontal', 'x_ray']","['radiology', 'thorax', 'x_ray']",True
file_0109932,PMC10874128_cureus-0016-00000052491-i03_undivided_1_1.webp,PMC10874128_01_cureus-0016-00000052491-i03.jpg,undivided,PMC10874128_01,CC BY,14022,"Chest X-ray performed four days after admission. This was performed due to the patient's increased oxygen requirements. There is a significant worsening of the bilateral infiltrates, with more on the left compared to the right.",['Figure 3'],radiology,x_ray,thorax,thorax,frontal,"['thorax', 'radiology', 'frontal', 'x_ray']","['radiology', 'thorax', 'x_ray']",True
file_0110097,PMC10875469_tsaco-2023-001355f02_undivided_1_1.webp,PMC10875469_01_tsaco-2023-001355f02.jpg,undivided,PMC10875469_01,CC BY-NC,12780,Chest and abdominal plain radiograph.,['figure 2'],radiology,x_ray,thorax,thorax,frontal,"['thorax', 'radiology', 'frontal', 'x_ray']","['radiology', 'x_ray']",True
file_0110129,PMC10876124_ACA-27-61-g001_undivided_1_1.webp,PMC10876124_01_ACA-27-61-g001.jpg,undivided,PMC10876124_01,CC BY-NC-SA,15978,Pre-operative chest roentgenogram showing thoracolumbar scoliosis with Cobb's angle of 60 degrees.,['Figure 1'],radiology,x_ray,thorax,thorax,frontal,"['thorax', 'radiology', 'frontal', 'x_ray']","['radiology', 'thorax', 'x_ray']",True
file_0110143,PMC10876134_ACA-27-79-g001_undivided_1_1.webp,PMC10876134_01_ACA-27-79-g001.jpg,undivided,PMC10876134_01,CC BY-NC-SA,13316,Chest radiograph showing homogeneous opacification of left lung field.,['Figure 1'],radiology,x_ray,thorax,thorax,frontal,"['thorax', 'radiology', 'frontal', 'x_ray']","['radiology', 'thorax', 'x_ray', 'mass']",True
file_0110178,PMC10876442_cureus-0016-00000052640-i01_undivided_1_1.webp,PMC10876442_01_cureus-0016-00000052640-i01.jpg,undivided,PMC10876442_01,CC BY,37086,Chest x-ray showing cardiomegaly with non-specific perihilar prominence.,['Figure 1'],radiology,x_ray,thorax,thorax,frontal,"['thorax', 'radiology', 'frontal', 'x_ray']","['radiology', 'thorax', 'x_ray']",True
file_0110181,PMC10876800_fmed-11-1283065-g001_undivided_1_1.webp,PMC10876800_01_fmed-11-1283065-g001.jpg,undivided,PMC10876800_01,CC BY,9522,Chest radiography performed after intensive care unit admission. A large left central pulmonary artery with obliteration of the aortopulmonary window (white arrow).,['Figure 1'],radiology,x_ray,thorax,thorax,frontal,"['thorax', 'radiology', 'frontal', 'x_ray']","['radiology', 'thorax', 'x_ray']",True
file_0110252,PMC10877994_cureus-0016-00000052658-i01_undivided_1_1.webp,PMC10877994_01_cureus-0016-00000052658-i01.jpg,undivided,PMC10877994_01,CC BY,30722,Chest radiography of the first patient revealing a large-volume right pleural effusion upon ICU admission.,['Figure 1'],radiology,x_ray,thorax,thorax,frontal,"['thorax', 'radiology', 'frontal', 'x_ray']","['radiology', 'thorax', 'x_ray']",True
file_0110314,PMC10879729_cureus-0016-00000052696-i02_undivided_1_1.webp,PMC10879729_01_cureus-0016-00000052696-i02.jpg,undivided,PMC10879729_01,CC BY,13628,Chest radiograph depicting the growth over the right breast.,['Figure 2'],radiology,x_ray,thorax,thorax,frontal,"['thorax', 'radiology', 'frontal', 'x_ray']","['radiology', 'x_ray']",True
file_0110342,PMC10879946_cureus-0016-00000052705-i01_B_2_2.webp,PMC10879946_01_cureus-0016-00000052705-i01.jpg,b,PMC10879946_01,CC BY,5542,Lateral. Thorax radiography showing enlargement of the mediastinum (lobulated mass of 9.0 cm).,[],radiology,x_ray,thorax,thorax,sagittal,"['thorax', 'radiology', 'sagittal', 'x_ray']","['radiology', 'thorax', 'x_ray', 'mass']",True
file_0110386,PMC10880807_cureus-0016-00000052738-i01_undivided_1_1.webp,PMC10880807_01_cureus-0016-00000052738-i01.jpg,undivided,PMC10880807_01,CC BY,18746,Anteroposterior chest radiograph of the patient.,['Figures 1'],radiology,x_ray,thorax,thorax,frontal,"['thorax', 'radiology', 'frontal', 'x_ray']","['radiology', 'thorax', 'x_ray']",True
file_0110387,PMC10881215_cureus-0016-00000052745-i01_undivided_1_1.webp,PMC10881215_01_cureus-0016-00000052745-i01.jpg,undivided,PMC10881215_01,CC BY,26674,Bilateral mid to lower lung opacities on presentation denoted by black arrows.,['Figure 1'],radiology,x_ray,thorax,thorax,frontal,"['thorax', 'radiology', 'frontal', 'x_ray']",[],True
file_0110554,PMC10883896_cureus-0016-00000052821-i01_undivided_1_1.webp,PMC10883896_01_cureus-0016-00000052821-i01.jpg,undivided,PMC10883896_01,CC BY,27602,Chest X-ray. The arrow shows polymethylmethacrylate (PMMA) extravasation in the paravertebral veins. The circles show embolization of the lungs.,[],radiology,x_ray,thorax,thorax,frontal,"['thorax', 'radiology', 'frontal', 'x_ray']","['radiology', 'thorax', 'x_ray']",True
file_0110668,PMC10885847_jbsr-108-1-3461-g1_undivided_1_1.webp,PMC10885847_01_jbsr-108-1-3461-g1.jpg,undivided,PMC10885847_01,CC BY,15140,Initial chest radiograph shows an incidental nodule in the right upper lung field (arrow).,['Figure 1'],radiology,x_ray,thorax,thorax,frontal,"['thorax', 'radiology', 'frontal', 'x_ray']","['radiology', 'thorax', 'x_ray', 'mass']",True
file_0110670,PMC10886435_cureus-0016-00000052859-i01_undivided_1_1.webp,PMC10886435_01_cureus-0016-00000052859-i01.jpg,undivided,PMC10886435_01,CC BY,18732,Chest x-ray showed a large right pleural effusion.,['Figure 1'],radiology,x_ray,thorax,thorax,frontal,"['thorax', 'radiology', 'frontal', 'x_ray']","['radiology', 'thorax', 'x_ray']",True
file_0110766,PMC10891419_cureus-0016-00000052888-i01_undivided_1_1.webp,PMC10891419_01_cureus-0016-00000052888-i01.jpg,undivided,PMC10891419_01,CC BY,47392,Chest radiography at the initial visit to our hospital of Case 1. . Chest radiography at the initial visit to our hospital showed an infiltrative shadow with an air bronchogram and bronchiectasis in the right middle and lower lung fields.,['Figure 1'],radiology,x_ray,thorax,thorax,frontal,"['thorax', 'radiology', 'frontal', 'x_ray']","['radiology', 'thorax', 'x_ray']",True
file_0110769,PMC10891419_cureus-0016-00000052888-i04_undivided_1_1.webp,PMC10891419_02_cureus-0016-00000052888-i04.jpg,undivided,PMC10891419_02,CC BY,34324,Chest radiography at the initial visit to our hospital of Case 2. . Chest radiography at the initial visit to our hospital showed an infiltrating shadow in the right upper and lower lung fields.,['Figure 4'],radiology,x_ray,thorax,thorax,frontal,"['thorax', 'radiology', 'frontal', 'x_ray']","['radiology', 'thorax', 'x_ray']",True
file_0110775,PMC10892368_cureus-0016-00000052902-i01_undivided_1_1.webp,PMC10892368_01_cureus-0016-00000052902-i01.jpg,undivided,PMC10892368_01,CC BY,10526,A chest X-ray (anteroposterior (AP) view) showing findings within normal limits.,['Figure 1'],radiology,x_ray,thorax,thorax,frontal,"['thorax', 'radiology', 'frontal', 'x_ray']","['radiology', 'thorax', 'x_ray']",True
file_0110778,PMC10892377_cureus-0016-00000052903-i02_undivided_1_1.webp,PMC10892377_01_cureus-0016-00000052903-i02.jpg,undivided,PMC10892377_01,CC BY,13052,"CXR showing cardiomegaly, vascular congestion, and small bilateral pleural effusion. CXR: Chest X-ray.",[],radiology,x_ray,thorax,thorax,frontal,"['thorax', 'radiology', 'frontal', 'x_ray']","['radiology', 'thorax', 'x_ray']",True
file_0110784,PMC10893771_cureus-0016-00000052907-i01_undivided_1_1.webp,PMC10893771_01_cureus-0016-00000052907-i01.jpg,undivided,PMC10893771_01,CC BY,16496,The patient's chest radiograph obtained on admission.,"['Figure 1', 'Figures 1']",radiology,x_ray,thorax,thorax,frontal,"['thorax', 'radiology', 'frontal', 'x_ray']","['radiology', 'thorax', 'x_ray']",True
file_0110847,PMC10893996_cureus-0016-00000052894-i01_undivided_1_1.webp,PMC10893996_01_cureus-0016-00000052894-i01.jpg,undivided,PMC10893996_01,CC BY,20266,Chest X-ray shows an enlarged cardiac silhouette and moderate left pleural effusion. . Blue arrows show cardiac silhouette sign.,['Figure 1'],radiology,x_ray,thorax,thorax,frontal,"['thorax', 'radiology', 'frontal', 'x_ray']","['radiology', 'thorax', 'x_ray']",True
file_0110865,PMC10894023_cureus-0016-00000052955-i01_undivided_1_1.webp,PMC10894023_01_cureus-0016-00000052955-i01.jpg,undivided,PMC10894023_01,CC BY,15468,Chest radiography with right lower lobe infiltrates.,['Figure 1'],radiology,x_ray,thorax,thorax,frontal,"['thorax', 'radiology', 'frontal', 'x_ray']","['radiology', 'thorax', 'x_ray']",True
file_0110867,PMC10894023_cureus-0016-00000052955-i03_undivided_1_1.webp,PMC10894023_01_cureus-0016-00000052955-i03.jpg,undivided,PMC10894023_01,CC BY,16358,Chest radiography showing worsening right-sided infiltrates.,['Figure 3'],radiology,x_ray,thorax,thorax,frontal,"['thorax', 'radiology', 'frontal', 'x_ray']","['radiology', 'thorax', 'x_ray']",True
file_0110977,PMC10894673_cureus-0016-00000053004-i01_undivided_1_1.webp,PMC10894673_01_cureus-0016-00000053004-i01.jpg,undivided,PMC10894673_01,CC BY,9514,Initial Chest X-ray showing right-sided pleural effusion.,['Figure 1'],radiology,x_ray,thorax,thorax,frontal,"['thorax', 'radiology', 'frontal', 'x_ray']","['radiology', 'thorax', 'x_ray']",True
file_0110979,PMC10894673_cureus-0016-00000053004-i03_undivided_1_1.webp,PMC10894673_01_cureus-0016-00000053004-i03.jpg,undivided,PMC10894673_01,CC BY,13704,"Chest X-ray post thoracentesis, showing resolving effusion. A pigtail catheter was seen in the right lower lung field.",['Figure 3'],radiology,x_ray,thorax,thorax,frontal,"['thorax', 'radiology', 'frontal', 'x_ray']","['radiology', 'thorax', 'x_ray']",True
file_0110980,PMC10894673_cureus-0016-00000053004-i04_undivided_1_1.webp,PMC10894673_01_cureus-0016-00000053004-i04.jpg,undivided,PMC10894673_01,CC BY,12038,Chest X-ray showing recurrence of pleural effusion ten days later.,['Figure 4'],radiology,x_ray,thorax,thorax,frontal,"['thorax', 'radiology', 'frontal', 'x_ray']","['radiology', 'thorax', 'x_ray']",True
file_0111111,PMC10896460_cureus-0016-00000053035-i01_undivided_1_1.webp,PMC10896460_01_cureus-0016-00000053035-i01.jpg,undivided,PMC10896460_01,CC BY,29420,"X-ray PA view chest. . X-ray showing bilateral nodular opacities and infiltrates, along with areas of consolidation.",['Figure 1'],radiology,x_ray,thorax,thorax,frontal,"['thorax', 'radiology', 'frontal', 'x_ray']","['radiology', 'thorax', 'frontal', 'posteroanterior', 'x_ray', 'mass']",True
file_0111152,PMC10896661_cureus-0016-00000053069-i05_undivided_1_1.webp,PMC10896661_01_cureus-0016-00000053069-i05.jpg,undivided,PMC10896661_01,CC BY,19680,Chest radiograph.,[],radiology,x_ray,thorax,thorax,sagittal,"['thorax', 'radiology', 'sagittal', 'x_ray']","['radiology', 'thorax', 'x_ray']",True
file_0111195,PMC10898612_cureus-0016-00000053105-i05_undivided_1_1.webp,PMC10898612_01_cureus-0016-00000053105-i05.jpg,undivided,PMC10898612_01,CC BY,34116,External chest X-ray showing bilateral patches and diffuse haziness on the right side.,['Figure 5'],radiology,x_ray,thorax,thorax,frontal,"['thorax', 'radiology', 'frontal', 'x_ray']","['radiology', 'thorax', 'x_ray']",True
file_0111348,PMC10901546_cureus-0016-00000053174-i01_undivided_1_1.webp,PMC10901546_01_cureus-0016-00000053174-i01.jpg,undivided,PMC10901546_01,CC BY,23450,Chest radiography with no acute process identified.,['Figure 1'],radiology,x_ray,thorax,thorax,frontal,"['thorax', 'radiology', 'frontal', 'x_ray']","['radiology', 'thorax', 'x_ray']",True
file_0111386,PMC10901696_cureus-0016-00000053190-i01_undivided_1_1.webp,PMC10901696_01_cureus-0016-00000053190-i01.jpg,undivided,PMC10901696_01,CC BY,40116,Chest radiograph of a 28-year-old woman showing subtle right lung hyperinflation.,['Figure 1'],radiology,x_ray,thorax,thorax,frontal,"['thorax', 'radiology', 'frontal', 'x_ray']","['radiology', 'thorax', 'x_ray']",True
file_0111440,PMC10902737_cureus-0016-00000053233-i03_undivided_1_1.webp,PMC10902737_02_cureus-0016-00000053233-i03.jpg,undivided,PMC10902737_02,CC BY,24018,"Skeletal survey of the upper limbs and thorax. Red arrows: bilateral flattening and irregularities of the distal epiphyses of the radius and ulna; yellow arrows: rachitic rosary, visible on the extremities of the ribs.",[],radiology,x_ray,upper_limb,upper_arm,frontal,"['radiology', 'upper_limb', 'frontal', 'upper_arm', 'x_ray']",[],True
file_0111468,PMC10902870_cureus-0016-00000053216-i01_undivided_1_1.webp,PMC10902870_01_cureus-0016-00000053216-i01.jpg,undivided,PMC10902870_01,CC BY,15712,Supine chest X-ray demonstrating an area of lucency underneath the right hemidiaphragm representing intra-abdominal free air (red arrow).,['Figure 1'],radiology,x_ray,thorax,thorax,frontal,"['thorax', 'radiology', 'frontal', 'x_ray']","['radiology', 'x_ray']",True
file_0111542,PMC10903924_cureus-0016-00000053240-i01_undivided_1_1.webp,PMC10903924_01_cureus-0016-00000053240-i01.jpg,undivided,PMC10903924_01,CC BY,16968,CXR at presentation shows stable lungs with bilateral interstitial pulmonary infiltrates without demarcated consolidations.,['Figure 1'],radiology,x_ray,thorax,thorax,frontal,"['thorax', 'radiology', 'frontal', 'x_ray']","['radiology', 'thorax', 'x_ray']",True
file_0111638,PMC10905053_cureus-0016-00000053256-i02_undivided_1_1.webp,PMC10905053_01_cureus-0016-00000053256-i02.jpg,undivided,PMC10905053_01,CC BY,32148,Post-operative chest radiograph. Chest X-ray showing adequate left lung expansion following upper lobectomy.,['Figure 2'],radiology,x_ray,thorax,thorax,frontal,"['thorax', 'radiology', 'frontal', 'x_ray']","['radiology', 'thorax', 'x_ray']",True
file_0111669,PMC10905203_cureus-0016-00000053271-i01_undivided_1_1.webp,PMC10905203_01_cureus-0016-00000053271-i01.jpg,undivided,PMC10905203_01,CC BY,48786,"A chest x-ray anterior-posterior view showing heterogeneous opacities with air bronchograms in bilateral lung fields and bilateral pleural effusion, left more than right.",[],radiology,x_ray,thorax,thorax,frontal,"['thorax', 'radiology', 'frontal', 'x_ray']","['radiology', 'thorax', 'frontal', 'posteroanterior', 'x_ray', 'mass']",True
file_0111670,PMC10905203_cureus-0016-00000053271-i02_undivided_1_1.webp,PMC10905203_01_cureus-0016-00000053271-i02.jpg,undivided,PMC10905203_01,CC BY,82846,Bilateral lung field haziness on chest x-ray with left pleural effusion and left side ICD in situ.,[],radiology,x_ray,thorax,thorax,frontal,"['thorax', 'radiology', 'frontal', 'x_ray']","['radiology', 'thorax', 'x_ray']",True
file_0111675,PMC10905203_cureus-0016-00000053271-i07_undivided_1_1.webp,PMC10905203_01_cureus-0016-00000053271-i07.jpg,undivided,PMC10905203_01,CC BY,29360,"Chest x-ray anterior-posterior view post-TDE, where the embolization of the thoracic duct by cyanoacrylate glue can be seen (red arrow). TDE: thoracic duct embolization.",['Figure 7'],radiology,x_ray,thorax,thorax,frontal,"['thorax', 'radiology', 'frontal', 'x_ray']","['radiology', 'thorax', 'frontal', 'posteroanterior', 'x_ray']",True
file_0111676,PMC10905203_cureus-0016-00000053271-i08_undivided_1_1.webp,PMC10905203_01_cureus-0016-00000053271-i08.jpg,undivided,PMC10905203_01,CC BY,74144,"A chest x-ray anterior-posterior view post-discharge shows complete clearance of bilateral lung fields with bilaterally clear costophrenic angles indicating complete clearance of the chylothorax, with embolization of the thoracic duct (red arrow).",['Figure 8'],radiology,x_ray,thorax,thorax,frontal,"['thorax', 'radiology', 'frontal', 'x_ray']","['radiology', 'thorax', 'frontal', 'posteroanterior', 'x_ray']",True
file_0111677,PMC10905209_cureus-0016-00000053333-i01_undivided_1_1.webp,PMC10905209_01_cureus-0016-00000053333-i01.jpg,undivided,PMC10905209_01,CC BY,22088,Chest x-ray on admission. Cardiomegaly was noted with left retrocardiac opacity.,['Figure 1'],radiology,x_ray,thorax,thorax,frontal,"['thorax', 'radiology', 'frontal', 'x_ray']","['radiology', 'thorax', 'x_ray', 'mass']",True
file_0111691,PMC10905307_cureus-0016-00000053280-i02_C_3_3.webp,PMC10905307_01_cureus-0016-00000053280-i02.jpg,c,PMC10905307_01,CC BY,2512,"Radiological studies of the reported patient. . Lumbar spine anteroposterior x-ray). Figure 2D: The MRI confirmed a 12th-thoracic vertebral-first-lumbar vertebra (T12-L1) compression fracture with biconcave deformity of their endplates, illustrating the classical codfish radiological sign appearance (yellow arrows).",['Figure 2'],radiology,x_ray,abdomen,abdomen,periapical,"['abdomen', 'radiology', 'periapical', 'x_ray']",['radiology'],True
file_0111718,PMC10906332_jbsr-108-1-3448-g2_undivided_1_1.webp,PMC10906332_01_jbsr-108-1-3448-g2.jpg,undivided,PMC10906332_01,CC BY,17866,Follow-up chest radiograph showing gastric pneumatosis as a linear lucency outlining the circumference of the intrathoracic stomach (arrow).,['Figure 2'],radiology,x_ray,thorax,thorax,frontal,"['thorax', 'radiology', 'frontal', 'x_ray']","['radiology', 'x_ray']",True
file_0111803,PMC10907549_cureus-0016-00000053345-i01_undivided_1_1.webp,PMC10907549_01_cureus-0016-00000053345-i01.jpg,undivided,PMC10907549_01,CC BY,15544,Chest x-ray showing consolidative changes in the right upper zone and left mid zone (blue arrows) with cavitary changes in the left mid and lower zones (green arrows).,['Figure 1'],radiology,x_ray,thorax,thorax,frontal,"['thorax', 'radiology', 'frontal', 'x_ray']","['radiology', 'thorax', 'x_ray']",True
file_0111807,PMC10907549_cureus-0016-00000053345-i05_undivided_1_1.webp,PMC10907549_01_cureus-0016-00000053345-i05.jpg,undivided,PMC10907549_01,CC BY,13094,Chest x-ray during the subsequent admission showing an increase in the opacity on the left hemithorax (blue arrows).,['Figure 5'],radiology,x_ray,thorax,thorax,frontal,"['thorax', 'radiology', 'frontal', 'x_ray']","['radiology', 'thorax', 'x_ray', 'mass']",True
file_0111813,PMC10907552_cureus-0016-00000053344-i01_undivided_1_1.webp,PMC10907552_01_cureus-0016-00000053344-i01.jpg,undivided,PMC10907552_01,CC BY,22472,Chest X-Ray showing new small bilateral pleural effusions.,[],radiology,x_ray,thorax,thorax,frontal,"['thorax', 'radiology', 'frontal', 'x_ray']","['radiology', 'thorax', 'x_ray']",True
file_0111830,PMC10908293_PAMJ-46-107-g001_undivided_1_1.webp,PMC10908293_01_PAMJ-46-107-g001.jpg,undivided,PMC10908293_01,CC BY,12786,posterior anterior chest X-ray showing the air-fluid level below the right hemidiaphragm.,['Figure 1'],radiology,x_ray,thorax,thorax,frontal,"['thorax', 'radiology', 'frontal', 'x_ray']","['radiology', 'thorax', 'x_ray']",True
file_0111876,PMC10910152_gr1_undivided_1_1.webp,PMC10910152_01_gr1.jpg,undivided,PMC10910152_01,CC BY,30406,Chest radiograph-frontal view showing significant mediastinal shift to the right with associated tracheal deviation (black arrow) and ipsilateral loss of lung volume. There are also diminished pulmonary vascular markings on the right (blue arrow) as well as some reticular changes.,[],radiology,x_ray,thorax,thorax,frontal,"['thorax', 'radiology', 'frontal', 'x_ray']","['radiology', 'thorax', 'frontal', 'x_ray']",True
file_0111989,PMC10914577_gr2_undivided_1_1.webp,PMC10914577_01_gr2.jpg,undivided,PMC10914577_01,CC BY-NC,9342,Abnormal RHC consistent with a group 4.2 pulmonary arterial hypertension secondary to fibrosing mediastinitis other pulmonary artery obstructions.,['Fig. 2'],radiology,x_ray,thorax,thorax,oblique,"['thorax', 'radiology', 'oblique', 'x_ray']",[],True
file_0112061,PMC10920231_fcvm-11-1342146-g001_undivided_1_1.webp,PMC10920231_01_fcvm-11-1342146-g001.jpg,undivided,PMC10920231_01,CC BY,29928,"According to the CXR, a bullet of 5.5 mm in length was found in the anteroposterior of left part of the mediastinum, gunshot.",['Figures 1'],radiology,x_ray,thorax,thorax,frontal,"['thorax', 'radiology', 'frontal', 'x_ray']","['radiology', 'thorax', 'x_ray']",True
file_0112062,PMC10921100_cjim-15-188-g001_undivided_1_1.webp,PMC10921100_01_cjim-15-188-g001.jpg,undivided,PMC10921100_01,CC BY,8428,"Chest radiography showed cardiomegaly, occlusion of the left phrenic-costal sinus and bilateral interstitial abnormalities.",['figure 1'],radiology,x_ray,thorax,thorax,frontal,"['thorax', 'radiology', 'frontal', 'x_ray']","['radiology', 'thorax', 'x_ray']",True
file_0112258,PMC10927220_SNI-15-60-g002_a_1_2.webp,PMC10927220_01_SNI-15-60-g002.jpg,a,PMC10927220_01,CC BY-NC-SA,4738,Thoracic.,['Figure 2a'],radiology,x_ray,abdomen,abdomen,frontal,"['abdomen', 'radiology', 'frontal', 'x_ray']",[],True
file_0112259,PMC10927220_SNI-15-60-g002_b_2_2.webp,PMC10927220_01_SNI-15-60-g002.jpg,b,PMC10927220_01,CC BY-NC-SA,6702,Cervical X-rays of the spine showing placement of the thoracic and cervical paddle leads in patient 1.,['Figure 2b'],radiology,x_ray,head,head,sagittal,"['head', 'radiology', 'sagittal', 'x_ray']","['radiology', 'x_ray']",True
file_0112324,PMC10929514_mrm-19-1-943-g002_A_1_6.webp,PMC10929514_01_mrm-19-1-943-g002.jpg,a,PMC10929514_01,CC BY-NC,4634,"Sequential chest X-ray of case 1. A. Signs of pulmonary hyperinflation with diaphragmatic flattening. Orotracheal tube in proper position, there are no consolidations and pleural angles are free.",['Figure 2'],radiology,x_ray,thorax,thorax,frontal,"['thorax', 'radiology', 'frontal', 'x_ray']","['radiology', 'thorax', 'x_ray']",True
file_0112325,PMC10929514_mrm-19-1-943-g002_B_2_6.webp,PMC10929514_01_mrm-19-1-943-g002.jpg,b,PMC10929514_01,CC BY-NC,4736,"Sequential chest X-ray of case 1. B. Severe right pneumothorax, subcutaneous emphysema, displacement of mediastinal structures to the left. Presence of a nasogastric tube.",['Figure 2'],radiology,x_ray,thorax,thorax,frontal,"['thorax', 'radiology', 'frontal', 'x_ray']","['radiology', 'thorax', 'x_ray']",True
file_0112326,PMC10929514_mrm-19-1-943-g002_C_3_6.webp,PMC10929514_01_mrm-19-1-943-g002.jpg,c,PMC10929514_01,CC BY-NC,4866,"Sequential chest X-ray of case 1. C. Mild pulmonary expansion with large subcutaneous emphysema. The chest tube is directed towards the pulmonary apex, a superior vena cava catheter is placed.",['Figure 2'],radiology,x_ray,thorax,thorax,frontal,"['thorax', 'radiology', 'frontal', 'x_ray']","['radiology', 'thorax', 'x_ray']",True
file_0112327,PMC10929514_mrm-19-1-943-g002_D_4_6.webp,PMC10929514_01_mrm-19-1-943-g002.jpg,d,PMC10929514_01,CC BY-NC,4584,"Sequential chest X-ray of case 1. D. Complete opacity of the left hemithorax with ipsilateral displacement of mediastinal structures, suggestive of atelectasis and presence of a hernia in the right lung. There is subcutaneous emphysema on both pulmonary fields.",['Figure 2'],radiology,x_ray,thorax,thorax,frontal,"['thorax', 'radiology', 'frontal', 'x_ray']","['radiology', 'thorax', 'x_ray', 'mass']",True
file_0112328,PMC10929514_mrm-19-1-943-g002_E_5_6.webp,PMC10929514_01_mrm-19-1-943-g002.jpg,e,PMC10929514_01,CC BY-NC,3942,"Sequential chest X-ray of case 1. E. Severe right pneumothorax with complete collapse of the lung, right chest tube, mediastinal displacement to the left.",['Figure 2'],radiology,x_ray,thorax,thorax,frontal,"['thorax', 'radiology', 'frontal', 'x_ray']","['radiology', 'thorax', 'x_ray']",True
file_0112329,PMC10929514_mrm-19-1-943-g002_F_6_6.webp,PMC10929514_01_mrm-19-1-943-g002.jpg,f,PMC10929514_01,CC BY-NC,3872,"Sequential chest X-ray of case 1. F. Complete opacity of both pulmonary fields due to massive pleural effusion, right chest tubes and displacement of the trachea to the right. R: right side.",['Figure 2'],radiology,x_ray,thorax,thorax,frontal,"['thorax', 'radiology', 'frontal', 'x_ray']","['radiology', 'thorax', 'x_ray', 'mass']",True
file_0112331,PMC10929514_mrm-19-1-943-g006_A_1_4.webp,PMC10929514_06_mrm-19-1-943-g006.jpg,a,PMC10929514_06,CC BY-NC,6162,"Sequential chest x-ray of case 6. A. Normal cardio aortic silhouette, central trachea, normal mediastinum, orotracheal tube in proper position. There are no consolidations, adequate pulmonary expansion. An image is observed that may correspond to a probe projected to the right intermediate bronchus.",['Figure 6'],radiology,x_ray,thorax,thorax,frontal,"['thorax', 'radiology', 'frontal', 'x_ray']","['radiology', 'thorax', 'x_ray']",True
file_0112332,PMC10929514_mrm-19-1-943-g006_B_2_4.webp,PMC10929514_06_mrm-19-1-943-g006.jpg,b,PMC10929514_06,CC BY-NC,5534,"Sequential chest x-ray of case 6. B. Central trachea, orotracheal tube correctly positioned, right jugular cannula ending in the right atrium. Appearance of consolidation with air bronchogram in the left upper lobe.",['Figure 6'],radiology,x_ray,thorax,thorax,frontal,"['thorax', 'radiology', 'frontal', 'x_ray']","['radiology', 'thorax', 'x_ray']",True
file_0112333,PMC10929514_mrm-19-1-943-g006_C_3_4.webp,PMC10929514_06_mrm-19-1-943-g006.jpg,c,PMC10929514_06,CC BY-NC,6872,"Sequential chest x-ray of case 6. C. Opacity in the right lower lobe, ECMO cannula in position, enteral feeding tube. There is no evidence of pleural effusion. This image is posterior to the extraction of the foreign body located in the right intermediate bronchus.",['Figure 6'],radiology,x_ray,thorax,thorax,frontal,"['thorax', 'radiology', 'frontal', 'x_ray']","['radiology', 'thorax', 'x_ray']",True
file_0112334,PMC10929514_mrm-19-1-943-g006_D_4_4.webp,PMC10929514_06_mrm-19-1-943-g006.jpg,d,PMC10929514_06,CC BY-NC,7752,"Sequential chest x-ray of case 6. D. Image prior to discharge showing a normal trachea, normal cardiac silhouette, mediastinum and lung fields. There is no evidence of pneumothorax or pleural effusion.",['Figure 6'],radiology,x_ray,thorax,thorax,frontal,"['thorax', 'radiology', 'frontal', 'x_ray']","['radiology', 'thorax', 'x_ray']",True
file_0112650,PMC10948502_fsurg-11-1370876-g001_B_2_2.webp,PMC10948502_01_fsurg-11-1370876-g001.jpg,b,PMC10948502_01,CC BY,11936,The image of a contrast study of the esophagus of the thoracic aorta by stent-graft placement.,['Figure 1B'],radiology,x_ray,thorax,thorax,frontal,"['thorax', 'radiology', 'frontal', 'x_ray']","['radiology', 'thorax', 'contrast']",True
file_0112656,PMC10949077_HIC-19-08-g-005_undivided_1_1.webp,PMC10949077_01_HIC-19-08-g-005.jpg,undivided,PMC10949077_01,CC BY,23040,Circumferential calcified band in lateral chest radiograph.,"['Figure 1', 'dies (Figure 1', 'tudies (Figure 1', 'Fig. 1', ' studies (Figure 1']",radiology,x_ray,thorax,thorax,oblique,"['thorax', 'radiology', 'oblique', 'x_ray']","['radiology', 'thorax', 'x_ray']",True
file_0112670,PMC10949806_jbsr-108-1-3410-g1_undivided_1_1.webp,PMC10949806_01_jbsr-108-1-3410-g1.jpg,undivided,PMC10949806_01,CC BY,11686,Chest antero-posterior radiograph. . Multiple pulmonary opacities and an air bronchogram suggesting pneumonia.,[],radiology,x_ray,thorax,thorax,frontal,"['thorax', 'radiology', 'frontal', 'x_ray']","['radiology', 'thorax', 'x_ray', 'mass']",True
file_0112672,PMC10949806_jbsr-108-1-3410-g3_A_1_2.webp,PMC10949806_01_jbsr-108-1-3410-g3.jpg,a,PMC10949806_01,CC BY,12842,"(A, B) Chest and abdominal antero-posterior radiograph. . Free air (subcutaneous emphysema) located at the infra-thoracic part of the chest radiograph.",[],radiology,x_ray,thorax,thorax,frontal,"['thorax', 'radiology', 'frontal', 'x_ray']","['radiology', 'x_ray']",True
file_0112673,PMC10949806_jbsr-108-1-3410-g3_B_2_2.webp,PMC10949806_01_jbsr-108-1-3410-g3.jpg,b,PMC10949806_01,CC BY,8026,"(A, B) Chest and abdominal antero-posterior radiograph. . Free air (subcutaneous emphysema) located at the infra-thoracic part of the chest radiograph.",[],radiology,x_ray,thorax,thorax,frontal,"['thorax', 'radiology', 'frontal', 'x_ray']","['radiology', 'x_ray']",True
file_0112677,PMC10949806_jbsr-108-1-3410-g7_undivided_1_1.webp,PMC10949806_01_jbsr-108-1-3410-g7.jpg,undivided,PMC10949806_01,CC BY,12214,Chest radiograph. . Total recovery of the free air throughout the body due to drainage and tissue resorption.,[],radiology,x_ray,thorax,thorax,frontal,"['thorax', 'radiology', 'frontal', 'x_ray']","['radiology', 'thorax', 'x_ray']",True
file_0112711,PMC10953631_rpmesp-40-01-12169-g001_undivided_1_1.webp,PMC10953631_01_rpmesp-40-01-12169-g001.jpg,undivided,PMC10953631_01,CC BY,9030,"Chest X-ray. The image shows cervical subcutaneous emphysema, multiple cystic formations in both lungs, measuring approximately 38 x 26 mm as well as discrete pneumomediastinum.",[],radiology,x_ray,thorax,thorax,frontal,"['thorax', 'radiology', 'frontal', 'x_ray']","['radiology', 'x_ray']",True
file_0113035,PMC10965554_fcvm-11-1327996-g001_undivided_1_1.webp,PMC10965554_01_fcvm-11-1327996-g001.jpg,undivided,PMC10965554_01,CC BY,19640,Chest x-ray.,['Figure 1'],radiology,x_ray,thorax,thorax,frontal,"['thorax', 'radiology', 'frontal', 'x_ray']","['radiology', 'thorax', 'x_ray']",True
file_0113040,PMC10965776_fendo-15-1345067-g001_B_2_2.webp,PMC10965776_01_fendo-15-1345067-g001.jpg,b,PMC10965776_01,CC BY,18348,"(B) X-ray examination suggested pneumonia, mandibuloacral dysplasia, thoracolumbar kyphosis, developmental hip dislocation, gracile long bones of ribs, clavicles, and extremities, osteoporosis, osteolysis of the proximal radius and distal part of finger.",['Figure 1B'],radiology,x_ray,thorax,thorax,frontal,"['thorax', 'radiology', 'frontal', 'x_ray']","['radiology', 'x_ray']",True
file_0113506,PMC10999218_IMCRJ-17-275-g0002_undivided_1_1.webp,PMC10999218_01_IMCRJ-17-275-g0002.jpg,undivided,PMC10999218_01,CC BY-NC,12410,"Chest X-ray showing right mid to lower lung coalescing patchy opacities with ground glass change (the red arrow), enlarged cardiac silhouettes (CTR 61%) with rounded right heart border and shift of cardiac apex (small red arrow).",[],radiology,x_ray,thorax,thorax,frontal,"['thorax', 'radiology', 'frontal', 'x_ray']","['radiology', 'thorax', 'x_ray', 'mass']",True
file_0113578,PMC11000842_jchim-13-06-039f1_undivided_1_1.webp,PMC11000842_01_jchim-13-06-039f1.jpg,undivided,PMC11000842_01,CC BY-NC,13026,"Chest x-ray showed a mass-like opacity in the right perihilar region. (Yellow circle), an irregular nodular opacity in the right upper lobe (white circle) and increased interstitial markings bilaterally.",['Fig. 1'],radiology,x_ray,thorax,thorax,frontal,"['thorax', 'radiology', 'frontal', 'x_ray']","['radiology', 'thorax', 'x_ray', 'mass']",True
file_0113581,PMC11000843_jchim-13-06-076f3_undivided_1_1.webp,PMC11000843_01_jchim-13-06-076f3.jpg,undivided,PMC11000843_01,CC BY-NC,9276,"Chest X-ray featuring opacification of the peripheral aspect of the right hemithorax, most pronounced in the right middle of the lung.",['Fig. 3'],radiology,x_ray,thorax,thorax,frontal,"['thorax', 'radiology', 'frontal', 'x_ray']","['radiology', 'thorax', 'x_ray', 'mass']",True
file_0113652,PMC11002335_AMS2-11-e938-g002_B_2_2.webp,PMC11002335_01_AMS2-11-e938-g002.jpg,b,PMC11002335_01,CC BY-NC,5850,"Computed tomography and chest radiographic images 3 months postoperatively. The computed tomography and chest radiographic images obtained 3 months postoperatively show no existing injuries. (B) The left fourth to seventh rib fractures are repaired, and the left diaphragm remains unelevated.",[],radiology,x_ray,thorax,thorax,frontal,"['thorax', 'radiology', 'frontal', 'x_ray']",['radiology'],True
file_0113689,PMC11004192_gr1_undivided_1_1.webp,PMC11004192_01_gr1.jpg,undivided,PMC11004192_01,CC BY-NC,20976,Chest X-rays on day 1 (Fig. 1A) and day 7 (Fig. 1B) of the disease. Fig. 1A shows significant consolidation and bilateral infiltrates in both lung fields. Fig. 1B shows a remarkable reduction in lung parenchymal infiltrations.,[],radiology,x_ray,thorax,thorax,frontal,"['thorax', 'radiology', 'frontal', 'x_ray']","['radiology', 'thorax', 'x_ray']",True
file_0113690,PMC11004192_gr2_undivided_1_1.webp,PMC11004192_01_gr2.jpg,undivided,PMC11004192_01,CC BY-NC,19808,Chest X-ray performed during the follow-up visit (on day 14 of the disease) revealed the absence of any residual lung parenchymal infiltrations.,['Fig. 2'],radiology,x_ray,thorax,thorax,frontal,"['thorax', 'radiology', 'frontal', 'x_ray']","['radiology', 'thorax', 'x_ray']",True
file_0114296,PMC11027166_fsurg-11-1290574-g001_F_6_6.webp,PMC11027166_01_fsurg-11-1290574-g001.jpg,f,PMC11027166_01,CC BY,5500,"Imaging examinations of case 1 obtained on readmission (C-F). Chest CT scan showing the tip of the atrial electrode touching the right upper lobe of the lung and causing pneumothorax (F). AP, anterior posterior; CT, computed tomography; LAO, left anterior oblique; LL, left lateral; RA, right atrium; RAO, right anterior oblique; RL, right lateral.",['Figure 1F'],radiology,x_ray,thorax,thorax,oblique,"['thorax', 'radiology', 'oblique', 'x_ray']",[],True
file_0114304,PMC11027166_fsurg-11-1290574-g003_C_3_4.webp,PMC11027166_02_fsurg-11-1290574-g003.jpg,c,PMC11027166_02,CC BY,7852,"After relief of chest pain by drainage through a pigtail catheter, a new passive fixation lead was placed in the distal RAA [ LAO view.","['Figures 3C,D']",radiology,x_ray,thorax,thorax,oblique,"['thorax', 'radiology', 'oblique', 'x_ray']","['radiology', 'oblique']",True
file_0114358,PMC11032163_IDR-17-1515-g0003_A_1_2.webp,PMC11032163_01_IDR-17-1515-g0003.jpg,a,PMC11032163_01,CC BY-NC,10348,"Chest X-ray of the patient on May 14, 2018. Extensive interstitial changes in both lungs: posteroanterior view.",['Figure 3'],radiology,x_ray,thorax,thorax,frontal,"['thorax', 'radiology', 'frontal', 'x_ray']","['radiology', 'thorax', 'frontal', 'posteroanterior', 'x_ray']",True
file_0114359,PMC11032163_IDR-17-1515-g0003_B_2_2.webp,PMC11032163_01_IDR-17-1515-g0003.jpg,b,PMC11032163_01,CC BY-NC,7578,"Chest X-ray of the patient on May 14, 2018. And lateral view.",['Figure 3'],radiology,x_ray,thorax,thorax,sagittal,"['thorax', 'radiology', 'sagittal', 'x_ray']","['radiology', 'thorax', 'sagittal', 'x_ray']",True
file_0114383,PMC11032669_IMCRJ-17-353-g0002_undivided_1_1.webp,PMC11032669_01_IMCRJ-17-353-g0002.jpg,undivided,PMC11032669_01,CC BY-NC,10898,A chest X-ray showed bilateral pulmonary edema.,['Figure 2'],radiology,x_ray,thorax,thorax,frontal,"['thorax', 'radiology', 'frontal', 'x_ray']","['radiology', 'thorax', 'x_ray']",True
file_0114648,PMC11044940_pocusj-09-16854-g004_undivided_1_1.webp,PMC11044940_01_pocusj-09-16854-g004.jpg,undivided,PMC11044940_01,CC BY,16094,Chest x-ray with gas shadow (depicted by the black arrow) seen beneath the right hemidiaphragm.,['Figure 4'],radiology,x_ray,thorax,thorax,frontal,"['thorax', 'radiology', 'frontal', 'x_ray']","['radiology', 'thorax', 'x_ray']",True
file_0114657,PMC11045152_JGID-16-33-g001_b_2_4.webp,PMC11045152_01_JGID-16-33-g001.jpg,b,PMC11045152_01,CC BY-NC-SA,8836,Chest X-ray show necrosis of left sternum (arrow).,['Figure 1b'],radiology,x_ray,thorax,thorax,frontal,"['thorax', 'radiology', 'frontal', 'x_ray']","['radiology', 'thorax', 'x_ray']",True
file_0114663,PMC11045157_JGID-16-36-g002_undivided_1_1.webp,PMC11045157_01_JGID-16-36-g002.jpg,undivided,PMC11045157_01,CC BY-NC-SA,15650,Chest X-ray posteroanterior view depicting right pneumothorax with bilateral consolidation with intercostal tube drainage in situ on right side.,['Figure 2'],radiology,x_ray,thorax,thorax,frontal,"['thorax', 'radiology', 'frontal', 'x_ray']","['radiology', 'thorax', 'frontal', 'posteroanterior', 'x_ray']",True
file_0114730,PMC11048205_OAEM-16-87-g0001_undivided_1_1.webp,PMC11048205_01_OAEM-16-87-g0001.jpg,undivided,PMC11048205_01,CC BY-NC,6044,Right lung opacity with right Costo-phrenic angle distortion and air fluid level at the tip of the right lung (suggestive of empyema and lung abscess).,['Figure 1'],radiology,x_ray,thorax,thorax,frontal,"['thorax', 'radiology', 'frontal', 'x_ray']",[],True
file_0114841,PMC11058217_fcvm-11-1347885-g002_A_1_2.webp,PMC11058217_01_fcvm-11-1347885-g002.jpg,a,PMC11058217_01,CC BY,17050,Chest radiographs and echocardiograms in the intensive care unit (ICU). (A) Chest radiographs on the initial three days of ICU admission. Lung edema exhibited a rapid amelioration.,['Figure 2A'],radiology,x_ray,thorax,thorax,periapical,"['thorax', 'radiology', 'periapical', 'x_ray']",['radiology'],True
file_0114896,PMC11060144_acc-11-01-10281-g001_undivided_1_1.webp,PMC11060144_01_acc-11-01-10281-g001.jpg,undivided,PMC11060144_01,CC BY-NC,15470,"HD 28, Chest X-ray showing diffuse bilateral pulmonary infiltrates.",['Figure 1'],radiology,x_ray,thorax,thorax,frontal,"['thorax', 'radiology', 'frontal', 'x_ray']","['radiology', 'thorax', 'x_ray']",True
file_0114897,PMC11060144_acc-11-01-10281-g002_undivided_1_1.webp,PMC11060144_01_acc-11-01-10281-g002.jpg,undivided,PMC11060144_01,CC BY-NC,13090,On HD 35 Chest XR showing improved lung aeration after ECMO decannulation.,['Figure 2'],radiology,x_ray,thorax,thorax,frontal,"['thorax', 'radiology', 'frontal', 'x_ray']",[],True
file_0115102,PMC11073518_1678-9849-rsbmt-57-e00914-2024-gf1_undivided_1_1.webp,PMC11073518_01_1678-9849-rsbmt-57-e00914-2024-gf1.jpg,undivided,PMC11073518_01,CC BY,8242,"Chest radiograph showing a tension pneumothorax on the left, mediastinal shift to the right (arrows), and a ruptured hydatid cyst (asterisk).",['Figure 1'],radiology,x_ray,thorax,thorax,frontal,"['thorax', 'radiology', 'frontal', 'x_ray']","['radiology', 'thorax', 'x_ray']",True
file_0115192,PMC11079374_SAJR-28-2766-g001_a_1_4.webp,PMC11079374_01_SAJR-28-2766-g001.jpg,a,PMC11079374_01,CC BY,2868,"Horseshoe lung in a 2-year-old male associated with left lung hypoplasia. (a) Chest radiograph demonstrates a small, opaque left hemithorax with ipsilateral mediastinal shift and compensatory hyperinflation of the right lung.",['Figure 1a'],radiology,x_ray,thorax,thorax,frontal,"['thorax', 'radiology', 'frontal', 'x_ray']","['radiology', 'thorax', 'x_ray']",True
file_0115219,PMC11079585_f1000research-12-151331-g0001_undivided_1_1.webp,PMC11079585_01_f1000research-12-151331-g0001.jpg,undivided,PMC11079585_01,CC BY,27028,A chest radiograph of a 17-year-old boy showing no detectable abnormalities.,['Figures 1'],radiology,x_ray,thorax,thorax,frontal,"['thorax', 'radiology', 'frontal', 'x_ray']","['radiology', 'thorax', 'x_ray']",True
file_0115344,PMC11083485_acmi-6-00554-g001_undivided_1_1.webp,PMC11083485_01_acmi-6-00554-g001.jpg,undivided,PMC11083485_01,CC BY,2822,Chest radiograph-bilateral pleural effusion with opacification in the right mid-zone.,['Fig. 1'],radiology,x_ray,thorax,thorax,frontal,"['thorax', 'radiology', 'frontal', 'x_ray']","['radiology', 'thorax', 'x_ray', 'mass']",True
file_0115346,PMC11083485_acmi-6-00554-g003_undivided_1_1.webp,PMC11083485_01_acmi-6-00554-g003.jpg,undivided,PMC11083485_01,CC BY,10904,Post-aspiration chest radiograph.,['Fig. 3'],radiology,x_ray,thorax,thorax,frontal,"['thorax', 'radiology', 'frontal', 'x_ray']","['radiology', 'thorax', 'x_ray']",True
file_0115347,PMC11083485_acmi-6-00554-g004_undivided_1_1.webp,PMC11083485_01_acmi-6-00554-g004.jpg,undivided,PMC11083485_01,CC BY,13826,Chest radiograph after 1 month of recovery.,['Fig. 4'],radiology,x_ray,thorax,thorax,frontal,"['thorax', 'radiology', 'frontal', 'x_ray']","['radiology', 'thorax', 'x_ray']",True
file_0115582,PMC11090586_SNI-15-118-g001_undivided_1_1.webp,PMC11090586_01_SNI-15-118-g001.jpg,undivided,PMC11090586_01,CC BY-NC-SA,22020,Chest X-ray posteroanterior view.,['Figure 1'],radiology,x_ray,thorax,thorax,frontal,"['thorax', 'radiology', 'frontal', 'x_ray']","['radiology', 'thorax', 'frontal', 'posteroanterior', 'x_ray']",True
file_0115751,PMC11097779_fcvm-11-1341426-g001_undivided_1_1.webp,PMC11097779_01_fcvm-11-1341426-g001.jpg,undivided,PMC11097779_01,CC BY,8824,Chest radiograph shows bilateral pleural effusion.,['Figure 1'],radiology,x_ray,thorax,thorax,frontal,"['thorax', 'radiology', 'frontal', 'x_ray']","['radiology', 'thorax', 'x_ray']",True
file_0115873,PMC11102796_vrf-15-215-g001_E_1_1.webp,PMC11102796_01_vrf-15-215-g001.jpg,e,PMC11102796_01,CC BY-NC-SA,10964,Right lateral radiograph of the neck and chest of the dog with megaesophagus. The arrow represents a strip sign. E: Esophagus; T: Trachea.,['Fig. 1'],radiology,x_ray,thorax,thorax,sagittal,"['thorax', 'radiology', 'sagittal', 'x_ray']","['radiology', 'sagittal']",True
file_0115893,PMC11104548_HV-25-42-g001_c_3_4.webp,PMC11104548_01_HV-25-42-g001.jpg,c,PMC11104548_01,CC BY-NC-SA,5316,Pulmonary angiography showing a large thrombus more to in right branches.,['Figure 1c'],radiology,x_ray,thorax,thorax,frontal,"['thorax', 'radiology', 'frontal', 'x_ray']","['radiology', 'angiography']",True
file_0115909,PMC11106553_AMS2-11-e969-g002_undivided_1_1.webp,PMC11106553_01_AMS2-11-e969-g002.jpg,undivided,PMC11106553_01,CC BY-NC,24472,The chest radiographs show decreased permeability in the left lung and sternal wires.,['Figure 2'],radiology,x_ray,thorax,thorax,frontal,"['thorax', 'radiology', 'frontal', 'x_ray']","['radiology', 'thorax', 'x_ray']",True
file_0115910,PMC11106595_f1000research-12-158236-g0000_undivided_1_1.webp,PMC11106595_01_f1000research-12-158236-g0000.jpg,undivided,PMC11106595_01,CC BY,7542,Chest X-ray showing a pleural opacity in the left chest repressing the trachea and the mediastinum.,['Figure 1'],radiology,x_ray,thorax,thorax,frontal,"['thorax', 'radiology', 'frontal', 'x_ray']","['radiology', 'thorax', 'x_ray', 'mass']",True
file_0115963,PMC11111145_IJOEM-28-86-g001_undivided_1_1.webp,PMC11111145_01_IJOEM-28-86-g001.jpg,undivided,PMC11111145_01,CC BY-NC-SA,14712,Chest radiography suggestive of bilateral reticulonodular opacities.,['Figure 1'],radiology,x_ray,thorax,thorax,frontal,"['thorax', 'radiology', 'frontal', 'x_ray']","['radiology', 'thorax', 'x_ray', 'mass']",True
file_0116250,PMC11128503_gr1_b_1_1.webp,PMC11128503_01_gr1.jpg,b,PMC11128503_01,CC BY,12086,Chest radiograph showing multiple nodules and tumors in the bilateral lung fields a) on admission and b) on the 20th day of hospitalization.,['Fig. 1b'],radiology,x_ray,thorax,thorax,frontal,"['thorax', 'radiology', 'frontal', 'x_ray']","['radiology', 'thorax', 'x_ray', 'mass']",True
file_0116270,PMC11128555_fped-12-1233600-g001_A_1_4.webp,PMC11128555_01_fped-12-1233600-g001.jpg,a,PMC11128555_01,CC BY,6284,Chest X-ray showing a significantly decreased transmittance in the left lung.,"['Figures 1A,B']",radiology,x_ray,thorax,thorax,frontal,"['thorax', 'radiology', 'frontal', 'x_ray']","['radiology', 'thorax', 'x_ray']",True
file_0116273,PMC11128555_fped-12-1233600-g001_D_4_4.webp,PMC11128555_01_fped-12-1233600-g001.jpg,d,PMC11128555_01,CC BY,5730,Chest X-ray showing that the transmittance of the lung was improved.,['Figure 1D'],radiology,x_ray,thorax,thorax,frontal,"['thorax', 'radiology', 'frontal', 'x_ray']","['radiology', 'thorax', 'x_ray']",True
file_0116413,PMC11133615_fmed-11-1365756-g002_A_1_2.webp,PMC11133615_04_fmed-11-1365756-g002.jpg,a,PMC11133615_04,CC BY,8388,(A) Chest X-ray image revealing a consolidative opacity throughout the entire left lower lobe (white asterisk) and multiple alveolar filling opacities in the upper right lobe (red asterisk).,[],radiology,x_ray,thorax,thorax,frontal,"['thorax', 'radiology', 'frontal', 'x_ray']","['radiology', 'x_ray', 'mass']",True
file_0116615,PMC11140109_fonc-14-1309803-g001_E_5_8.webp,PMC11140109_01_fonc-14-1309803-g001.jpg,e,PMC11140109_01,CC BY,10020,(E) A chest X-ray showed a left anterior mediastinal tumor with illuminated edges.,['Figures 1E-H'],radiology,x_ray,thorax,thorax,sagittal,"['thorax', 'radiology', 'sagittal', 'x_ray']","['radiology', 'thorax', 'x_ray', 'mass']",True
file_0116761,PMC11144879_fvets-11-1386710-g0001_undivided_1_1.webp,PMC11144879_01_fvets-11-1386710-g0001.jpg,undivided,PMC11144879_01,CC BY,16714,"Right lateral thoracic radiographs confirming termination of the jugular catheter (labeled #) in the region of the cranial vena cava and right atrium. A radiopaque esophageal feeding tube (labeled *) is also present, terminating at the level of the lower esophageal sphincter.",['Figure 1'],radiology,x_ray,thorax,thorax,sagittal,"['thorax', 'radiology', 'sagittal', 'x_ray']","['radiology', 'x_ray']",True
file_0116824,PMC11148355_fcvm-11-1364289-g001_A_1_8.webp,PMC11148355_01_fcvm-11-1364289-g001.jpg,a,PMC11148355_01,CC BY,6228,"Chest and abdominal radiographs on DOH 1 Increasingly intensified pulmonary edema, disappeared intestinal tube aeration and accumulated ascites.","['Figures 1A,B']",radiology,x_ray,abdomen,abdomen,frontal,"['abdomen', 'radiology', 'frontal', 'x_ray']","['radiology', 'x_ray']",True
file_0116825,PMC11148355_fcvm-11-1364289-g001_B_2_8.webp,PMC11148355_01_fcvm-11-1364289-g001.jpg,b,PMC11148355_01,CC BY,5708,"DOH 4 Increasingly intensified pulmonary edema, disappeared intestinal tube aeration and accumulated ascites.","['Figures 1A,B']",radiology,x_ray,abdomen,abdomen,frontal,"['abdomen', 'radiology', 'frontal', 'x_ray']",[],True
file_0116826,PMC11148355_fcvm-11-1364289-g001_C_3_8.webp,PMC11148355_01_fcvm-11-1364289-g001.jpg,c,PMC11148355_01,CC BY,5320,"DOH 6 Increasingly intensified pulmonary edema, disappeared intestinal tube aeration and accumulated ascites.","['Figures 1C,D']",radiology,x_ray,abdomen,abdomen,frontal,"['abdomen', 'radiology', 'frontal', 'x_ray']",[],True
file_0116827,PMC11148355_fcvm-11-1364289-g001_D_4_8.webp,PMC11148355_01_fcvm-11-1364289-g001.jpg,d,PMC11148355_01,CC BY,5508,"DOH 8 , gradually subsided pulmonary edema, recovered intestinal tube aeration and absorbed ascites.","['Figures 1C,D']",radiology,x_ray,abdomen,abdomen,frontal,"['abdomen', 'radiology', 'frontal', 'x_ray']",[],True
file_0116828,PMC11148355_fcvm-11-1364289-g001_E_5_8.webp,PMC11148355_01_fcvm-11-1364289-g001.jpg,e,PMC11148355_01,CC BY,4728,"DOH 10 , gradually subsided pulmonary edema, recovered intestinal tube aeration and absorbed ascites.","['Figures 1E,F']",radiology,x_ray,abdomen,abdomen,frontal,"['abdomen', 'radiology', 'frontal', 'x_ray']",[],True
file_0116829,PMC11148355_fcvm-11-1364289-g001_F_6_8.webp,PMC11148355_01_fcvm-11-1364289-g001.jpg,f,PMC11148355_01,CC BY,7806,"DOH 12 , gradually subsided pulmonary edema, recovered intestinal tube aeration and absorbed ascites.","['Figures 1E,F']",radiology,x_ray,thorax,thorax,frontal,"['thorax', 'radiology', 'frontal', 'x_ray']",[],True
file_0116830,PMC11148355_fcvm-11-1364289-g001_G_7_8.webp,PMC11148355_01_fcvm-11-1364289-g001.jpg,g,PMC11148355_01,CC BY,5814,"DOH 19 , enlargement of the heart shadow, relatively clear lung field and well-inflated intestinal tube DOH, day of hospitalization.",['Figure 1G'],radiology,x_ray,thorax,thorax,frontal,"['thorax', 'radiology', 'frontal', 'x_ray']",[],True
file_0116831,PMC11148355_fcvm-11-1364289-g001_H_8_8.webp,PMC11148355_01_fcvm-11-1364289-g001.jpg,h,PMC11148355_01,CC BY,5870,"DOH 21 , enlargement of the heart shadow, relatively clear lung field and well-inflated intestinal tube DOH, day of hospitalization.",['Figure 1H'],radiology,x_ray,abdomen,abdomen,frontal,"['abdomen', 'radiology', 'frontal', 'x_ray']",[],True
file_0117456,PMC11188374_fcvm-11-1364376-g002_B_2_4.webp,PMC11188374_01_fcvm-11-1364376-g002.jpg,b,PMC11188374_01,CC BY,7724,(B) A fluoroscopic image shows a guidewire (Runthrough NS) passing through the LACbes device mesh into the left upper pulmonary vein.,['Figure 2B'],radiology,x_ray,thorax,thorax,oblique,"['thorax', 'radiology', 'oblique', 'x_ray']","['radiology', 'x_ray']",True
file_0117471,PMC11188942_ZECR_A_2365510_F0001_B_undivided_1_1.webp,PMC11188942_01_ZECR_A_2365510_F0001_B.jpg,undivided,PMC11188942_01,CC BY-NC,170306,Chest X-ray showing bilateral scattered interstitial consolidations.,[],radiology,x_ray,thorax,thorax,frontal,"['thorax', 'radiology', 'frontal', 'x_ray']","['radiology', 'thorax', 'x_ray']",True
file_0117524,PMC11192090_jbsr-108-1-3583-g2_undivided_1_1.webp,PMC11192090_02_jbsr-108-1-3583-g2.jpg,undivided,PMC11192090_02,CC BY,12020,Right hilar air crescent on a chest radiograph (arrows).,[],radiology,x_ray,thorax,thorax,frontal,"['thorax', 'radiology', 'frontal', 'x_ray']","['radiology', 'thorax', 'x_ray']",True
file_0117525,PMC11192090_jbsr-108-1-3583-g4_A_1_4.webp,PMC11192090_04_jbsr-108-1-3583-g4.jpg,a,PMC11192090_04,CC BY,4588,Chest radiography shows a pneumoperitoneum and an AC in the right hypochondrium (A).,['Figure 4A'],radiology,x_ray,thorax,thorax,frontal,"['thorax', 'radiology', 'frontal', 'x_ray']","['radiology', 'thorax', 'x_ray']",True
file_0117598,PMC11195026_acc-11-02-10288-g002_undivided_1_1.webp,PMC11195026_01_acc-11-02-10288-g002.jpg,undivided,PMC11195026_01,CC BY-NC,22846,Chest X-ray demonstrating a large right-sided pleural effusion requiring Seldinger drain insertion.,['Figure 2'],radiology,x_ray,thorax,thorax,frontal,"['thorax', 'radiology', 'frontal', 'x_ray']","['radiology', 'thorax', 'x_ray']",True
file_0117600,PMC11195026_acc-11-02-10288-g004_undivided_1_1.webp,PMC11195026_01_acc-11-02-10288-g004.jpg,undivided,PMC11195026_01,CC BY-NC,21626,Convalescent chest X-ray demonstrating right-sided blunting at the costophrenic angle.,[],radiology,x_ray,thorax,thorax,frontal,"['thorax', 'radiology', 'frontal', 'x_ray']","['radiology', 'thorax', 'x_ray']",True
file_0117605,PMC11195028_acc-11-02-10287-g001_undivided_1_1.webp,PMC11195028_01_acc-11-02-10287-g001.jpg,undivided,PMC11195028_01,CC BY-NC,16444,Pre-operative Chest-X Ray shows cephalization of upper lobe vessels and Kerley A and B lines suggesting fluid overload.,['Figure 1'],radiology,x_ray,thorax,thorax,frontal,"['thorax', 'radiology', 'frontal', 'x_ray']",[],True
file_0117608,PMC11195028_acc-11-02-10287-g004_undivided_1_1.webp,PMC11195028_01_acc-11-02-10287-g004.jpg,undivided,PMC11195028_01,CC BY-NC,34872,Post-operative Chest X-Ray shows improvement in aeration and absence of pulmonary vascular congestion.,['Figure 4'],radiology,x_ray,thorax,thorax,frontal,"['thorax', 'radiology', 'frontal', 'x_ray']","['radiology', 'thorax', 'x_ray']",True
file_0117610,PMC11195031_ABJS-12-444-g003_left_1_1.webp,PMC11195031_01_ABJS-12-444-g003.jpg,left,PMC11195031_01,CC BY-NC,23846,Chest X-ray PA view suggestive of rib fracture and left-side pleural effusion obliterating costophrenic angle.,['Figure 3'],radiology,x_ray,thorax,thorax,frontal,"['thorax', 'radiology', 'frontal', 'x_ray']","['radiology', 'thorax', 'frontal', 'posteroanterior', 'x_ray']",True
file_0117653,PMC11198929_APC-17-64-g001_a_1_2.webp,PMC11198929_01_APC-17-64-g001.jpg,a,PMC11198929_01,CC BY-NC-SA,9172,Chest roentgenogram showing the embolized stent in the right branch pulmonary artery.,['Figure 1a'],radiology,x_ray,thorax,thorax,frontal,"['thorax', 'radiology', 'frontal', 'x_ray']","['radiology', 'thorax', 'x_ray']",True
file_0117749,PMC11204979_PAMJ-47-150-g001_A_1_2.webp,PMC11204979_01_PAMJ-47-150-g001.jpg,a,PMC11204979_01,CC BY,6600,Preoperative chest radiograph: gastrointestinal gas is observed at the diaphragm (black arrow).,"['Figure 1 A, B']",radiology,x_ray,thorax,thorax,frontal,"['thorax', 'radiology', 'frontal', 'x_ray']","['radiology', 'x_ray']",True
file_0117751,PMC11204979_PAMJ-47-150-g003_A_1_2.webp,PMC11204979_01_PAMJ-47-150-g003.jpg,a,PMC11204979_01,CC BY,5976,Chest radiograph at 1-month follow-up examination (no recurrence is observed).,[],radiology,x_ray,thorax,thorax,frontal,"['thorax', 'radiology', 'frontal', 'x_ray']","['radiology', 'thorax', 'x_ray']",True
file_0117867,PMC11218545_fphar-15-1391024-g002_A_1_4.webp,PMC11218545_01_fphar-15-1391024-g002.jpg,a,PMC11218545_01,CC BY,5348,"Imaging features in neonatal seizures induced by community-acquired acute severe hyponatremia. (A, B): bedside chest and abdominal X-rays reveal scattered patchy and nodular densities along the pulmonary markings in the middle and lower lung fields bilaterally, presenting with blurred and poorly defined margins. There is a noticeable presence of gas within the colon.",[],radiology,x_ray,thorax,thorax,frontal,"['thorax', 'radiology', 'frontal', 'x_ray']","['radiology', 'x_ray', 'mass']",True
file_0117868,PMC11218545_fphar-15-1391024-g002_B_2_4.webp,PMC11218545_01_fphar-15-1391024-g002.jpg,b,PMC11218545_01,CC BY,3796,"Imaging features in neonatal seizures induced by community-acquired acute severe hyponatremia. (A, B): bedside chest and abdominal X-rays reveal scattered patchy and nodular densities along the pulmonary markings in the middle and lower lung fields bilaterally, presenting with blurred and poorly defined margins. There is a noticeable presence of gas within the colon.",[],radiology,x_ray,abdomen,abdomen,frontal,"['abdomen', 'radiology', 'frontal', 'x_ray']","['radiology', 'x_ray', 'mass']",True
file_0117869,PMC11218545_fphar-15-1391024-g002_C_3_4.webp,PMC11218545_01_fphar-15-1391024-g002.jpg,c,PMC11218545_01,CC BY,4554,Imaging features in neonatal seizures induced by community-acquired acute severe hyponatremia. (C) chest and abdominal imaging under mechanical ventilation and peripheral central venous catheter.,[],radiology,x_ray,thorax,thorax,frontal,"['thorax', 'radiology', 'frontal', 'x_ray']",[],True
file_0118145,PMC11225549_jbsr-108-1-3551-g1_undivided_1_1.webp,PMC11225549_01_jbsr-108-1-3551-g1.jpg,undivided,PMC11225549_01,CC BY,12824,Chest X-ray at day 1.,['Figure 1'],radiology,x_ray,thorax,thorax,frontal,"['thorax', 'radiology', 'frontal', 'x_ray']","['radiology', 'thorax', 'x_ray']",True
file_0118147,PMC11225549_jbsr-108-1-3551-g3_undivided_1_1.webp,PMC11225549_01_jbsr-108-1-3551-g3.jpg,undivided,PMC11225549_01,CC BY,7302,Chest X-ray at day 5.,[],radiology,x_ray,thorax,thorax,frontal,"['thorax', 'radiology', 'frontal', 'x_ray']","['radiology', 'thorax', 'x_ray']",True
file_0118198,PMC11227676_amed-31-194-g002_A_1_2.webp,PMC11227676_01_amed-31-194-g002.jpg,a,PMC11227676_01,CC BY,25192,Digital subtraction angiography (DSA). Left pulmonary artery run (A) showing three contrast filled outpouchings (black arrows) from its branches.,['Figure 2A'],radiology,x_ray,abdomen,abdomen,frontal,"['abdomen', 'radiology', 'frontal', 'x_ray']","['radiology', 'contrast', 'angiography']",True
file_0118342,PMC11232812_JISP-28-132-g011_undivided_1_1.webp,PMC11232812_01_JISP-28-132-g011.jpg,undivided,PMC11232812_01,CC BY-NC-SA,9406,Radiographic view - Chest.,['Figure 11'],radiology,x_ray,thorax,thorax,frontal,"['thorax', 'radiology', 'frontal', 'x_ray']",[],True
file_0118445,PMC11233903_gr3_undivided_1_1.webp,PMC11233903_01_gr3.jpg,undivided,PMC11233903_01,CC BY,23662,Plain lateral neck x-ray-reveals widening of soft tissue with anterior airway displacement. At the level of C2- 40 mm and at C6- 35 mm soft tissue widening is noted with extension of soft tissue shadow to the mid thoracic level.,['Fig. 3'],radiology,x_ray,thorax,thorax,sagittal,"['thorax', 'radiology', 'sagittal', 'x_ray']","['radiology', 'x_ray']",True
file_0118533,PMC11236686_fsurg-11-1393159-g001_undivided_1_1.webp,PMC11236686_01_fsurg-11-1393159-g001.jpg,undivided,PMC11236686_01,CC BY,12422,Initial chest x-ray with left pleural effusion.,['Figure 1'],radiology,x_ray,thorax,thorax,frontal,"['thorax', 'radiology', 'frontal', 'x_ray']","['radiology', 'thorax', 'x_ray']",True
file_0118592,PMC11244067_IMCRJ-17-671-g0001_undivided_1_1.webp,PMC11244067_01_IMCRJ-17-671-g0001.jpg,undivided,PMC11244067_01,CC BY-NC,22580,Chest x-ray on post-operative day 1. Red arrow pointing to consolidation in right lung.,['Figure 1'],radiology,x_ray,thorax,thorax,frontal,"['thorax', 'radiology', 'frontal', 'x_ray']","['radiology', 'thorax', 'x_ray']",True
file_0118593,PMC11244067_IMCRJ-17-671-g0002_undivided_1_1.webp,PMC11244067_01_IMCRJ-17-671-g0002.jpg,undivided,PMC11244067_01,CC BY-NC,25390,Chest x-ray on post-operative day 3. Red arrow pointing to resolution of consolidation present in Figure 1.,['Figure 2'],radiology,x_ray,thorax,thorax,frontal,"['thorax', 'radiology', 'frontal', 'x_ray']","['radiology', 'thorax', 'x_ray']",True
file_0118606,PMC11246608_AMS2-11-e980-g002_A_1_4.webp,PMC11246608_01_AMS2-11-e980-g002.jpg,a,PMC11246608_01,CC BY-NC,3758,"Chest radiography (A) does not clearly reveal any abnormalities at first glance. Although the carina appears indistinct, the positioning of the tip of the tracheal tube seems to be appropriate. However, closer inspection reveals a decrease in transparency of the left lung and a mild leftward mediastinal shift, suggestive of left lung atelectasis. Furthermore, there is an absence of the radiolucent image of the airways originating from the carinal bifurcation extending into both bronchi. Additionally, the left diaphragm is elevated.",['Figure 1A'],radiology,x_ray,thorax,thorax,frontal,"['thorax', 'radiology', 'frontal', 'x_ray']","['radiology', 'thorax', 'x_ray']",True
file_0118607,PMC11246608_AMS2-11-e980-g002_B_2_4.webp,PMC11246608_01_AMS2-11-e980-g002.jpg,b,PMC11246608_01,CC BY-NC,2410,"Bronchoscopic findings on the day of admission (B). Infiltration and compression of the carina (a blue arrow), right main bronchus (a white arrowhead), and left main bronchus (a blue arrowhead) by the lung tumor. We attempted to place an endobronchial stent falter owing to severe airway compression and infiltration.",['Figure 1B'],radiology,x_ray,thorax,thorax,frontal,"['thorax', 'radiology', 'frontal', 'x_ray']",[],True
file_0118700,PMC11249738_fcvm-11-1409775-g004_A_1_4.webp,PMC11249738_01_fcvm-11-1409775-g004.jpg,a,PMC11249738_01,CC BY,7438,Preoperative and postoperative results of patient's catheterization laboratory interventional surgery. Right pulmonary artery thrombus removal.,['Figure 4'],radiology,x_ray,abdomen,abdomen,frontal,"['abdomen', 'radiology', 'frontal', 'x_ray']",[],True
file_0118702,PMC11249738_fcvm-11-1409775-g004_D_4_4.webp,PMC11249738_01_fcvm-11-1409775-g004.jpg,d,PMC11249738_01,CC BY,4922,Preoperative and postoperative results of patient's catheterization laboratory interventional surgery. Arrow pulmonary angiography after interventional treatment.,['Figure 4'],radiology,x_ray,abdomen,abdomen,frontal,"['abdomen', 'radiology', 'frontal', 'x_ray']","['radiology', 'angiography']",True
file_0118744,PMC11249990_SEMB-58-244-g002_undivided_1_1.webp,PMC11249990_01_SEMB-58-244-g002.jpg,undivided,PMC11249990_01,CC BY-NC,14064,Control X-ray chest radiograph.,['Figure 2'],radiology,x_ray,thorax,thorax,frontal,"['thorax', 'radiology', 'frontal', 'x_ray']","['radiology', 'thorax', 'x_ray']",True
file_0118933,PMC11250888_gr1_undivided_1_1.webp,PMC11250888_01_gr1.jpg,undivided,PMC11250888_01,CC BY,20724,AP chest radiograph.,['Fig. 1'],radiology,x_ray,thorax,thorax,frontal,"['thorax', 'radiology', 'frontal', 'x_ray']","['radiology', 'thorax', 'x_ray']",True
file_0118934,PMC11250888_gr3_undivided_1_1.webp,PMC11250888_01_gr3.jpg,undivided,PMC11250888_01,CC BY,19294,AP and lateral chest x-ray.,['Fig. 3'],radiology,x_ray,thorax,thorax,frontal,"['thorax', 'radiology', 'frontal', 'x_ray']","['radiology', 'thorax', 'x_ray']",True
file_0119077,PMC11254710_fped-12-1374311-g003_undivided_1_1.webp,PMC11254710_01_fped-12-1374311-g003.jpg,undivided,PMC11254710_01,CC BY,10894,Two years old male with thermal injury-induced epiglottitis. Fiberoptic examination showing severe edema of the epiglottis with near-complete obstruction of the vocal cords.,['Figure 3'],radiology,x_ray,abdomen,abdomen,oblique,"['abdomen', 'radiology', 'oblique', 'x_ray']",[],True
file_0119105,PMC11255953_gr1_A_1_2.webp,PMC11255953_01_gr1.jpg,a,PMC11255953_01,CC BY,4770,(A) Chest X-ray demonstrated tumor-like lesions in both lungs.,['Fig. 1A'],radiology,x_ray,thorax,thorax,frontal,"['thorax', 'radiology', 'frontal', 'x_ray']","['radiology', 'thorax', 'x_ray', 'mass']",True
file_0119267,PMC11263906_f1000research-12-152024-g0000_undivided_1_1.webp,PMC11263906_01_f1000research-12-152024-g0000.jpg,undivided,PMC11263906_01,CC BY,8634,Chest X-ray showing right sided massive pleural effusion with mediastinal shift towards left.,['Figure 1'],radiology,x_ray,thorax,thorax,frontal,"['thorax', 'radiology', 'frontal', 'x_ray']","['radiology', 'thorax', 'x_ray']",True
file_0119335,PMC11268842_IMCRJ-17-677-g0002_undivided_1_1.webp,PMC11268842_01_IMCRJ-17-677-g0002.jpg,undivided,PMC11268842_01,CC BY-NC,33598,Posteroanterior Chest X ray.,['Figure 2'],radiology,x_ray,thorax,thorax,frontal,"['thorax', 'radiology', 'frontal', 'x_ray']","['radiology', 'frontal', 'posteroanterior']",True
file_0119421,PMC11270345_allergologieselect-8-233-01_undivided_1_1.webp,PMC11270345_01_allergologieselect-8-233-01.jpg,undivided,PMC11270345_01,CC BY,20740,Flattening in both inspiratory and expiratory flow volume curves in pulmonary function test.,['Figure 1'],radiology,x_ray,upper_limb,elbow,sagittal,"['radiology', 'upper_limb', 'sagittal', 'elbow', 'x_ray']",[],True
file_0119696,PMC11288843_fsurg-11-1369255-g001_undivided_1_1.webp,PMC11288843_01_fsurg-11-1369255-g001.jpg,undivided,PMC11288843_01,CC BY,44660,The yellow arrow indicates bowel loops with haustral markings and gas in the left hemithorax. The red arrow indicates a significant shift of the mediastinum to the right side. The image also shows significant tracheal deviation outlined by the yellow dashed line.,['Figure 1'],radiology,x_ray,thorax,thorax,frontal,"['thorax', 'radiology', 'frontal', 'x_ray']",[],True
file_0119699,PMC11288843_fsurg-11-1369255-g004_undivided_1_1.webp,PMC11288843_01_fsurg-11-1369255-g004.jpg,undivided,PMC11288843_01,CC BY,22408,An AP chest x-ray taken 48 h postoperation prior to the removal of the chest tube.,['Figure 4'],radiology,x_ray,thorax,thorax,frontal,"['thorax', 'radiology', 'frontal', 'x_ray']","['radiology', 'thorax', 'x_ray']",True
file_0119748,PMC11288952_fmed-11-1404951-g001_A_1_8.webp,PMC11288952_01_fmed-11-1404951-g001.jpg,a,PMC11288952_01,CC BY,3278,(A) Chest X-ray showing a consolidation in the right upper lobe indicating of pneumonia.,"['Figure 1', 'Figures 1A-D']",radiology,x_ray,thorax,thorax,frontal,"['thorax', 'radiology', 'frontal', 'x_ray']","['radiology', 'thorax', 'x_ray']",True
file_0119862,PMC11294073_fped-12-1345338-g003_A_1_4.webp,PMC11294073_02_fped-12-1345338-g003.jpg,a,PMC11294073_02,CC BY,4816,"The chest x-ray presentation of the patient. (A) Bilateral pulmonary exudative lesions were found on admission, revealing pneumonia.",[],radiology,x_ray,thorax,thorax,frontal,"['thorax', 'radiology', 'frontal', 'x_ray']","['radiology', 'thorax', 'x_ray', 'mass']",True
file_0119863,PMC11294073_fped-12-1345338-g003_B_2_4.webp,PMC11294073_02_fped-12-1345338-g003.jpg,b,PMC11294073_02,CC BY,5246,"The chest x-ray presentation of the patient. (B) Lucency shadows were observed at two sides of para-mediastinum as marked with white arrows on day 2 after admission, suggesting pneumothorax.",['Figure 3B'],radiology,x_ray,thorax,thorax,frontal,"['thorax', 'radiology', 'frontal', 'x_ray']","['radiology', 'thorax', 'x_ray']",True
file_0119864,PMC11294073_fped-12-1345338-g003_C_3_4.webp,PMC11294073_02_fped-12-1345338-g003.jpg,c,PMC11294073_02,CC BY,7032,"The chest x-ray presentation of the patient. Pneumothorax deteriorated, and ,the right lung was remarkably compressed as marked with white arrows on day 3 after admission.",['Figure 3C'],radiology,x_ray,thorax,thorax,frontal,"['thorax', 'radiology', 'frontal', 'x_ray']","['radiology', 'thorax', 'x_ray']",True
file_0119865,PMC11294073_fped-12-1345338-g003_D_4_4.webp,PMC11294073_02_fped-12-1345338-g003.jpg,d,PMC11294073_02,CC BY,4306,The chest x-ray presentation of the patient. Bilateral pulmonary exudative lesions and pneumothorax were absorbed on day 10 after admission.,[],radiology,x_ray,thorax,thorax,frontal,"['thorax', 'radiology', 'frontal', 'x_ray']","['radiology', 'thorax', 'x_ray', 'mass']",True
file_0119906,PMC11298445_fcvm-11-1444636-g001_undivided_1_1.webp,PMC11298445_01_fcvm-11-1444636-g001.jpg,undivided,PMC11298445_01,CC BY,15162,Chest x-ray shows right pulmonary artery amputation and bilateral Westermark sign.,['Figure 1'],radiology,x_ray,thorax,thorax,frontal,"['thorax', 'radiology', 'frontal', 'x_ray']","['radiology', 'thorax', 'x_ray']",True
file_0120237,PMC11310559_ehpm-29-040-g001_undivided_1_1.webp,PMC11310559_01_ehpm-29-040-g001.jpg,undivided,PMC11310559_01,CC BY,50262,An X-ray photograph of thoracic and lumbar vertebrae from the front.,['Figs. 1'],radiology,x_ray,abdomen,abdomen,frontal,"['abdomen', 'radiology', 'frontal', 'x_ray']",[],True
file_0120238,PMC11310559_ehpm-29-040-g002_undivided_1_1.webp,PMC11310559_01_ehpm-29-040-g002.jpg,undivided,PMC11310559_01,CC BY,23348,An X-ray photograph of thoracic and lumbar vertebrae from the side.,['Figs. 1'],radiology,x_ray,thorax,thorax,sagittal,"['thorax', 'radiology', 'sagittal', 'x_ray']",[],True
file_0120239,PMC11312377_fsurg-11-1397233-g003_A_1_4.webp,PMC11312377_02_fsurg-11-1397233-g003.jpg,a,PMC11312377_02,CC BY,4268,"(A) preoperative markings on the patient's chest represent the boundaries of the surgical area, with a dotted line indicating the potential flap design for reconstruction.",['Figure 3'],radiology,x_ray,upper_limb,elbow,frontal,"['radiology', 'upper_limb', 'frontal', 'elbow', 'x_ray']",[],True
file_0120262,PMC11317053_IDR-17-3395-g0002_undivided_1_1.webp,PMC11317053_01_IDR-17-3395-g0002.jpg,undivided,PMC11317053_01,CC BY-NC,22248,X-ray on the second day of admission: large patches of increased density shadow on both lungs with blurred edges.,['Figure 2'],radiology,x_ray,thorax,thorax,frontal,"['thorax', 'radiology', 'frontal', 'x_ray']","['radiology', 'x_ray']",True
file_0120263,PMC11317053_IDR-17-3395-g0003_undivided_1_1.webp,PMC11317053_01_IDR-17-3395-g0003.jpg,undivided,PMC11317053_01,CC BY-NC,24180,X-ray on the eighth day of admission: the two pneumonia cases were significantly absorbed.,['Figure 3'],radiology,x_ray,thorax,thorax,frontal,"['thorax', 'radiology', 'frontal', 'x_ray']","['radiology', 'x_ray']",True
file_0120310,PMC11320998_fcvm-11-1373884-g005_undivided_1_1.webp,PMC11320998_01_fcvm-11-1373884-g005.jpg,undivided,PMC11320998_01,CC BY,12174,Chest x-ray demonstrating a Medtronic Micra leadless pacemaker implant (red arrow).,['Figure 5'],radiology,x_ray,thorax,thorax,frontal,"['thorax', 'radiology', 'frontal', 'x_ray']","['radiology', 'thorax', 'x_ray']",True
file_0120447,PMC11324274_cro-2024-0017-0001-540356_F02_c_3_6.webp,PMC11324274_01_cro-2024-0017-0001-540356_F02.jpg,c,PMC11324274_01,CC BY-NC,3840,"Chest radiological images of the patient with lung adenocarcinoma. Two and a half years after the initial presentation, the lesion is enlarged as shown in the horizontal view.","['Fig. 2c, d']",radiology,x_ray,thorax,thorax,frontal,"['thorax', 'radiology', 'frontal', 'x_ray']","['radiology', 'thorax', 'mass']",True
file_0120630,PMC11330237_PHMT-15-273-g0001_undivided_1_1.webp,PMC11330237_03_PHMT-15-273-g0001.jpg,undivided,PMC11330237_03,CC BY-NC,7114,Initial X-ray at the time of hospitalization shows right pneumonia.,[],radiology,x_ray,thorax,thorax,frontal,"['thorax', 'radiology', 'frontal', 'x_ray']","['radiology', 'x_ray']",True
file_0120631,PMC11330237_PHMT-15-273-g0002_undivided_1_1.webp,PMC11330237_03_PHMT-15-273-g0002.jpg,undivided,PMC11330237_03,CC BY-NC,8360,Chest X-ray in evolution with right pleurisy.,[],radiology,x_ray,thorax,thorax,frontal,"['thorax', 'radiology', 'frontal', 'x_ray']","['radiology', 'thorax', 'x_ray']",True
file_0120698,PMC11333091_21550417-15-02-6200_Fig1_A_1_2.webp,PMC11333091_01_21550417-15-02-6200_Fig1.jpg,a,PMC11333091_01,CC BY-NC,11164,Portable anterior-posterior (AP) chest radiograph before starting daptomycin showing no focal opacities.,['Figure 1'],radiology,x_ray,thorax,thorax,frontal,"['thorax', 'radiology', 'frontal', 'x_ray']","['radiology', 'thorax', 'x_ray']",True
file_0120699,PMC11333091_21550417-15-02-6200_Fig1_B_2_2.webp,PMC11333091_01_21550417-15-02-6200_Fig1.jpg,b,PMC11333091_01,CC BY-NC,9456,Portable anterior-posterior (AP) chest radiograph upon admission showing patchy infiltrates and ground glass opacities in the lower lobes.,['Figure 1'],radiology,x_ray,thorax,thorax,frontal,"['thorax', 'radiology', 'frontal', 'x_ray']","['radiology', 'thorax', 'x_ray', 'mass']",True
file_0120717,PMC11333362_fped-12-1436608-g002_A_1_5.webp,PMC11333362_01_fped-12-1436608-g002.jpg,a,PMC11333362_01,CC BY,5428,"Imaging results for Case 2. (A) Chest x-ray: The heart was enlarged with a rounded and blunt apex. The pulmonary vascular markings were increased and coarse, accompanied by flocculent shadows.",['Figure 2'],radiology,x_ray,thorax,thorax,frontal,"['thorax', 'radiology', 'frontal', 'x_ray']","['radiology', 'thorax', 'x_ray']",True
file_0120752,PMC11338169_IDR-17-3593-g0002_undivided_1_1.webp,PMC11338169_01_IDR-17-3593-g0002.jpg,undivided,PMC11338169_01,CC BY-NC,24430,Chest X-ray image during hospital admission revealed multiple bilateral patchy infiltration with increased interstitial markings (arrows).,['Figure 2'],radiology,x_ray,thorax,thorax,frontal,"['thorax', 'radiology', 'frontal', 'x_ray']","['radiology', 'thorax', 'x_ray']",True
file_0120753,PMC11338173_IMCRJ-17-751-g0002_undivided_1_1.webp,PMC11338173_01_IMCRJ-17-751-g0002.jpg,undivided,PMC11338173_01,CC BY-NC,7790,X-ray chest (posterior anterior view) showing cardiomegaly and bilateral lung infiltrates.,['Figure 2'],radiology,x_ray,thorax,thorax,frontal,"['thorax', 'radiology', 'frontal', 'x_ray']","['radiology', 'thorax', 'frontal', 'anteroposterior', 'x_ray']",True
file_0120767,PMC11338797_fcvm-11-1429480-g001_D_4_4.webp,PMC11338797_01_fcvm-11-1429480-g001.jpg,d,PMC11338797_01,CC BY,10452,"(C,D) The lead tip close to the left posterior free wall (arrow) was confirmed by lung CT and chest x-ray.","['Figures 1C,D']",radiology,x_ray,thorax,thorax,frontal,"['thorax', 'radiology', 'frontal', 'x_ray']",['radiology'],True
file_0120922,PMC11344259_fcvm-11-1412104-g003_A_1_4.webp,PMC11344259_01_fcvm-11-1412104-g003.jpg,a,PMC11344259_01,CC BY,7662,"Dynamic changes of the patient's chest x-ray examination. (A) On August 18, 2021, chest radiograph showed that bilateral pneumonia and bilateral pulmonary exudative lesions were severe.",['Figure 3'],radiology,x_ray,thorax,thorax,frontal,"['thorax', 'radiology', 'frontal', 'x_ray']","['radiology', 'thorax', 'x_ray', 'mass']",True
file_0120923,PMC11344259_fcvm-11-1412104-g003_B_2_4.webp,PMC11344259_01_fcvm-11-1412104-g003.jpg,b,PMC11344259_01,CC BY,5428,"Dynamic changes of the patient's chest x-ray examination. (B) On August 21, 2021, double pneumonia and exudative lesions showed improvement compared with those in the last assessment.",['Figure 3'],radiology,x_ray,thorax,thorax,frontal,"['thorax', 'radiology', 'frontal', 'x_ray']","['radiology', 'thorax', 'x_ray', 'mass']",True
file_0120924,PMC11344259_fcvm-11-1412104-g003_C_3_4.webp,PMC11344259_01_fcvm-11-1412104-g003.jpg,c,PMC11344259_01,CC BY,9064,"Dynamic changes of the patient's chest x-ray examination. (C) On August 31, 2021, the patient's chest radiograph showed a significant improvement in double pneumonia.",['Figure 3'],radiology,x_ray,thorax,thorax,frontal,"['thorax', 'radiology', 'frontal', 'x_ray']","['radiology', 'thorax', 'x_ray']",True
file_0120925,PMC11344259_fcvm-11-1412104-g003_D_4_4.webp,PMC11344259_01_fcvm-11-1412104-g003.jpg,d,PMC11344259_01,CC BY,5214,"Dynamic changes of the patient's chest x-ray examination. (D) The patient's pneumonia had been cured by September 6, 2021.",['Figure 3'],radiology,x_ray,thorax,thorax,frontal,"['thorax', 'radiology', 'frontal', 'x_ray']","['radiology', 'thorax', 'x_ray']",True
file_0121178,PMC11363188_fcvm-11-1398675-g001_B_2_6.webp,PMC11363188_01_fcvm-11-1398675-g001.jpg,b,PMC11363188_01,CC BY,6134,"Emergency coronary angiography (CAG) and intravascular ultrasound (IVUS) were conducted in response to a recurrence of chest pain one day ago. The entire segment of the right coronary artery (RCA) was slender, with part of the segment narrowing 95%-99% (white arrow).","['Figure 1B', 'Figure S1B']",radiology,x_ray,thorax,thorax,oblique,"['thorax', 'radiology', 'oblique', 'x_ray']",[],True
file_0121180,PMC11363188_fcvm-11-1398675-g001_E_5_6.webp,PMC11363188_01_fcvm-11-1398675-g001.jpg,e,PMC11363188_01,CC BY,6128,"Emergency coronary angiography (CAG) and intravascular ultrasound (IVUS) were conducted in response to a recurrence of chest pain one day ago. The entire segment of the RCA was significantly dilated compared to before, with segmental narrowing disappeared (white arrow).",['Figure 1E'],radiology,x_ray,thorax,thorax,oblique,"['thorax', 'radiology', 'oblique', 'x_ray']",[],True
file_0121273,PMC11366704_fmed-11-1393540-g002_B_2_3.webp,PMC11366704_01_fmed-11-1393540-g002.jpg,b,PMC11366704_01,CC BY,3556,"Depiction of chest imaging over the course of treatment. (B) Bedside chest radiograph on February 23 exhibiting diffuse pulmonary infiltration, necessitating veno-venous extracorporeal membrane oxygenation (V-V ECMO) support due to a decrease in oxygenation index despite 100% oxygen support.",['Figure 2B'],radiology,x_ray,thorax,thorax,frontal,"['thorax', 'radiology', 'frontal', 'x_ray']","['radiology', 'thorax', 'x_ray']",True
file_0121274,PMC11366704_fmed-11-1393540-g002_C_3_3.webp,PMC11366704_01_fmed-11-1393540-g002.jpg,c,PMC11366704_01,CC BY,4276,"Depiction of chest imaging over the course of treatment. (C) Bedside chest radiograph on March 5 demonstrating significant absorption of pulmonary infiltrates following tailored antimicrobial and immunotherapeutic interventions, allowing for the removal of endotracheal intubation. The depicted timeline reflects the dynamic pulmonary pathology and the impact of medical interventions, correlating with the patient's clinical course from severe infection through to stabilization and recovery.",['Figure 2C'],radiology,x_ray,thorax,thorax,frontal,"['thorax', 'radiology', 'frontal', 'x_ray']",[],True
file_0121319,PMC11368735_fped-12-1425874-g001_B_2_2.webp,PMC11368735_01_fped-12-1425874-g001.jpg,b,PMC11368735_01,CC BY,3000,Clinical findings. (B) Chest imaging showing right middle and lower lobe consolidation and parapneumonic effusion and right upper lobe atelectasis at the time of presentation with acute hypoxemic respiratory failure requiring management with bilevel positive airway pressure.,['Figure 1B'],radiology,x_ray,thorax,thorax,frontal,"['thorax', 'radiology', 'frontal', 'x_ray']",[],True
file_0121350,PMC11371678_fmed-11-1399381-g001_A_1_2.webp,PMC11371678_01_fmed-11-1399381-g001.jpg,a,PMC11371678_01,CC BY,14482,A well-defined cavity in the right upper lung measuring 4.5 cm and patchy consolidation in the left upper and middle lobes in November 2021 (A).,['Figure 1'],radiology,x_ray,thorax,thorax,frontal,"['thorax', 'radiology', 'frontal', 'x_ray']",[],True
file_0121351,PMC11371678_fmed-11-1399381-g001_B_2_2.webp,PMC11371678_01_fmed-11-1399381-g001.jpg,b,PMC11371678_01,CC BY,13698,"Over time, the cavity reduced in size to 3.5 cm then to 3.2 cm with regression of the infiltrates in the left upper lobe in December 2022 (B).",['Figure 1'],radiology,x_ray,thorax,thorax,frontal,"['thorax', 'radiology', 'frontal', 'x_ray']",[],True
file_0121489,PMC11380811_SNI-15-290-g001_undivided_1_1.webp,PMC11380811_01_SNI-15-290-g001.jpg,undivided,PMC11380811_01,CC BY-NC-SA,10382,Postoperative anteroposterior chest X-ray of the patient with the visible cement emboli on the left pulmonary artery.,['Figures 1'],radiology,x_ray,thorax,thorax,frontal,"['thorax', 'radiology', 'frontal', 'x_ray']","['radiology', 'thorax', 'x_ray']",True
file_0121561,PMC11380887_SNI-15-306-g003_a_1_3.webp,PMC11380887_01_SNI-15-306-g003.jpg,a,PMC11380887_01,CC BY-NC-SA,4126,(a) Chest X-ray on Day 0 shows a butterfly shadow indicating cardiogenic pulmonary edema.,['Figure 3'],radiology,x_ray,thorax,thorax,frontal,"['thorax', 'radiology', 'frontal', 'x_ray']","['radiology', 'thorax', 'x_ray']",True
file_0121562,PMC11380887_SNI-15-306-g003_b_2_3.webp,PMC11380887_01_SNI-15-306-g003.jpg,b,PMC11380887_01,CC BY-NC-SA,4772,"(b) Chest X-ray on Day 3 shows an enhanced shadow in the right hilum, indicating drug-induced pulmonary edema.",['Figure 3'],radiology,x_ray,thorax,thorax,frontal,"['thorax', 'radiology', 'frontal', 'x_ray']","['radiology', 'thorax', 'x_ray']",True
file_0121563,PMC11380887_SNI-15-306-g003_c_3_3.webp,PMC11380887_01_SNI-15-306-g003.jpg,c,PMC11380887_01,CC BY-NC-SA,4890,(c) Chest X-ray on Day 12 shows improvement in pulmonary edema and reduced heart size.,['Figure 3'],radiology,x_ray,thorax,thorax,frontal,"['thorax', 'radiology', 'frontal', 'x_ray']","['radiology', 'thorax', 'x_ray']",True
file_0121588,PMC11380892_SNI-15-311-g003_right_2_2.webp,PMC11380892_01_SNI-15-311-g003.jpg,right,PMC11380892_01,CC BY-NC-SA,19272,Lateral. Views showing polymethyl methacrylate within the thoracic 12 vertebrae.,['Figure 3'],radiology,x_ray,abdomen,abdomen,sagittal,"['abdomen', 'radiology', 'sagittal', 'x_ray']",[],True
file_0122005,PMC11625115_gr6_A_1_2.webp,PMC11625115_01_gr6.jpg,a,PMC11625115_01,CC BY,38086,"Postsurgery (A) Thoracolumbal X-ray imaging, the T5-T6 thoracic vertebrae bodies are not visualized due to corpectomy.",['Fig. 6A'],radiology,x_ray,thorax,thorax,sagittal,"['thorax', 'sagittal', 'x_ray', 'radiology']","['radiology', 'axial_region', 'torso', 'thorax', 'x_ray', 'body_part']",True
file_0122006,PMC11625115_gr6_B_2_2.webp,PMC11625115_01_gr6.jpg,b,PMC11625115_01,CC BY,35207,"(B) Thorax X-ray imaging, showed no complication from surgery.",['Fig. 6B'],radiology,x_ray,thorax,thorax,frontal,"['thorax', 'frontal', 'x_ray', 'radiology']","['radiology', 'axial_region', 'torso', 'thorax', 'x_ray', 'body_part']",True
file_0122184,PMC11653006_ziae154f1_B_2_4.webp,PMC11653006_01_ziae154f1.jpg,b,PMC11653006_01,CC BY,9347,"(B) One month after admission, the patient experienced a fracture of the ninth thoracic vertebra. Arrows indicate the fracture site.",['Figure 1B'],radiology,x_ray,thorax,thorax,sagittal,"['thorax', 'sagittal', 'x_ray', 'radiology']",[],True
file_0122185,PMC11653006_ziae154f1_C_3_4.webp,PMC11653006_01_ziae154f1.jpg,c,PMC11653006_01,CC BY,14847,"(C) Five months after admission, the patient sustained six new vertebral fractures. All fractures were in the thoracic spine.",['Figure 1C'],radiology,x_ray,thorax,thorax,sagittal,"['thorax', 'sagittal', 'x_ray', 'radiology']",[],True
file_0122186,PMC11653006_ziae154f1_D_4_4.webp,PMC11653006_01_ziae154f1.jpg,d,PMC11653006_01,CC BY,12033,"(D) The eighth dose of denosumab was delayed, and the patient had thoracic and lumbar vertebral fractures that appeared to be a rebound from the denosumab.",['Figure 1D'],radiology,x_ray,thorax,thorax,sagittal,"['thorax', 'sagittal', 'x_ray', 'radiology']",[],True
file_0122233,PMC11664178_gr2_undivided_1_1.webp,PMC11664178_01_gr2.jpg,undivided,PMC11664178_01,CC BY-NC,82444,"Admission Chest X-ray, showing grade 2 cardiomegaly and the ""inverted cup"" sign.",['Fig. 2'],radiology,x_ray,thorax,thorax,frontal,"['thorax', 'frontal', 'x_ray', 'radiology']","['radiology', 'axial_region', 'torso', 'thorax', 'x_ray', 'body_part']",True
file_0122340,PMC11670901_mat-71-e12-g001_undivided_1_1.webp,PMC11670901_01_mat-71-e12-g001.jpg,undivided,PMC11670901_01,CC BY,84887,"A chest x-ray taken on the day of the measurements, at 10 cm H2O of PEEP. PEEP, positive end-expiratory pressure.",['Figure 1'],radiology,x_ray,thorax,thorax,frontal,"['thorax', 'frontal', 'x_ray', 'radiology']","['radiology', 'axial_region', 'torso', 'thorax', 'x_ray', 'body_part']",True
file_0122348,PMC11670928_rjae814f1_undivided_1_1.webp,PMC11670928_01_rjae814f1.jpg,undivided,PMC11670928_01,CC BY-NC,99368,Air under diaphragm on an erect chest X-ray.,['Fig. 1'],radiology,x_ray,thorax,thorax,frontal,"['thorax', 'frontal', 'x_ray', 'radiology']","['radiology', 'axial_region', 'torso', 'thorax', 'x_ray', 'body_part']",True
file_0122537,PMC11694671_ytae673f3_undivided_1_1.webp,PMC11694671_01_ytae673f3.jpg,undivided,PMC11694671_01,CC BY,108263,Chest X-ray (anteroposterior view) after the first implantation.,['Figure 3'],radiology,x_ray,thorax,thorax,frontal,"['thorax', 'frontal', 'x_ray', 'radiology']","['radiology', 'axial_region', 'torso', 'thorax', 'frontal', 'anteroposterior', 'x_ray', 'body_part', 'standard_view']",True
file_0122670,PMC11699858_jmc-16-001-g001_undivided_1_1.webp,PMC11699858_01_jmc-16-001-g001.jpg,undivided,PMC11699858_01,CC BY-NC,81372,Anterior posterior chest X-ray depicting the central venous catheter on the left side of the body as indicated by the black arrow.,['Fig. 1'],radiology,x_ray,thorax,thorax,frontal,"['thorax', 'frontal', 'x_ray', 'radiology']","['radiology', 'axial_region', 'torso', 'thorax', 'x_ray', 'body_part']",True
file_0122770,PMC11703450_ZECR_A_2445868_F0002_B_undivided_1_1.webp,PMC11703450_01_ZECR_A_2445868_F0002_B.jpg,undivided,PMC11703450_01,CC BY-NC,244390,"Depicts a chest x-ray obtained 2 days post-admission to the hospital, illustrating bilateral diffuse patchy infiltrates and consolidations in the upper and lower lobes of the right lung. The chest x-ray was conducted with the patient in a supine position.",[],radiology,x_ray,thorax,thorax,frontal,"['thorax', 'frontal', 'x_ray', 'radiology']","['radiology', 'axial_region', 'torso', 'thorax', 'x_ray', 'body_part']",True
file_0122801,PMC11705528_CCR3-13-e70076-g002_undivided_1_1.webp,PMC11705528_01_CCR3-13-e70076-g002.jpg,undivided,PMC11705528_01,CC BY,78114,"An AP frontal radiograph showing an enlarged cardiac shadow, cardiothoracic ration of 0.7 and widened superior mediastinum, patchy rounded opacities in the para-cardiac area bilaterally. The rest of the bony ribcage as normal, no defects seen.",['Figure 1'],radiology,x_ray,thorax,thorax,frontal,"['thorax', 'frontal', 'x_ray', 'radiology']","['radiology', 'x_ray']",True
file_0122851,PMC11706080_12891_2024_8265_Fig1_HTML_a_1_6.webp,PMC11706080_01_12891_2024_8265_Fig1_HTML.jpg,a,PMC11706080_01,CC BY,43378,"Initial presentation of this case. a and b, Plain radiographs revealing the implanted stent graft at the proximal descending thoracic aorta.",['Fig. 1a and b'],radiology,x_ray,abdomen,abdomen,frontal,"['abdomen', 'frontal', 'x_ray', 'radiology']",[],True
file_0122852,PMC11706080_12891_2024_8265_Fig1_HTML_b_2_6.webp,PMC11706080_01_12891_2024_8265_Fig1_HTML.jpg,b,PMC11706080_01,CC BY,25577,"Initial presentation of this case. a and b, Plain radiographs revealing the implanted stent graft at the proximal descending thoracic aorta.",['Fig. 1a and b'],radiology,x_ray,thorax,thorax,sagittal,"['thorax', 'sagittal', 'x_ray', 'radiology']","['radiology', 'axial_region', 'torso', 'thorax', 'x_ray', 'body_part']",True
file_0123014,PMC11718386_ytae700f4_undivided_1_1.webp,PMC11718386_01_ytae700f4.jpg,undivided,PMC11718386_01,CC BY-NC,193513,Angiographic visualization of large clots in the right pulmonary artery (arrow).,[],radiology,x_ray,thorax,thorax,frontal,"['thorax', 'frontal', 'x_ray', 'radiology']","['radiology', 'angiography']",True
file_0123030,PMC11718395_ytae690f2_undivided_1_1.webp,PMC11718395_01_ytae690f2.jpg,undivided,PMC11718395_01,CC BY,88777,"Chest X-ray revealed cardiomegaly, increased pulmonary vascular markings, mild pleural effusion, and a dialysis catheter in situ.",[],radiology,x_ray,thorax,thorax,frontal,"['thorax', 'frontal', 'x_ray', 'radiology']","['radiology', 'axial_region', 'torso', 'thorax', 'x_ray', 'body_part']",True
file_0123128,PMC11721681_IDR-18-77-g0001_undivided_1_1.webp,PMC11721681_01_IDR-18-77-g0001.jpg,undivided,PMC11721681_01,CC BY-NC,97510,"Chest-X-ray of the present patient, using a blunt left costophrenic angle, showing a high-density patchy area in the lower left lung.",['Figure 1'],radiology,x_ray,thorax,thorax,frontal,"['thorax', 'frontal', 'x_ray', 'radiology']","['radiology', 'axial_region', 'torso', 'thorax', 'x_ray', 'body_part']",True
file_0123132,PMC11721681_IDR-18-77-g0005_undivided_1_1.webp,PMC11721681_01_IDR-18-77-g0005.jpg,undivided,PMC11721681_01,CC BY-NC,96934,"X-ray four days after bronchoscopy, showing a slight increase in fibrous stripes in both lungs, with the increase in the left lung being slightly more prominent.",['Figure 5'],radiology,x_ray,thorax,thorax,frontal,"['thorax', 'frontal', 'x_ray', 'radiology']",[],True
file_0123367,PMC11724702_LS-JSLS240031F003_undivided_1_1.webp,PMC11724702_01_LS-JSLS240031F003.jpg,undivided,PMC11724702_01,CC BY-NC-SA,142752,X-ray fluoroscopy of gastrografin shows that part of the contrast passed through a fistula into the bronchial tree of the left lower lung lobe.,[],radiology,x_ray,abdomen,abdomen,frontal,"['abdomen', 'frontal', 'x_ray', 'radiology']","['radiology', 'contrast', 'x_ray']",True
file_0123368,PMC11724702_LS-JSLS240031F004_undivided_1_1.webp,PMC11724702_01_LS-JSLS240031F004.jpg,undivided,PMC11724702_01,CC BY-NC-SA,275343,"X-ray of chest and abdomen shows stent migration of its original place; based on the images and the recurrence of symptoms (cough, nausea, and vomiting), slippage was confirmed.",['Figure 4'],radiology,x_ray,abdomen,abdomen,frontal,"['abdomen', 'frontal', 'x_ray', 'radiology']","['radiology', 'axial_region', 'torso', 'x_ray', 'body_part']",True
file_0123544,PMC11729543_0102-6720-abcd-37-e1848-gf06_A_1_4.webp,PMC11729543_01_0102-6720-abcd-37-e1848-gf06.jpg,a,PMC11729543_01,CC BY,17337,Pulmonary artery angiography. (A) Overriding thrombus in the trunk of the pulmonary artery. The arrows show how the pulmonary arteries are not contrasted.,['Figures 6A'],radiology,x_ray,abdomen,abdomen,oblique,"['abdomen', 'oblique', 'x_ray', 'radiology']","['radiology', 'angiography']",True
file_0123658,PMC11731052_inf-44-e68-g001_B_2_4.webp,PMC11731052_02_inf-44-e68-g001.jpg,b,PMC11731052_02,CC BY,17085,"Radiologic findings in 2 patients. chest CT scan revealing a ribbon-like area of parenchymal consolidation with air bronchogram. This formation is surrounded by several areas of slightly increased density of the pulmonary parenchyma, with ground-glass appearance, with multiple centrilobular micronodules some of which had a tree-in-bud aspect. In the right superior lobe, some calcified nodular formations are described, associated with calcified lymph nodes, compatible with the primary complex. Furthermore, there are several mediastinal lymphadenopathies.",[],radiology,x_ray,thorax,thorax,frontal,"['thorax', 'frontal', 'x_ray', 'radiology']",[],True
file_0123659,PMC11731052_inf-44-e68-g001_C_3_4.webp,PMC11731052_02_inf-44-e68-g001.jpg,c,PMC11731052_02,CC BY,29915,"Radiologic findings in 2 patients. Chest radiograph showing a right hilar round-shaped parenchymal hypoventilation, surrounded by another medio-basal hypoventilation;.",[],radiology,x_ray,thorax,thorax,frontal,"['thorax', 'frontal', 'x_ray', 'radiology']","['radiology', 'axial_region', 'torso', 'thorax', 'x_ray', 'body_part']",True
file_0123740,PMC11732274_ytae695f1_undivided_1_1.webp,PMC11732274_01_ytae695f1.jpg,undivided,PMC11732274_01,CC BY-NC,141520,"Pre-procedural chest X-ray, posterior-anterior view. Two ventricular leads are located in the right ventricle; one of them remains unplugged and abandoned.",['Figure 1'],radiology,x_ray,thorax,thorax,frontal,"['thorax', 'frontal', 'x_ray', 'radiology']","['radiology', 'axial_region', 'torso', 'thorax', 'frontal', 'posteroanterior', 'x_ray', 'body_part', 'standard_view']",True
file_0123757,PMC11732613_cureus-0017-00000077148-i01_undivided_1_1.webp,PMC11732613_01_cureus-0017-00000077148-i01.jpg,undivided,PMC11732613_01,CC BY,93215,"Chest X-ray (frontal view) showing two radio-opaque objects corresponding to the tips of the ventricular lead. The upper tip is projected over the left innominate vein (green arrow), and the lower tip is projected over the right ventricle (red arrow).",[],radiology,x_ray,thorax,thorax,frontal,"['thorax', 'frontal', 'x_ray', 'radiology']","['radiology', 'axial_region', 'torso', 'thorax', 'frontal', 'x_ray', 'body_part', 'standard_view']",True
file_0123765,PMC11732613_cureus-0017-00000077148-i11_undivided_1_1.webp,PMC11732613_01_cureus-0017-00000077148-i11.jpg,undivided,PMC11732613_01,CC BY,95220,"Postoperative day 7 chest X-ray showing the disappearance of the material at both the level of the innominate vein and the right ventricle, as well as the regression of the left pleural effusion.",['Figure 11'],radiology,x_ray,thorax,thorax,frontal,"['thorax', 'frontal', 'x_ray', 'radiology']","['radiology', 'axial_region', 'torso', 'thorax', 'x_ray', 'body_part']",True
file_0123887,PMC11735731_TCA-16-e15519-g002_a_1_6.webp,PMC11735731_01_TCA-16-e15519-g002.jpg,a,PMC11735731_01,CC BY,20882,"Chest x-ray,.",['Figure 1a'],radiology,x_ray,thorax,thorax,frontal,"['thorax', 'frontal', 'x_ray', 'radiology']","['radiology', 'axial_region', 'torso', 'thorax', 'x_ray', 'body_part']",True
file_0123949,PMC11737912_ytae688f1_B_2_2.webp,PMC11737912_01_ytae688f1.jpg,b,PMC11737912_01,CC BY,29343,"lateral. chest X-rays showing a dual chamber pacemaker generator located in the left antero-lateral chest wall, with the transvenous lead tips located into the right atrial appendage (full arrows) and right ventricular apex (empty arrows), respectively. Multiple abandoned epicardial pacemaker leads along the cardiac surface is also detectable (arrowheads).",['Figure 1'],radiology,x_ray,thorax,thorax,sagittal,"['thorax', 'sagittal', 'x_ray', 'radiology']","['radiology', 'axial_region', 'torso', 'thorax', 'x_ray', 'body_part']",True
file_0124530,PMC11747689_dgae507f2_B_2_5.webp,PMC11747689_03_dgae507f2.jpg,b,PMC11747689_03,CC BY,16361,"Patient 2. (A-D) The skeletal health of a girl with GC-treated juvenile dermatomyositis who received 2 courses of daily, supraphysiological GC therapy for the treatment of her rheumatic condition; the second course was associated with vertebral fractures and an ongoing need for GC treatment, prompting IV bisphosphonate therapy. (B) The patient's vertebral fracture trajectory, including vertebral body reshaping plus densification of the vertebral endplates on pamidronate and ongoing vertebral body reshaping post-GC and postpamidronate discontinuation. The thoracic spine is shown at the top (where available) and lumbar spine at the bottom. Her vertebral fracture evolution on these spine x-rays was as follows: normal L1 vertebral body at 7 years of age (thoracic and lumbar SDI = 0). At 9 years of age, she developed an incident (new) Genant Grade 2 vertebral fracture at L1 (SDI = 2); at 11 and 12 years, she demonstrated L1 partial reshaping (SDI = 1) followed by complete vertebral body re-shaping at 15 years of age (SDI = 0).",[],radiology,x_ray,thorax,thorax,sagittal,"['thorax', 'sagittal', 'x_ray', 'radiology']","['radiology', 'axial_region', 'torso', 'x_ray', 'body_part']",True
file_0124585,PMC11748459_omae167f1_undivided_1_1.webp,PMC11748459_01_omae167f1.jpg,undivided,PMC11748459_01,CC BY-NC,124077,Initial chest X-ray.,['Fig. 1'],radiology,x_ray,thorax,thorax,frontal,"['thorax', 'frontal', 'x_ray', 'radiology']","['radiology', 'axial_region', 'torso', 'thorax', 'x_ray', 'body_part']",True
file_0124588,PMC11748459_omae167f4_undivided_1_1.webp,PMC11748459_01_omae167f4.jpg,undivided,PMC11748459_01,CC BY-NC,67229,Chest X-ray post-implantation.,['Fig. 4'],radiology,x_ray,thorax,thorax,frontal,"['thorax', 'frontal', 'x_ray', 'radiology']","['radiology', 'axial_region', 'torso', 'thorax', 'x_ray', 'body_part']",True
file_0124713,PMC11750266_gr3_A_1_3.webp,PMC11750266_01_gr3.jpg,a,PMC11750266_01,CC BY,12045,"Postoperative computed tomography (CT) tissue window showed complete resolution of the space-occupying lesion with mild cerebral edema at the surgical site (yellow arrow). Sagittal sequence,.",['Fig. 3'],radiology,x_ray,head,head,sagittal,"['head', 'sagittal', 'x_ray', 'radiology']",[],True
file_0124743,PMC11750288_gr2_undivided_1_1.webp,PMC11750288_01_gr2.jpg,undivided,PMC11750288_01,CC BY,66588,CXR with a Shrapnel stuck in pleural space pre-operatively.,[],radiology,x_ray,thorax,thorax,frontal,"['thorax', 'frontal', 'x_ray', 'radiology']","['radiology', 'axial_region', 'torso', 'thorax', 'x_ray', 'body_part']",True
file_0124883,PMC11751029_fonc-14-1489410-g002_A_1_2.webp,PMC11751029_01_fonc-14-1489410-g002.jpg,a,PMC11751029_01,CC BY,32294,Chest X-ray images of patient before and after treatment (A):a chest radiograph revealed bilateral pleural effusion on postoperative day 7.,['Figure 2A'],radiology,x_ray,thorax,thorax,frontal,"['thorax', 'frontal', 'x_ray', 'radiology']","['radiology', 'axial_region', 'torso', 'thorax', 'x_ray', 'body_part']",True
file_0124884,PMC11751029_fonc-14-1489410-g002_B_2_2.webp,PMC11751029_01_fonc-14-1489410-g002.jpg,b,PMC11751029_01,CC BY,36420,(B) No obvious thoracic fluid collections in the review X-ray image on postoperative day 14.,['Figure 2B'],radiology,x_ray,thorax,thorax,frontal,"['thorax', 'frontal', 'x_ray', 'radiology']","['radiology', 'axial_region', 'torso', 'thorax', 'x_ray', 'body_part']",True
file_0125382,PMC11759282_fpara-03-1498099-g001_A_1_2.webp,PMC11759282_01_fpara-03-1498099-g001.jpg,a,PMC11759282_01,CC BY,40815,(A) Thoracic conventional radiography displaying an increased volume in the splenic area.,['Figure 1'],radiology,x_ray,thorax,thorax,frontal,"['thorax', 'frontal', 'x_ray', 'radiology']","['radiology', 'axial_region', 'torso', 'thorax', 'x_ray', 'body_part']",True
file_0125547,PMC11763346_diagnostics-15-00144-g002_undivided_1_1.webp,PMC11763346_01_diagnostics-15-00144-g002.jpg,undivided,PMC11763346_01,CC BY,61721,Chest X-ray showing an alveolar infiltrate of 3 by 4 cm (red arrow) in the middle lobe of the right lung.,[],radiology,x_ray,thorax,thorax,frontal,"['thorax', 'frontal', 'x_ray', 'radiology']","['radiology', 'axial_region', 'torso', 'thorax', 'x_ray', 'body_part']",True
file_0125550,PMC11763346_diagnostics-15-00144-g005_undivided_1_1.webp,PMC11763346_01_diagnostics-15-00144-g005.jpg,undivided,PMC11763346_01,CC BY,62813,Chest X-ray showing diffuse bilateral pulmonary infiltrates (red arrow) predominantly affecting the right lung seven years after prior GPA diagnosis.,[],radiology,x_ray,thorax,thorax,frontal,"['thorax', 'frontal', 'x_ray', 'radiology']","['radiology', 'axial_region', 'torso', 'thorax', 'x_ray', 'body_part']",True
file_0125634,PMC11764210_diagnostics-15-00159-g002_a_1_3.webp,PMC11764210_01_diagnostics-15-00159-g002.jpg,a,PMC11764210_01,CC BY,15895,"Conventional chest radiography of the patient from the presentations in 2008 ,.",[],radiology,x_ray,thorax,thorax,frontal,"['thorax', 'frontal', 'x_ray', 'radiology']","['radiology', 'axial_region', 'torso', 'thorax', 'x_ray', 'body_part']",True
file_0125636,PMC11764210_diagnostics-15-00159-g002_c_3_3.webp,PMC11764210_01_diagnostics-15-00159-g002.jpg,c,PMC11764210_01,CC BY,13377,"2023. showing significant growth over time of the dense opacity caused by the tumor, with massive compression of both lungs and mediastinal shift towards right hemithorax.",[],radiology,x_ray,thorax,thorax,frontal,"['thorax', 'frontal', 'x_ray', 'radiology']",[],True
file_0125645,PMC11764210_diagnostics-15-00159-g006_a_1_2.webp,PMC11764210_01_diagnostics-15-00159-g006.jpg,a,PMC11764210_01,CC BY,30193,"Conventional chest radiography on postoperative day 4 with bilateral pleural drainage, and small left basal pneumothorax still present, as the left lung initially could not re-expand fully.","['Figure 6a,b']",radiology,x_ray,thorax,thorax,frontal,"['thorax', 'frontal', 'x_ray', 'radiology']","['radiology', 'axial_region', 'torso', 'thorax', 'x_ray', 'body_part']",True
file_0125646,PMC11764210_diagnostics-15-00159-g006_b_2_2.webp,PMC11764210_01_diagnostics-15-00159-g006.jpg,b,PMC11764210_01,CC BY,27469,", and at discharge with closed left pleural space by smaller left lung and elevated left hemidiaphragm.","['Figure 6a,b']",radiology,x_ray,thorax,thorax,frontal,"['thorax', 'frontal', 'x_ray', 'radiology']",[],True
file_0125836,PMC11766888_life-15-00123-g001_undivided_1_1.webp,PMC11766888_01_life-15-00123-g001.jpg,undivided,PMC11766888_01,CC BY,110278,Chest XR showing opacification of the entire left pulmonary field with a retractile effect on adjacent structures.,['Figure 1'],radiology,x_ray,thorax,thorax,frontal,"['thorax', 'frontal', 'x_ray', 'radiology']",[],True
file_0125890,PMC11769598_cureus-0017-00000077968-i01_undivided_1_1.webp,PMC11769598_01_cureus-0017-00000077968-i01.jpg,undivided,PMC11769598_01,CC BY,82188,Chest radiograph showing the bilateral diaphragmatic hernia (red arrows).,[],radiology,x_ray,thorax,thorax,frontal,"['thorax', 'frontal', 'x_ray', 'radiology']","['radiology', 'axial_region', 'torso', 'thorax', 'x_ray', 'body_part']",True
file_0125892,PMC11769598_cureus-0017-00000077968-i03_undivided_1_1.webp,PMC11769598_01_cureus-0017-00000077968-i03.jpg,undivided,PMC11769598_01,CC BY,126672,Normal chest radiograph on the seventh day after the surgery.,['Figure 3'],radiology,x_ray,thorax,thorax,frontal,"['thorax', 'frontal', 'x_ray', 'radiology']","['radiology', 'axial_region', 'torso', 'thorax', 'x_ray', 'body_part']",True
file_0125945,PMC11769857_cureus-0017-00000078022-i01_undivided_1_1.webp,PMC11769857_01_cureus-0017-00000078022-i01.jpg,undivided,PMC11769857_01,CC BY,117166,Chest X-ray showing left hemothorax (red arrow).,['Figure 1'],radiology,x_ray,thorax,thorax,frontal,"['thorax', 'frontal', 'x_ray', 'radiology']","['radiology', 'axial_region', 'torso', 'thorax', 'x_ray', 'body_part']",True
file_0125946,PMC11769857_cureus-0017-00000078022-i02_undivided_1_1.webp,PMC11769857_01_cureus-0017-00000078022-i02.jpg,undivided,PMC11769857_01,CC BY,107293,Chest X-ray showing the left chest tube properly placed to evacuate left hemothorax (red arrow).,['Figure 2'],radiology,x_ray,thorax,thorax,frontal,"['thorax', 'frontal', 'x_ray', 'radiology']","['radiology', 'axial_region', 'torso', 'thorax', 'x_ray', 'body_part']",True
file_0126034,PMC11770385_ytaf005f1_A_1_2.webp,PMC11770385_01_ytaf005f1.jpg,a,PMC11770385_01,CC BY,42588,Chest X-ray.,[],radiology,x_ray,thorax,thorax,frontal,"['thorax', 'frontal', 'x_ray', 'radiology']","['radiology', 'axial_region', 'torso', 'thorax', 'x_ray', 'body_part']",True
file_0126168,PMC11772266_fcvm-11-1490735-g001_undivided_1_1.webp,PMC11772266_01_fcvm-11-1490735-g001.jpg,undivided,PMC11772266_01,CC BY,75996,Chest x-ray showing bilateral interstitial opacities consistence with pulmonary congestion.,['Figure 1'],radiology,x_ray,thorax,thorax,frontal,"['thorax', 'frontal', 'x_ray', 'radiology']","['radiology', 'axial_region', 'torso', 'thorax', 'x_ray', 'mass', 'body_part']",True
file_0126207,PMC11773147_gr2_undivided_1_1.webp,PMC11773147_01_gr2.jpg,undivided,PMC11773147_01,CC BY,87439,Frontal chest radiograph demonstrates a left omovertebral bone (green arrow) with scapular pseudo-articulation and left scapular elevation (blue arrow). There is suggestion of a right neck mass (pink arrowhead).,[],radiology,x_ray,thorax,thorax,frontal,"['thorax', 'frontal', 'x_ray', 'radiology']","['radiology', 'axial_region', 'x_ray', 'mass', 'body_part']",True
file_0126513,PMC11782847_gr3_undivided_1_1.webp,PMC11782847_01_gr3.jpg,undivided,PMC11782847_01,CC BY,116924,"Anteroposterior (image B) and lateral (image A) X-rays of the thoracic spine reveal a transpedicular fixation device comprising eight pedicle screws at T5, T6, T8, and T9 levels, along with connectors and four rods. Lateral mass screws were utilized due to the unavailability of pediatric devices.",['Fig. 3'],radiology,x_ray,thorax,thorax,frontal,"['thorax', 'frontal', 'x_ray', 'radiology']","['radiology', 'axial_region', 'torso', 'thorax', 'x_ray', 'mass', 'body_part']",True
file_0126648,PMC11784395_icrm-16-6162-g004_undivided_1_1.webp,PMC11784395_01_icrm-16-6162-g004.jpg,undivided,PMC11784395_01,CC BY,61193,"Gross anatomy of congenitally corrected transposition of the great arteries and ventricular septal defect. The His bundle, advancing from the front of the pulmonary trunk, then continues in the septal part of the morphological left ventricle (MLV) as the left bundle branch and in the septal part of the MRV as the right bundle branch. There are a total of five pacing electrodes: 1:within the right atrial appendage, 2:right bundle branch area pacing, 3:MLV apical, 4:MLV apical (implantable cardioverter-defibrillator), 5:MRV epicardial. Abbreviations: Ao, aorta; AVN, atrioventricular node; IVS, interventricular septum; LA, left atrium; MLV, morphological left ventricle; MRV, morphological right ventricle; MV, mitral valve; PT, pulmonary trunk; RA, right atrium; TV, tricuspid valve; VSD, ventricular septal defect.",['Figure 4'],radiology,x_ray,thorax,thorax,ultrasound_view,"['thorax', 'x_ray', 'radiology']",[],True
file_0126729,PMC11785421_cureus-0017-00000076756-i01_undivided_1_1.webp,PMC11785421_01_cureus-0017-00000076756-i01.jpg,undivided,PMC11785421_01,CC BY,95202,"Chest radiograph following chest tube placement. Emergency department chest radiograph after chest tube placement (red star), showing extensive bilateral lung opacities and a persistent right-sided pneumothorax (yellow star).",['Figure 1'],radiology,x_ray,thorax,thorax,frontal,"['thorax', 'frontal', 'x_ray', 'radiology']","['radiology', 'axial_region', 'torso', 'thorax', 'x_ray', 'mass', 'body_part']",True
file_0126732,PMC11785421_cureus-0017-00000076756-i04_undivided_1_1.webp,PMC11785421_01_cureus-0017-00000076756-i04.jpg,undivided,PMC11785421_01,CC BY,131521,"Chest radiograph during SLV. Chest radiograph showing correct placement of a left-sided double-lumen tube (red arrow). . SLV, single-lung ventilation.",['Figure 4'],radiology,x_ray,thorax,thorax,frontal,"['thorax', 'frontal', 'x_ray', 'radiology']","['radiology', 'axial_region', 'torso', 'thorax', 'x_ray', 'body_part']",True
file_0126733,PMC11785422_cureus-0017-00000076755-i01_undivided_1_1.webp,PMC11785422_01_cureus-0017-00000076755-i01.jpg,undivided,PMC11785422_01,CC BY,94544,Initial chest X-ray. . Black arrows showing bilateral lower lungs infiltrates worse on the right.,[],radiology,x_ray,thorax,thorax,frontal,"['thorax', 'frontal', 'x_ray', 'radiology']","['radiology', 'axial_region', 'torso', 'thorax', 'x_ray', 'body_part']",True
file_0126813,PMC11785593_12328_2024_2060_Fig1_HTML_undivided_1_1.webp,PMC11785593_01_12328_2024_2060_Fig1_HTML.jpg,undivided,PMC11785593_01,CC BY,78299,No foreign bodies were observed upon initial examination of the chest X-ray.,['Fig. 1'],radiology,x_ray,thorax,thorax,frontal,"['thorax', 'frontal', 'x_ray', 'radiology']","['radiology', 'axial_region', 'torso', 'thorax', 'x_ray', 'body_part']",True
file_0126882,PMC11786200_gr1_A_1_2.webp,PMC11786200_02_gr1.jpg,a,PMC11786200_02,CC BY,18003,"Skeletal Survey:. Lateral thoracic, and.","['Fig. 1', 'Fig. 1a']",radiology,x_ray,abdomen,abdomen,frontal,"['abdomen', 'frontal', 'x_ray', 'radiology']",[],True
file_0126883,PMC11786200_gr1_B_2_2.webp,PMC11786200_02_gr1.jpg,b,PMC11786200_02,CC BY,28780,frontal thoracic.,"['Fig. 1b', 'Fig. 1']",radiology,x_ray,thorax,thorax,frontal,"['thorax', 'frontal', 'x_ray', 'radiology']",[],True
file_0126919,PMC11786681_gr1_A_1_3.webp,PMC11786681_01_gr1.jpg,a,PMC11786681_01,CC BY,10866,"Multiplanar views of the splanchnic block procedure at the T11 level. These images show an anterior-posterior view (a), lateral view (b), and lateral view after contrast (c) of the thoracic spine using fluoroscopy. The anatomical target site was identified using fluoroscopy by aligning the superior endplate of T11 and then tilting the C-arm intensifier to position the tip of the T11 transverse process at the anterolateral border of the T11 vertebral body. The C-arm was then tilted upwards to move the 12th rib out of the way. The target was identified over the left lower part of the T11 vertebral body (A). A local anesthetic was administered by creating a skin wheal and inserting a 25-gauge, 1.25-inch needle to reach the hub. A 22-gauge, 100 mm spinal needle was then carefully guided just below the 11th rib.",['Fig. 1'],radiology,x_ray,pelvis,pelvis,frontal,"['pelvis', 'frontal', 'x_ray', 'radiology']","['radiology', 'contrast', 'x_ray', 'body_part', 'standard_view']",True
file_0126920,PMC11786681_gr1_B_2_3.webp,PMC11786681_01_gr1.jpg,b,PMC11786681_01,CC BY,13500,"Multiplanar views of the splanchnic block procedure at the T11 level. These images show an anterior-posterior view (a), lateral view (b), and lateral view after contrast (c) of the thoracic spine using fluoroscopy. The anatomical target site was identified using fluoroscopy by aligning the superior endplate of T11 and then tilting the C-arm intensifier to position the tip of the T11 transverse process at the anterolateral border of the T11 vertebral body. The C-arm was then tilted upwards to move the 12th rib out of the way. The needle was carefully advanced with continuous contact with the vertebral body, and multiple anterior-posterior and lateral fluoroscopy images (B) were taken to ensure the needle remained close to the vertebral body. The needle tip was advanced until it was just in front of the front edge of the T11 body (B).",['Fig. 1'],radiology,x_ray,neck,neck,frontal,"['neck', 'frontal', 'x_ray', 'radiology']","['radiology', 'contrast', 'x_ray', 'body_part', 'standard_view']",True
file_0126921,PMC11786681_gr1_C_3_3.webp,PMC11786681_01_gr1.jpg,c,PMC11786681_01,CC BY,12645,"Multiplanar views of the splanchnic block procedure at the T11 level. These images show an anterior-posterior view (a), lateral view (b), and lateral view after contrast (c) of the thoracic spine using fluoroscopy. The anatomical target site was identified using fluoroscopy by aligning the superior endplate of T11 and then tilting the C-arm intensifier to position the tip of the T11 transverse process at the anterolateral border of the T11 vertebral body. The C-arm was then tilted upwards to move the 12th rib out of the way. After confirming no aspiration, 2 cc of Isovue contrast was injected under live fluoroscopy, which showed excellent spread in the area in front of the vertebral body (C).",['Fig. 1'],radiology,x_ray,lower_limb,foot,frontal,"['foot', 'frontal', 'lower_limb', 'x_ray', 'radiology']","['radiology', 'contrast', 'x_ray', 'body_part', 'standard_view']",True
file_0126928,PMC11786693_gr2_undivided_1_1.webp,PMC11786693_01_gr2.jpg,undivided,PMC11786693_01,CC BY,44963,"chest X-ray (CXR) showing a right pneumothorax, prominent diffuse bilateral interstitial alveolar opacities.",['Fig. 2'],radiology,x_ray,thorax,thorax,frontal,"['thorax', 'frontal', 'x_ray', 'radiology']","['radiology', 'axial_region', 'torso', 'thorax', 'x_ray', 'mass', 'body_part']",True
file_0127049,PMC11787622_cureus-0017-00000076836-i01_undivided_1_1.webp,PMC11787622_01_cureus-0017-00000076836-i01.jpg,undivided,PMC11787622_01,CC BY,82143,Chest X-ray showing pericardial effusion (white arrow) and pleural effusion (red arrow).,['Figure 1'],radiology,x_ray,thorax,thorax,frontal,"['thorax', 'frontal', 'x_ray', 'radiology']","['radiology', 'axial_region', 'torso', 'thorax', 'x_ray', 'body_part']",True
file_0127050,PMC11787622_cureus-0017-00000076836-i02_undivided_1_1.webp,PMC11787622_01_cureus-0017-00000076836-i02.jpg,undivided,PMC11787622_01,CC BY,85121,Chest radiograph with pericardial drain indicated by white arrow.,['Figure 2'],radiology,x_ray,thorax,thorax,oblique,"['thorax', 'oblique', 'x_ray', 'radiology']","['radiology', 'axial_region', 'torso', 'thorax', 'x_ray', 'body_part']",True
file_0127082,PMC11787796_cureus-0017-00000078374-i01_undivided_1_1.webp,PMC11787796_01_cureus-0017-00000078374-i01.jpg,undivided,PMC11787796_01,CC BY,94150,Initial thoracic X-ray showing right lung opacities (black arrow).,[],radiology,x_ray,thorax,thorax,frontal,"['thorax', 'frontal', 'x_ray', 'radiology']","['radiology', 'axial_region', 'torso', 'thorax', 'x_ray', 'mass', 'body_part']",True
file_0127101,PMC11787820_cureus-0017-00000076862-i01_undivided_1_1.webp,PMC11787820_01_cureus-0017-00000076862-i01.jpg,undivided,PMC11787820_01,CC BY,87635,Chest radiography revealing bilateral pleural effusion (arrows).,['Figure 1'],radiology,x_ray,thorax,thorax,frontal,"['thorax', 'frontal', 'x_ray', 'radiology']","['radiology', 'axial_region', 'torso', 'thorax', 'x_ray', 'body_part']",True
file_0127321,PMC11788711_cureus-0017-00000076890-i02_undivided_1_1.webp,PMC11788711_01_cureus-0017-00000076890-i02.jpg,undivided,PMC11788711_01,CC BY,92892,"CXR post VVECMO cannulation. . Multistage access cannula at the cavo-atrial junction (blue arrow) and single-stage return cannula (red arrow) positioned in the mid-right atrium. . CXR, chest X-ray; VVECMO, veno-venous extracorporeal membrane oxygen.",['Figure 2'],radiology,x_ray,thorax,thorax,frontal,"['thorax', 'frontal', 'x_ray', 'radiology']","['radiology', 'axial_region', 'torso', 'thorax', 'x_ray', 'body_part']",True
file_0127323,PMC11788711_cureus-0017-00000076890-i04_undivided_1_1.webp,PMC11788711_01_cureus-0017-00000076890-i04.jpg,undivided,PMC11788711_01,CC BY,122470,"Postoperative AP CXR demonstrating reversed nitinol-coated Y stent (note: position with long left main bronchus projection intentionally deployed to the RMB) with sacrifice of the right upper lobe (RUL), but restoration of right middle lobe (RML) and right lower lobe (RLL) aeration. . AP CXR, anteroposterior chest X-ray; RMB, right main bronchus.",['Figure 4'],radiology,x_ray,thorax,thorax,frontal,"['thorax', 'frontal', 'x_ray', 'radiology']","['radiology', 'axial_region', 'torso', 'thorax', 'x_ray', 'body_part']",True
file_0127500,PMC11790626_fsurg-12-1428776-g003_undivided_1_1.webp,PMC11790626_02_fsurg-12-1428776-g003.jpg,undivided,PMC11790626_02,CC BY,138787,Postoperative chest x-ray showed the catheter tip is located 1.82 cm below tracheal carina and considered the ideal location.,['Figure 3'],radiology,x_ray,thorax,thorax,frontal,"['thorax', 'frontal', 'x_ray', 'radiology']","['radiology', 'axial_region', 'torso', 'thorax', 'x_ray', 'body_part']",True
file_0127642,PMC11793199_cureus-0017-00000076956-i01_undivided_1_1.webp,PMC11793199_01_cureus-0017-00000076956-i01.jpg,undivided,PMC11793199_01,CC BY,95467,Chest X-ray showing a mass-like lung lesion located at the right hilum (arrow).,['Figure 1'],radiology,x_ray,thorax,thorax,frontal,"['thorax', 'frontal', 'x_ray', 'radiology']","['radiology', 'axial_region', 'torso', 'thorax', 'x_ray', 'mass', 'body_part']",True
file_0127773,PMC11794723_43044_2025_614_Fig2_HTML_E_5_6.webp,PMC11794723_01_43044_2025_614_Fig2_HTML.jpg,e,PMC11794723_01,CC BY,33020,E; Preoperative chest x-ray showing plethoric right lung.,[],radiology,x_ray,thorax,thorax,frontal,"['thorax', 'frontal', 'x_ray', 'radiology']","['radiology', 'axial_region', 'torso', 'thorax', 'x_ray', 'body_part']",True
file_0127813,PMC11795237_bcr-18-1-g001_undivided_1_1.webp,PMC11795237_01_bcr-18-1-g001.jpg,undivided,PMC11795237_01,CC BY-NC,84427,Frontal projection chest radiograph showing a linear radiodensity (arrow) in the left lower zone.,['figure 1'],radiology,x_ray,thorax,thorax,frontal,"['thorax', 'frontal', 'x_ray', 'radiology']","['radiology', 'axial_region', 'torso', 'thorax', 'x_ray', 'body_part']",True
file_0127814,PMC11795237_bcr-18-1-g002_undivided_1_1.webp,PMC11795237_01_bcr-18-1-g002.jpg,undivided,PMC11795237_01,CC BY-NC,99555,"Lateral chest X-ray. No radiodensity is seen in the anterior and posterior soft tissues; however, there is questionable linear radiodensity (arrow) anteriorly in the lower chest.",['figure 2'],radiology,x_ray,thorax,thorax,sagittal,"['thorax', 'sagittal', 'x_ray', 'radiology']","['radiology', 'axial_region', 'torso', 'thorax', 'x_ray', 'body_part']",True
file_0127919,PMC11797003_IDR-18-661-g0001_B_2_5.webp,PMC11797003_01_IDR-18-661-g0001.jpg,b,PMC11797003_01,CC BY-NC,28884,"(B) The texture of both lungs was increased, disordered and blurred, and the shadow of upper mediastinum was widened.",['Figure 1B'],radiology,x_ray,thorax,thorax,frontal,"['thorax', 'frontal', 'x_ray', 'radiology']",[],True
file_0127975,PMC11798618_cureus-0017-00000076983-i01_undivided_1_1.webp,PMC11798618_01_cureus-0017-00000076983-i01.jpg,undivided,PMC11798618_01,CC BY,132195,Thoracic X-ray in the postero-anterior (PA) view demonstrating basal pneumothorax.,['Figures 1'],radiology,x_ray,thorax,thorax,frontal,"['thorax', 'frontal', 'x_ray', 'radiology']","['radiology', 'axial_region', 'torso', 'thorax', 'x_ray', 'body_part']",True
file_0127978,PMC11798618_cureus-0017-00000076983-i04_undivided_1_1.webp,PMC11798618_01_cureus-0017-00000076983-i04.jpg,undivided,PMC11798618_01,CC BY,178947,Postoperative chest X-ray of our patient. Postoperative chest X-ray showing normal findings in our patient after surgery.,['Figure 4'],radiology,x_ray,thorax,thorax,frontal,"['thorax', 'frontal', 'x_ray', 'radiology']","['radiology', 'axial_region', 'torso', 'thorax', 'x_ray', 'body_part']",True
file_0128037,PMC11798887_cureus-0017-00000077036-i01_undivided_1_1.webp,PMC11798887_01_cureus-0017-00000077036-i01.jpg,undivided,PMC11798887_01,CC BY,63713,Chest X-Ray. The yellow arrow indicates diffuse bilateral parenchymal airspace opacity concerning Acute Respiratory Distress Syndrome (ARDS) versus pulmonary edema. Stable cardiac and mediastinal contours. Small bibasal pleural effusions. No pneumothorax.,['Figure 1'],radiology,x_ray,thorax,thorax,frontal,"['thorax', 'frontal', 'x_ray', 'radiology']","['radiology', 'axial_region', 'torso', 'thorax', 'x_ray', 'body_part']",True
file_0128104,PMC11799482_42155_2025_521_Fig3_HTML_a_1_2.webp,PMC11799482_01_42155_2025_521_Fig3_HTML.jpg,a,PMC11799482_01,CC BY,60169,Pulmonary angiograms taken before and after large-bore mechanical thrombectomy (a) Pre-thrombectomy angiogram confirming right main and right upper lobe filling defects corresponding to CT pulmonary angiogram findings.,['Fig. 3'],radiology,x_ray,abdomen,abdomen,frontal,"['abdomen', 'frontal', 'x_ray', 'radiology']",[],True
file_0128161,PMC11799689_2433-3298-8-1-0295-g002_A_1_2.webp,PMC11799689_01_2433-3298-8-1-0295-g002.jpg,a,PMC11799689_01,CC BY,49723,Radiography at the admission. . A: Chest radiography revealed lung consolidation. Note that the patient is endotracheally intubated and a nasogastric tube is inserted.,[],radiology,x_ray,thorax,thorax,frontal,"['thorax', 'frontal', 'x_ray', 'radiology']","['radiology', 'axial_region', 'torso', 'thorax', 'x_ray', 'body_part']",True
file_0128206,PMC11799698_cureus-0017-00000077043-i01_undivided_1_1.webp,PMC11799698_01_cureus-0017-00000077043-i01.jpg,undivided,PMC11799698_01,CC BY,68475,Chest X-ray showing bilateral infiltrates on admission.,['Figure 1'],radiology,x_ray,thorax,thorax,frontal,"['thorax', 'frontal', 'x_ray', 'radiology']","['radiology', 'axial_region', 'torso', 'thorax', 'x_ray', 'body_part']",True
file_0128271,PMC11799939_ytaf050f1_undivided_1_1.webp,PMC11799939_01_ytaf050f1.jpg,undivided,PMC11799939_01,CC BY,101153,Initial chest X-ray.,['Figure 1'],radiology,x_ray,thorax,thorax,frontal,"['thorax', 'frontal', 'x_ray', 'radiology']","['radiology', 'axial_region', 'torso', 'thorax', 'x_ray', 'body_part']",True
file_0128610,PMC11804833_cureus-0017-00000077139-i03_undivided_1_1.webp,PMC11804833_01_cureus-0017-00000077139-i03.jpg,undivided,PMC11804833_01,CC BY,131245,"Chest X-ray (PA view). . PA, posteroanterior.",['Figure 3'],radiology,x_ray,thorax,thorax,frontal,"['thorax', 'frontal', 'x_ray', 'radiology']","['radiology', 'axial_region', 'torso', 'thorax', 'frontal', 'posteroanterior', 'x_ray', 'body_part', 'standard_view']",True
file_0128686,PMC11805603_cureus-0017-00000077153-i01_A_1_2.webp,PMC11805603_01_cureus-0017-00000077153-i01.jpg,a,PMC11805603_01,CC BY,24273,"Chest X-rays and CT findings during the acute phase of COVID-19. . Chest X-rays showing no abnormalities during the acute phase of COVID-19,.",['Figure 1'],radiology,x_ray,thorax,thorax,frontal,"['thorax', 'frontal', 'x_ray', 'radiology']",['radiology'],True
file_0128688,PMC11805603_cureus-0017-00000077153-i02_A_1_3.webp,PMC11805603_01_cureus-0017-00000077153-i02.jpg,a,PMC11805603_01,CC BY,16401,Serial changes on chest radiography. . (A) Initial chest X-ray findings in a patient with COVID-19.,[],radiology,x_ray,thorax,thorax,frontal,"['thorax', 'frontal', 'x_ray', 'radiology']","['radiology', 'axial_region', 'torso', 'thorax', 'x_ray', 'body_part']",True
file_0128689,PMC11805603_cureus-0017-00000077153-i02_B_2_3.webp,PMC11805603_01_cureus-0017-00000077153-i02.jpg,b,PMC11805603_01,CC BY,21128,"Serial changes on chest radiography. (B) Five months after COVID-19 infection, bilateral infiltrates developed (arrows).",[],radiology,x_ray,thorax,thorax,frontal,"['thorax', 'frontal', 'x_ray', 'radiology']","['radiology', 'axial_region', 'torso', 'thorax', 'x_ray', 'body_part']",True
file_0128690,PMC11805603_cureus-0017-00000077153-i02_C_3_3.webp,PMC11805603_01_cureus-0017-00000077153-i02.jpg,c,PMC11805603_01,CC BY,20492,"Serial changes on chest radiography. (C) Eight months later, the infiltrates had progressed to involve the entire right lung field with associated pleural effusion (arrows). COVID-19, coronavirus disease 2019.",[],radiology,x_ray,thorax,thorax,frontal,"['thorax', 'frontal', 'x_ray', 'radiology']","['radiology', 'axial_region', 'torso', 'thorax', 'x_ray', 'body_part']",True
file_0128733,PMC11806277_cureus-0017-00000077170-i04_undivided_1_1.webp,PMC11806277_01_cureus-0017-00000077170-i04.jpg,undivided,PMC11806277_01,CC BY,75985,Chest X-ray after five cycles of pembrolizumab.,['Figure 4'],radiology,x_ray,thorax,thorax,frontal,"['thorax', 'frontal', 'x_ray', 'radiology']","['radiology', 'axial_region', 'torso', 'thorax', 'x_ray', 'body_part']",True
file_0128760,PMC11806400_cureus-0017-00000077120-i01_undivided_1_1.webp,PMC11806400_01_cureus-0017-00000077120-i01.jpg,undivided,PMC11806400_01,CC BY,97080,Chest radiograph showing right basilar opacities (yellow arrow).,[],radiology,x_ray,thorax,thorax,frontal,"['thorax', 'frontal', 'x_ray', 'radiology']","['radiology', 'axial_region', 'torso', 'thorax', 'x_ray', 'mass', 'body_part']",True
file_0128772,PMC11806928_cureus-0017-00000077190-i03_undivided_1_1.webp,PMC11806928_01_cureus-0017-00000077190-i03.jpg,undivided,PMC11806928_01,CC BY,109862,Chest X-ray of a patient with poppers-induced methemoglobinemia after intubation showed no acute abnormality.,['Figure 3'],radiology,x_ray,thorax,thorax,frontal,"['thorax', 'frontal', 'x_ray', 'radiology']","['radiology', 'axial_region', 'torso', 'thorax', 'x_ray', 'body_part']",True
file_0128820,PMC11807389_cureus-0017-00000077235-i01_undivided_1_1.webp,PMC11807389_01_cureus-0017-00000077235-i01.jpg,undivided,PMC11807389_01,CC BY,62180,Portable chest X-ray showing atelectatic changes.,['Figure 1'],radiology,x_ray,thorax,thorax,frontal,"['thorax', 'frontal', 'x_ray', 'radiology']","['radiology', 'axial_region', 'torso', 'thorax', 'x_ray', 'body_part']",True
file_0128823,PMC11807395_cureus-0017-00000077239-i02_undivided_1_1.webp,PMC11807395_01_cureus-0017-00000077239-i02.jpg,undivided,PMC11807395_01,CC BY,68925,"Chest X-ray: Unsystematized alveolar infiltrates ( white arrows) are present in the lower two-thirds of the lung fields, exhibiting a bilateral, peripheral, band-like distribution.",['Figure 2'],radiology,x_ray,thorax,thorax,frontal,"['thorax', 'frontal', 'x_ray', 'radiology']","['radiology', 'axial_region', 'torso', 'thorax', 'x_ray', 'body_part']",True
file_0128827,PMC11807395_cureus-0017-00000077239-i05_undivided_1_1.webp,PMC11807395_01_cureus-0017-00000077239-i05.jpg,undivided,PMC11807395_01,CC BY,101258,Chest X-ray: consolidation in the right lower and middle lobes (white arrows) indicative of lobar pneumonia.,['Figure 5'],radiology,x_ray,thorax,thorax,frontal,"['thorax', 'frontal', 'x_ray', 'radiology']","['radiology', 'axial_region', 'torso', 'thorax', 'x_ray', 'body_part']",True
file_0129032,PMC11808804_rjae424f2_undivided_1_1.webp,PMC11808804_01_rjae424f2.jpg,undivided,PMC11808804_01,CC BY,90273,Chest X ray showed pericardial calcification around heart (arrow).,['Fig. 2'],radiology,x_ray,thorax,thorax,frontal,"['thorax', 'frontal', 'x_ray', 'radiology']",[],True
file_0129063,PMC11809243_rjaf047f1_undivided_1_1.webp,PMC11809243_01_rjaf047f1.jpg,undivided,PMC11809243_01,CC BY,263252,Chest X ray image of sarcomatoid cholangiocarcinoma with direct invasion into the diaphragm and lung.,['Fig. 1'],radiology,x_ray,thorax,thorax,frontal,"['thorax', 'frontal', 'x_ray', 'radiology']",[],True
file_0129122,PMC11809608_jmc-16-069-g002_undivided_1_1.webp,PMC11809608_01_jmc-16-069-g002.jpg,undivided,PMC11809608_01,CC BY-NC,81024,The chest X-ray showed a nonspecific pattern of bilateral interstitial infiltrates.,['Fig. 2'],radiology,x_ray,thorax,thorax,frontal,"['thorax', 'frontal', 'x_ray', 'radiology']","['radiology', 'axial_region', 'torso', 'thorax', 'x_ray', 'body_part']",True
file_0129147,PMC11809944_cureus-0017-00000077289-i01_undivided_1_1.webp,PMC11809944_01_cureus-0017-00000077289-i01.jpg,undivided,PMC11809944_01,CC BY,81398,Initial chest X-ray with chest tube on right side (red arrow).,['Figure 1'],radiology,x_ray,thorax,thorax,frontal,"['thorax', 'frontal', 'x_ray', 'radiology']","['radiology', 'axial_region', 'torso', 'thorax', 'x_ray', 'body_part']",True
file_0129148,PMC11809944_cureus-0017-00000077289-i02_undivided_1_1.webp,PMC11809944_01_cureus-0017-00000077289-i02.jpg,undivided,PMC11809944_01,CC BY,137460,Misplaced orogastric tube in right chest cavity marked with blue arrow (chest tube marked with red arrow).,['Figure 2'],radiology,x_ray,thorax,thorax,frontal,"['thorax', 'frontal', 'x_ray', 'radiology']",[],True
file_0129149,PMC11809944_cureus-0017-00000077289-i04_undivided_1_1.webp,PMC11809944_02_cureus-0017-00000077289-i04.jpg,undivided,PMC11809944_02,CC BY,125739,Repeat upper gastrointestinal follow through with no contrast extravasation in chest marked with blue arrow. Contrast in stomach is marked with orange arrow and chest tube is marked with red arrow.,['Figure 4'],radiology,x_ray,thorax,thorax,frontal,"['thorax', 'frontal', 'x_ray', 'radiology']","['radiology', 'axial_region', 'torso', 'body_part']",True
file_0129182,PMC11810148_cureus-0017-00000077294-i01_undivided_1_1.webp,PMC11810148_01_cureus-0017-00000077294-i01.jpg,undivided,PMC11810148_01,CC BY,103602,Chest X-ray on admission showed elevation of the left hemidiaphragm.,['Figure 1'],radiology,x_ray,thorax,thorax,frontal,"['thorax', 'frontal', 'x_ray', 'radiology']","['radiology', 'axial_region', 'torso', 'thorax', 'x_ray', 'body_part']",True
file_0129327,PMC11811732_ytaf041f1_A_1_3.webp,PMC11811732_01_ytaf041f1.jpg,a,PMC11811732_01,CC BY,18642,"Electrocardiogram, echocardiography, and chest X-ray at diagnosis, showing widespread ST-elevation (arrows).",['Figure 1'],radiology,x_ray,thorax,thorax,frontal,"['thorax', 'frontal', 'x_ray', 'radiology']",[],True
file_0129358,PMC11811767_ytaf049f1_undivided_1_1.webp,PMC11811767_01_ytaf049f1.jpg,undivided,PMC11811767_01,CC BY,145912,"Chest X-ray showing right central venous catheter (asterisk), endotracheal tube (star), nasogastric tube (circle) and right lung consolidation (arrow).",['Figure 1'],radiology,x_ray,abdomen,abdomen,frontal,"['abdomen', 'frontal', 'x_ray', 'radiology']",[],True
file_0129428,PMC11812074_jyms-2024-01193f1_right_1_1.webp,PMC11812074_01_jyms-2024-01193f1.jpg,right,PMC11812074_01,CC BY-NC,148426,"Chest radiography shows mild pulmonary edema. R, right; AP, anteroposterior.",['Fig. 1'],radiology,x_ray,thorax,thorax,frontal,"['thorax', 'frontal', 'x_ray', 'radiology']","['radiology', 'axial_region', 'torso', 'thorax', 'x_ray', 'body_part']",True
file_0129574,PMC11813559_btrt-13-34-g001_A_1_3.webp,PMC11813559_01_btrt-13-34-g001.jpg,a,PMC11813559_01,CC BY-NC,23821,"A series of radiological examinations led to a diagnosis of metastatic breast cancer. chest X-ray revealed left upper lower peribronchial nodule,.",['Fig. 1A'],radiology,x_ray,thorax,thorax,frontal,"['thorax', 'frontal', 'x_ray', 'radiology']","['radiology', 'axial_region', 'malignant', 'x_ray', 'mass', 'body_part']",True
file_0129609,PMC11813637_cureus-0017-00000077308-i02_undivided_1_1.webp,PMC11813637_01_cureus-0017-00000077308-i02.jpg,undivided,PMC11813637_01,CC BY,99226,"Plain chest radiograph showing a convex widening of the right mediastinal border (solid arrows), with air-fluid level (open arrows) suggestive of a grossly dilated esophagus, and absent gastric bubble (*).",[],radiology,x_ray,thorax,thorax,frontal,"['thorax', 'frontal', 'x_ray', 'radiology']","['radiology', 'axial_region', 'torso', 'x_ray', 'body_part']",True
file_0129919,PMC11821417_fped-12-1428402-g003_undivided_1_1.webp,PMC11821417_01_fped-12-1428402-g003.jpg,undivided,PMC11821417_01,CC BY,64088,Chest x-ray findings on 21st of onset.,['Figure 3'],radiology,x_ray,thorax,thorax,frontal,"['thorax', 'frontal', 'x_ray', 'radiology']","['radiology', 'axial_region', 'torso', 'thorax', 'x_ray', 'body_part']",True
file_0129920,PMC11821417_fped-12-1428402-g007_undivided_1_1.webp,PMC11821417_01_fped-12-1428402-g007.jpg,undivided,PMC11821417_01,CC BY,67416,Chest x-ray findings six months into the course of the illness.,['Figure 7'],radiology,x_ray,thorax,thorax,frontal,"['thorax', 'frontal', 'x_ray', 'radiology']","['radiology', 'axial_region', 'torso', 'thorax', 'x_ray', 'body_part']",True
file_0129964,PMC11821501_fmed-12-1520644-g001_undivided_1_1.webp,PMC11821501_01_fmed-12-1520644-g001.jpg,undivided,PMC11821501_01,CC BY,59031,Chest X-ray done at the beginning of IVF treatment.,['Figure 1'],radiology,x_ray,thorax,thorax,frontal,"['thorax', 'frontal', 'x_ray', 'radiology']","['radiology', 'axial_region', 'torso', 'thorax', 'x_ray', 'body_part']",True
file_0130016,PMC11822283_jksr-86-180-g001_A_1_6.webp,PMC11822283_01_jksr-86-180-g001.jpg,a,PMC11822283_01,CC BY-NC,15913,"Controlling neoplastic hemorrhage from locally advanced breast cancer through transarterial embolization in a 54-year-old female. . A. Axial contrast-enhanced CT scan demonstrates a significant, 12 cm infiltrative mass within the left breast, accompanied by prominent branches of the left internal thoracic artery and left subclavian arteries adjacent to the mass (white arrows). Small calcifications are present within the mass (black arrow).",['Fig. 1A'],radiology,x_ray,abdomen,abdomen,oblique,"['abdomen', 'oblique', 'x_ray', 'radiology']",[],True
file_0130020,PMC11822283_jksr-86-180-g001_E_5_6.webp,PMC11822283_01_jksr-86-180-g001.jpg,e,PMC11822283_01,CC BY-NC,21142,"Controlling neoplastic hemorrhage from locally advanced breast cancer through transarterial embolization in a 54-year-old female. . E, F. Selective angiograms of the pectoral branch of the thoracoacromial and lateral thoracic arteries in the right anterior oblique projection (30 ) show a hypervascular tumor blush in the left breast cancer (arrows). Embolization was performed with polyvinyl alcohol particles (350-500 microm).","['Fig. 1E, F']",radiology,x_ray,head,head,oblique,"['head', 'oblique', 'x_ray', 'radiology']","['radiology', 'axial_region', 'oblique', 'mass', 'angiography', 'body_part', 'standard_view']",True
file_0130021,PMC11822283_jksr-86-180-g001_F_6_6.webp,PMC11822283_01_jksr-86-180-g001.jpg,f,PMC11822283_01,CC BY-NC,21652,"Controlling neoplastic hemorrhage from locally advanced breast cancer through transarterial embolization in a 54-year-old female. . E, F. Selective angiograms of the pectoral branch of the thoracoacromial and lateral thoracic arteries in the right anterior oblique projection (30 ) show a hypervascular tumor blush in the left breast cancer (arrows). Embolization was performed with polyvinyl alcohol particles (350-500 microm).","['Fig. 1E, F']",radiology,x_ray,upper_limb,hand,oblique,"['oblique', 'hand', 'upper_limb', 'x_ray', 'radiology']","['radiology', 'axial_region', 'oblique', 'mass', 'angiography', 'body_part', 'standard_view']",True
file_0130049,PMC11823278_cureus-0017-00000077419-i02_undivided_1_1.webp,PMC11823278_01_cureus-0017-00000077419-i02.jpg,undivided,PMC11823278_01,CC BY,97438,Contrast-enhanced pulmonary angiogram showing thrombus as multiple filling defects in both pulmonary arteries.,['Figure 2'],radiology,x_ray,abdomen,abdomen,frontal,"['abdomen', 'frontal', 'x_ray', 'radiology']","['radiology', 'contrast', 'angiography']",True
file_0130050,PMC11823278_cureus-0017-00000077419-i03_A_1_3.webp,PMC11823278_01_cureus-0017-00000077419-i03.jpg,a,PMC11823278_01,CC BY,17694,Angiogram showing. thrombus aspiration in the left pulmonary artery.,"['Figure 3', 'Figure 3A']",radiology,x_ray,thorax,thorax,frontal,"['thorax', 'frontal', 'x_ray', 'radiology']","['radiology', 'angiography']",True
file_0130051,PMC11823278_cureus-0017-00000077419-i03_B_2_3.webp,PMC11823278_01_cureus-0017-00000077419-i03.jpg,b,PMC11823278_01,CC BY,16206,"thrombus aspiration in the right pulmonary artery, and.","['Figure 3', 'tery (Figure 3B']",radiology,x_ray,thorax,thorax,frontal,"['thorax', 'frontal', 'x_ray', 'radiology']",[],True
file_0130206,PMC11823880_JOCR-15-131-g002_undivided_1_1.webp,PMC11823880_01_JOCR-15-131-g002.jpg,undivided,PMC11823880_01,CC BY-NC-SA,71353,Calcified granuloma of the right lung base.,['Fig. 2'],radiology,x_ray,thorax,thorax,frontal,"['thorax', 'frontal', 'x_ray', 'radiology']",[],True
file_0130345,PMC11826100_cureus-0017-00000077453-i01_undivided_1_1.webp,PMC11826100_01_cureus-0017-00000077453-i01.jpg,undivided,PMC11826100_01,CC BY,78364,CXR post shoulder reduction. . The arrow shows the rounded well-defined mass at the apical left hemithorax. . CXR: chest radiograph.,['Figure 1'],radiology,x_ray,thorax,thorax,frontal,"['thorax', 'frontal', 'x_ray', 'radiology']","['radiology', 'x_ray', 'mass', 'body_part']",True
file_0130352,PMC11826101_cureus-0017-00000077443-i03_undivided_1_1.webp,PMC11826101_01_cureus-0017-00000077443-i03.jpg,undivided,PMC11826101_01,CC BY,27366,Chest X-ray taken on admission. Arrow indicates the finding suggestive of right middle lobe consolidation.,['Figures 1'],radiology,x_ray,thorax,thorax,frontal,"['thorax', 'frontal', 'x_ray', 'radiology']","['radiology', 'axial_region', 'torso', 'thorax', 'x_ray', 'body_part']",True
file_0130401,PMC11827285_cureus-0017-00000077469-i01_undivided_1_1.webp,PMC11827285_01_cureus-0017-00000077469-i01.jpg,undivided,PMC11827285_01,CC BY,89675,Chest X-ray taken four days before transfer to our pediatric intensive care unit. . Chest X-ray revealed lobar pneumonia (arrowhead).,['Figure 1'],radiology,x_ray,thorax,thorax,frontal,"['thorax', 'frontal', 'x_ray', 'radiology']","['radiology', 'axial_region', 'torso', 'thorax', 'x_ray', 'body_part']",True
file_0130408,PMC11827285_cureus-0017-00000077469-i05_undivided_1_1.webp,PMC11827285_01_cureus-0017-00000077469-i05.jpg,undivided,PMC11827285_01,CC BY,94401,Chest X-ray at hospital discharge. . Chest X-ray showed improved consolidation in the left lobe (arrowhead).,['Figure 5'],radiology,x_ray,thorax,thorax,frontal,"['thorax', 'frontal', 'x_ray', 'radiology']","['radiology', 'axial_region', 'torso', 'x_ray', 'body_part']",True
file_0130451,PMC11827712_cureus-0017-00000077481-i02_undivided_1_1.webp,PMC11827712_01_cureus-0017-00000077481-i02.jpg,undivided,PMC11827712_01,CC BY,110075,Initial chest X-ray showing cardiomegaly with increased overall dimensions of the heart.,['Figure 2'],radiology,x_ray,thorax,thorax,frontal,"['thorax', 'frontal', 'x_ray', 'radiology']","['radiology', 'axial_region', 'torso', 'thorax', 'x_ray', 'body_part']",True
file_0130534,PMC11828711_cureus-0017-00000077507-i03_undivided_1_1.webp,PMC11828711_01_cureus-0017-00000077507-i03.jpg,undivided,PMC11828711_01,CC BY,55667,Anteroposterior and lateral chest X-ray images of the chest following drainage of the pleural effusion with persistent left lung atelectasis and large ex vacuo pneumothorax.,['Figure 3'],radiology,x_ray,thorax,thorax,frontal,"['thorax', 'frontal', 'x_ray', 'radiology']","['radiology', 'axial_region', 'torso', 'thorax', 'x_ray', 'body_part']",True
file_0130535,PMC11828711_cureus-0017-00000077507-i04_undivided_1_1.webp,PMC11828711_01_cureus-0017-00000077507-i04.jpg,undivided,PMC11828711_01,CC BY,54294,Anteroposterior and lateral chest X-ray four months after initiating treatment with improved aeration of the left lower lobe and lingula. Persistent atelectasis of the left upper lobe is noted.,['Figure 4'],radiology,x_ray,thorax,thorax,frontal,"['thorax', 'frontal', 'x_ray', 'radiology']","['radiology', 'axial_region', 'torso', 'thorax', 'x_ray', 'body_part']",True
file_0130579,PMC11829316_cureus-0017-00000077532-i02_undivided_1_1.webp,PMC11829316_01_cureus-0017-00000077532-i02.jpg,undivided,PMC11829316_01,CC BY,80852,Chest X-ray (posterior-anterior). Diaphragmatic elevation is evident (red arrows).,[],radiology,x_ray,thorax,thorax,frontal,"['thorax', 'frontal', 'x_ray', 'radiology']","['radiology', 'axial_region', 'torso', 'thorax', 'frontal', 'posteroanterior', 'x_ray', 'body_part', 'standard_view']",True
file_0130630,PMC11829680_SJA-19-92-g001_undivided_1_1.webp,PMC11829680_01_SJA-19-92-g001.jpg,undivided,PMC11829680_01,CC BY-NC-SA,38438,Chest X-ray demonstrating aspiration-consistent infiltrates in the middle and lower zones of both lungs.,['Figure 1'],radiology,x_ray,thorax,thorax,frontal,"['thorax', 'frontal', 'x_ray', 'radiology']","['radiology', 'axial_region', 'torso', 'thorax', 'x_ray', 'body_part']",True
file_0130631,PMC11829680_SJA-19-92-g003_a_1_2.webp,PMC11829680_01_SJA-19-92-g003.jpg,a,PMC11829680_01,CC BY-NC-SA,17975,"Chest radiography on days 2 and 4 showed clearance of infiltrates (a and b, respectively).",['Figure 3'],radiology,x_ray,thorax,thorax,frontal,"['thorax', 'frontal', 'x_ray', 'radiology']","['radiology', 'axial_region', 'torso', 'thorax', 'x_ray', 'body_part']",True
file_0130632,PMC11829680_SJA-19-92-g003_b_2_2.webp,PMC11829680_01_SJA-19-92-g003.jpg,b,PMC11829680_01,CC BY-NC-SA,19332,"Chest radiography on days 2 and 4 showed clearance of infiltrates (a and b, respectively).",['Figure 3'],radiology,x_ray,thorax,thorax,frontal,"['thorax', 'frontal', 'x_ray', 'radiology']","['radiology', 'axial_region', 'torso', 'thorax', 'x_ray', 'body_part']",True
file_0130646,PMC11829714_cureus-0017-00000077543-i02_undivided_1_1.webp,PMC11829714_01_cureus-0017-00000077543-i02.jpg,undivided,PMC11829714_01,CC BY,104404,Selective pulmonary angiography showing occlusion of the right upper lobar branch (red circle).,['Figure 2'],radiology,x_ray,thorax,thorax,frontal,"['thorax', 'frontal', 'x_ray', 'radiology']","['radiology', 'angiography']",True
file_0130647,PMC11829714_cureus-0017-00000077543-i03_undivided_1_1.webp,PMC11829714_01_cureus-0017-00000077543-i03.jpg,undivided,PMC11829714_01,CC BY,92535,Pulmonary angiography: percutaneous thrombectomy with the assistance of a thrombus separator (red arrow).,[],radiology,x_ray,thorax,thorax,oblique,"['thorax', 'oblique', 'x_ray', 'radiology']","['radiology', 'angiography']",True
file_0130648,PMC11829714_cureus-0017-00000077543-i04_undivided_1_1.webp,PMC11829714_01_cureus-0017-00000077543-i04.jpg,undivided,PMC11829714_01,CC BY,125885,Pulmonary angiography: result showing reperfusion of the treated segment (albeit with residual thrombus).,[],radiology,x_ray,thorax,thorax,frontal,"['thorax', 'frontal', 'x_ray', 'radiology']","['radiology', 'angiography']",True
file_0130652,PMC11829737_cureus-0017-00000077548-i01_undivided_1_1.webp,PMC11829737_01_cureus-0017-00000077548-i01.jpg,undivided,PMC11829737_01,CC BY,96568,Barium swallow. Voluminous left parahiatal hernia. The entire gastric fundus is herniated in the thoracic cavity (black arrow).,['Figure 1'],radiology,x_ray,abdomen,abdomen,frontal,"['abdomen', 'frontal', 'x_ray', 'radiology']","['radiology', 'axial_region', 'torso', 'contrast', 'body_part']",True
file_0130740,PMC11830256_gr3_undivided_1_1.webp,PMC11830256_01_gr3.jpg,undivided,PMC11830256_01,CC BY,155079,Deployment of the PulseSelect Catheter. The PulseSelect catheter is deployed in the region of the left superior pulmonary vein. Left anterior oblique 30. view.,[],radiology,x_ray,thorax,thorax,oblique,"['thorax', 'oblique', 'x_ray', 'radiology']","['radiology', 'oblique', 'standard_view']",True
file_0130741,PMC11830256_gr4_undivided_1_1.webp,PMC11830256_01_gr4.jpg,undivided,PMC11830256_01,CC BY,145183,Position of the PulseSelect Catheter During Application. Position of the PulseSelect catheter during the application of pulsed field ablation in the left superior pulmonary vein. This position resulted in the occurrence of laryngospasm. Left anterior oblique 30. view.,['Figure 4'],radiology,x_ray,thorax,thorax,oblique,"['thorax', 'oblique', 'x_ray', 'radiology']","['radiology', 'oblique', 'standard_view']",True
